[17:07:53.779] [info] [t:78] Mounting on /tmp/dfs_test_mounts/client_1/
[17:07:53.842] [trace] [t:96] Received completion queue callback
[17:07:53.842] [trace] [t:96] Handling async callback 
[17:07:53.843] [trace] [t:96] Calling InitCallbackList
[17:07:53.845] [trace] [t:96] Received completion queue callback
[17:07:53.845] [trace] [t:96] Handling async callback 
[17:07:53.845] [trace] [t:96] Calling InitCallbackList
[17:07:53.846] [trace] [t:96] Received completion queue callback
[17:07:53.846] [trace] [t:96] Handling async callback 
[17:07:53.846] [trace] [t:96] Calling InitCallbackList
[17:07:53.847] [trace] [t:96] Received completion queue callback
[17:07:53.847] [trace] [t:96] Handling async callback 
[17:07:53.847] [trace] [t:96] Calling InitCallbackList
[17:07:53.848] [trace] [t:96] Received completion queue callback
[17:07:53.848] [trace] [t:96] Handling async callback 
[17:07:53.848] [trace] [t:96] Calling InitCallbackList
[17:07:53.850] [trace] [t:96] Received completion queue callback
[17:07:53.850] [trace] [t:96] Handling async callback 
[17:07:53.850] [trace] [t:96] Calling InitCallbackList
[17:07:53.851] [trace] [t:96] Received completion queue callback
[17:07:53.851] [trace] [t:96] Handling async callback 
[17:07:53.851] [trace] [t:96] Calling InitCallbackList
[17:07:53.852] [trace] [t:96] Received completion queue callback
[17:07:53.852] [trace] [t:96] Handling async callback 
[17:07:53.852] [trace] [t:96] Calling InitCallbackList
[17:07:53.853] [trace] [t:96] Received completion queue callback
[17:07:53.853] [trace] [t:96] Handling async callback 
[17:07:53.853] [trace] [t:96] Calling InitCallbackList
[17:07:53.855] [trace] [t:96] Received completion queue callback
[17:07:53.855] [trace] [t:96] Handling async callback 
[17:07:53.855] [trace] [t:96] Calling InitCallbackList
[17:07:53.855] [trace] [t:96] Received completion queue callback
[17:07:53.855] [trace] [t:96] Handling async callback 
[17:07:53.855] [trace] [t:96] Calling InitCallbackList
[17:07:53.856] [trace] [t:96] Received completion queue callback
[17:07:53.856] [trace] [t:96] Handling async callback 
[17:07:53.856] [trace] [t:96] Calling InitCallbackList
[17:07:53.858] [trace] [t:96] Received completion queue callback
[17:07:53.858] [trace] [t:96] Handling async callback 
[17:07:53.858] [trace] [t:96] Calling InitCallbackList
[17:07:53.858] [trace] [t:96] Received completion queue callback
[17:07:53.858] [trace] [t:96] Handling async callback 
[17:07:53.858] [trace] [t:96] Calling InitCallbackList
[17:07:53.860] [trace] [t:96] Received completion queue callback
[17:07:53.860] [trace] [t:96] Handling async callback 
[17:07:53.860] [trace] [t:96] Calling InitCallbackList
[17:07:53.860] [trace] [t:96] Received completion queue callback
[17:07:53.860] [trace] [t:96] Handling async callback 
[17:07:53.860] [trace] [t:96] Calling InitCallbackList
[17:07:53.861] [trace] [t:96] Received completion queue callback
[17:07:53.861] [trace] [t:96] Handling async callback 
[17:07:53.861] [trace] [t:96] Calling InitCallbackList
[17:07:53.862] [trace] [t:96] Received completion queue callback
[17:07:53.863] [trace] [t:96] Handling async callback 
[17:07:53.863] [trace] [t:96] Calling InitCallbackList
[17:07:53.864] [trace] [t:96] Received completion queue callback
[17:07:53.864] [trace] [t:96] Handling async callback 
[17:07:53.864] [trace] [t:96] Calling InitCallbackList
[17:07:53.865] [trace] [t:96] Received completion queue callback
[17:07:53.865] [trace] [t:96] Handling async callback 
[17:07:53.865] [trace] [t:96] Calling InitCallbackList
[17:07:53.866] [trace] [t:96] Received completion queue callback
[17:07:53.866] [trace] [t:96] Handling async callback 
[17:07:53.866] [trace] [t:96] Calling InitCallbackList
[17:07:53.867] [trace] [t:96] Received completion queue callback
[17:07:53.867] [trace] [t:96] Handling async callback 
[17:07:53.867] [trace] [t:96] Calling InitCallbackList
[17:07:53.868] [trace] [t:96] Received completion queue callback
[17:07:53.868] [trace] [t:96] Handling async callback 
[17:07:53.868] [trace] [t:96] Calling InitCallbackList
[17:07:53.869] [trace] [t:96] Received completion queue callback
[17:07:53.869] [trace] [t:96] Handling async callback 
[17:07:53.869] [trace] [t:96] Calling InitCallbackList
[17:07:53.870] [trace] [t:96] Received completion queue callback
[17:07:53.870] [trace] [t:96] Handling async callback 
[17:07:53.870] [trace] [t:96] Calling InitCallbackList
[17:07:53.871] [trace] [t:96] Received completion queue callback
[17:07:53.871] [trace] [t:96] Handling async callback 
[17:07:53.871] [trace] [t:96] Calling InitCallbackList
[17:07:53.872] [trace] [t:96] Received completion queue callback
[17:07:53.872] [trace] [t:96] Handling async callback 
[17:07:53.872] [trace] [t:96] Calling InitCallbackList
[17:07:53.873] [trace] [t:96] Received completion queue callback
[17:07:53.873] [trace] [t:96] Handling async callback 
[17:07:53.873] [trace] [t:96] Calling InitCallbackList
[17:07:53.875] [trace] [t:96] Received completion queue callback
[17:07:53.875] [trace] [t:96] Handling async callback 
[17:07:53.875] [trace] [t:96] Calling InitCallbackList
[17:07:53.875] [trace] [t:96] Received completion queue callback
[17:07:53.875] [trace] [t:96] Handling async callback 
[17:07:53.875] [trace] [t:96] Calling InitCallbackList
[17:07:53.876] [trace] [t:96] Received completion queue callback
[17:07:53.876] [trace] [t:96] Handling async callback 
[17:07:53.876] [trace] [t:96] Calling InitCallbackList
[17:07:53.877] [trace] [t:96] Received completion queue callback
[17:07:53.877] [trace] [t:96] Handling async callback 
[17:07:53.877] [trace] [t:96] Calling InitCallbackList
[17:07:53.878] [trace] [t:96] Received completion queue callback
[17:07:53.878] [trace] [t:96] Handling async callback 
[17:07:53.878] [trace] [t:96] Calling InitCallbackList
[17:07:53.879] [trace] [t:96] Received completion queue callback
[17:07:53.879] [trace] [t:96] Handling async callback 
[17:07:53.879] [trace] [t:96] Calling InitCallbackList
[17:07:53.880] [trace] [t:96] Received completion queue callback
[17:07:53.880] [trace] [t:96] Handling async callback 
[17:07:53.880] [trace] [t:96] Calling InitCallbackList
[17:07:53.880] [trace] [t:96] Received completion queue callback
[17:07:53.880] [trace] [t:96] Handling async callback 
[17:07:53.880] [trace] [t:96] Calling InitCallbackList
[17:07:53.881] [trace] [t:96] Received completion queue callback
[17:07:53.881] [trace] [t:96] Handling async callback 
[17:07:53.881] [trace] [t:96] Calling InitCallbackList
[17:07:53.882] [trace] [t:96] Received completion queue callback
[17:07:53.882] [trace] [t:96] Handling async callback 
[17:07:53.882] [trace] [t:96] Calling InitCallbackList
[17:07:53.883] [trace] [t:96] Received completion queue callback
[17:07:53.883] [trace] [t:96] Handling async callback 
[17:07:53.883] [trace] [t:96] Calling InitCallbackList
[17:07:53.884] [trace] [t:96] Received completion queue callback
[17:07:53.884] [trace] [t:96] Handling async callback 
[17:07:53.884] [trace] [t:96] Calling InitCallbackList
[17:07:53.884] [trace] [t:96] Received completion queue callback
[17:07:53.884] [trace] [t:96] Handling async callback 
[17:07:53.884] [trace] [t:96] Calling InitCallbackList
[17:07:53.885] [trace] [t:96] Received completion queue callback
[17:07:53.885] [trace] [t:96] Handling async callback 
[17:07:53.885] [trace] [t:96] Calling InitCallbackList
[17:07:53.887] [trace] [t:96] Received completion queue callback
[17:07:53.887] [trace] [t:96] Handling async callback 
[17:07:53.887] [trace] [t:96] Calling InitCallbackList
[17:07:53.888] [trace] [t:96] Received completion queue callback
[17:07:53.888] [trace] [t:96] Handling async callback 
[17:07:53.888] [trace] [t:96] Calling InitCallbackList
[17:07:53.889] [trace] [t:96] Received completion queue callback
[17:07:53.889] [trace] [t:96] Handling async callback 
[17:07:53.889] [trace] [t:96] Calling InitCallbackList
[17:07:53.890] [trace] [t:96] Received completion queue callback
[17:07:53.890] [trace] [t:96] Handling async callback 
[17:07:53.890] [trace] [t:96] Calling InitCallbackList
[17:07:53.892] [trace] [t:96] Received completion queue callback
[17:07:53.892] [trace] [t:96] Handling async callback 
[17:07:53.892] [trace] [t:96] Calling InitCallbackList
[17:07:53.893] [trace] [t:96] Received completion queue callback
[17:07:53.893] [trace] [t:96] Handling async callback 
[17:07:53.893] [trace] [t:96] Calling InitCallbackList
[17:07:53.894] [trace] [t:96] Received completion queue callback
[17:07:53.894] [trace] [t:96] Handling async callback 
[17:07:53.894] [trace] [t:96] Calling InitCallbackList
[17:07:53.895] [trace] [t:96] Received completion queue callback
[17:07:53.895] [trace] [t:96] Handling async callback 
[17:07:53.895] [trace] [t:96] Calling InitCallbackList
[17:07:53.896] [trace] [t:96] Received completion queue callback
[17:07:53.896] [trace] [t:96] Handling async callback 
[17:07:53.896] [trace] [t:96] Calling InitCallbackList
[17:07:53.897] [trace] [t:96] Received completion queue callback
[17:07:53.897] [trace] [t:96] Handling async callback 
[17:07:53.897] [trace] [t:96] Calling InitCallbackList
[17:07:53.898] [trace] [t:96] Received completion queue callback
[17:07:53.898] [trace] [t:96] Handling async callback 
[17:07:53.898] [trace] [t:96] Calling InitCallbackList
[17:07:53.899] [trace] [t:96] Received completion queue callback
[17:07:53.899] [trace] [t:96] Handling async callback 
[17:07:53.899] [trace] [t:96] Calling InitCallbackList
[17:07:53.901] [trace] [t:96] Received completion queue callback
[17:07:53.901] [trace] [t:96] Handling async callback 
[17:07:53.901] [trace] [t:96] Calling InitCallbackList
[17:07:53.902] [trace] [t:96] Received completion queue callback
[17:07:53.902] [trace] [t:96] Handling async callback 
[17:07:53.902] [trace] [t:96] Calling InitCallbackList
[17:07:53.903] [trace] [t:96] Received completion queue callback
[17:07:53.903] [trace] [t:96] Handling async callback 
[17:07:53.903] [trace] [t:96] Calling InitCallbackList
[17:07:53.903] [trace] [t:96] Received completion queue callback
[17:07:53.903] [trace] [t:96] Handling async callback 
[17:07:53.903] [trace] [t:96] Calling InitCallbackList
[17:07:53.904] [trace] [t:96] Received completion queue callback
[17:07:53.904] [trace] [t:96] Handling async callback 
[17:07:53.904] [trace] [t:96] Calling InitCallbackList
[17:07:53.905] [trace] [t:96] Received completion queue callback
[17:07:53.905] [trace] [t:96] Handling async callback 
[17:07:53.905] [trace] [t:96] Calling InitCallbackList
[17:07:53.906] [trace] [t:96] Received completion queue callback
[17:07:53.906] [trace] [t:96] Handling async callback 
[17:07:53.906] [trace] [t:96] Calling InitCallbackList
[17:07:53.907] [trace] [t:96] Received completion queue callback
[17:07:53.907] [trace] [t:96] Handling async callback 
[17:07:53.907] [trace] [t:96] Calling InitCallbackList
[17:07:53.908] [trace] [t:96] Received completion queue callback
[17:07:53.908] [trace] [t:96] Handling async callback 
[17:07:53.908] [trace] [t:96] Calling InitCallbackList
[17:07:53.909] [trace] [t:96] Received completion queue callback
[17:07:53.909] [trace] [t:96] Handling async callback 
[17:07:53.909] [trace] [t:96] Calling InitCallbackList
[17:07:53.909] [trace] [t:96] Received completion queue callback
[17:07:53.909] [trace] [t:96] Handling async callback 
[17:07:53.909] [trace] [t:96] Calling InitCallbackList
[17:07:53.911] [trace] [t:96] Received completion queue callback
[17:07:53.911] [trace] [t:96] Handling async callback 
[17:07:53.911] [trace] [t:96] Calling InitCallbackList
[17:07:53.912] [trace] [t:96] Received completion queue callback
[17:07:53.912] [trace] [t:96] Handling async callback 
[17:07:53.912] [trace] [t:96] Calling InitCallbackList
[17:07:53.914] [trace] [t:96] Received completion queue callback
[17:07:53.914] [trace] [t:96] Handling async callback 
[17:07:53.914] [trace] [t:96] Calling InitCallbackList
[17:07:53.915] [trace] [t:96] Received completion queue callback
[17:07:53.915] [trace] [t:96] Handling async callback 
[17:07:53.915] [trace] [t:96] Calling InitCallbackList
[17:07:53.915] [trace] [t:96] Received completion queue callback
[17:07:53.915] [trace] [t:96] Handling async callback 
[17:07:53.915] [trace] [t:96] Calling InitCallbackList
[17:07:53.917] [trace] [t:96] Received completion queue callback
[17:07:53.917] [trace] [t:96] Handling async callback 
[17:07:53.917] [trace] [t:96] Calling InitCallbackList
[17:07:53.918] [trace] [t:96] Received completion queue callback
[17:07:53.918] [trace] [t:96] Handling async callback 
[17:07:53.918] [trace] [t:96] Calling InitCallbackList
[17:07:53.919] [trace] [t:96] Received completion queue callback
[17:07:53.919] [trace] [t:96] Handling async callback 
[17:07:53.919] [trace] [t:96] Calling InitCallbackList
[17:07:53.920] [trace] [t:96] Received completion queue callback
[17:07:53.920] [trace] [t:96] Handling async callback 
[17:07:53.920] [trace] [t:96] Calling InitCallbackList
[17:07:53.921] [trace] [t:96] Received completion queue callback
[17:07:53.921] [trace] [t:96] Handling async callback 
[17:07:53.921] [trace] [t:96] Calling InitCallbackList
[17:07:53.921] [trace] [t:96] Received completion queue callback
[17:07:53.921] [trace] [t:96] Handling async callback 
[17:07:53.921] [trace] [t:96] Calling InitCallbackList
[17:07:53.922] [trace] [t:96] Received completion queue callback
[17:07:53.922] [trace] [t:96] Handling async callback 
[17:07:53.922] [trace] [t:96] Calling InitCallbackList
[17:07:53.923] [trace] [t:96] Received completion queue callback
[17:07:53.923] [trace] [t:96] Handling async callback 
[17:07:53.923] [trace] [t:96] Calling InitCallbackList
[17:07:53.924] [trace] [t:96] Received completion queue callback
[17:07:53.924] [trace] [t:96] Handling async callback 
[17:07:53.924] [trace] [t:96] Calling InitCallbackList
[17:07:53.924] [trace] [t:96] Received completion queue callback
[17:07:53.924] [trace] [t:96] Handling async callback 
[17:07:53.924] [trace] [t:96] Calling InitCallbackList
[17:07:53.925] [trace] [t:96] Received completion queue callback
[17:07:53.925] [trace] [t:96] Handling async callback 
[17:07:53.925] [trace] [t:96] Calling InitCallbackList
[17:07:53.926] [trace] [t:96] Received completion queue callback
[17:07:53.926] [trace] [t:96] Handling async callback 
[17:07:53.926] [trace] [t:96] Calling InitCallbackList
[17:07:53.927] [trace] [t:96] Received completion queue callback
[17:07:53.927] [trace] [t:96] Handling async callback 
[17:07:53.927] [trace] [t:96] Calling InitCallbackList
[17:07:53.928] [trace] [t:96] Received completion queue callback
[17:07:53.928] [trace] [t:96] Handling async callback 
[17:07:53.928] [trace] [t:96] Calling InitCallbackList
[17:07:53.929] [trace] [t:96] Received completion queue callback
[17:07:53.929] [trace] [t:96] Handling async callback 
[17:07:53.929] [trace] [t:96] Calling InitCallbackList
[17:07:53.930] [trace] [t:96] Received completion queue callback
[17:07:53.930] [trace] [t:96] Handling async callback 
[17:07:53.930] [trace] [t:96] Calling InitCallbackList
[17:07:53.931] [trace] [t:96] Received completion queue callback
[17:07:53.931] [trace] [t:96] Handling async callback 
[17:07:53.931] [trace] [t:96] Calling InitCallbackList
[17:07:53.932] [trace] [t:96] Received completion queue callback
[17:07:53.932] [trace] [t:96] Handling async callback 
[17:07:53.932] [trace] [t:96] Calling InitCallbackList
[17:07:53.932] [trace] [t:96] Received completion queue callback
[17:07:53.932] [trace] [t:96] Handling async callback 
[17:07:53.932] [trace] [t:96] Calling InitCallbackList
[17:07:53.933] [trace] [t:96] Received completion queue callback
[17:07:53.933] [trace] [t:96] Handling async callback 
[17:07:53.933] [trace] [t:96] Calling InitCallbackList
[17:07:53.934] [trace] [t:96] Received completion queue callback
[17:07:53.934] [trace] [t:96] Handling async callback 
[17:07:53.934] [trace] [t:96] Calling InitCallbackList
[17:07:53.935] [trace] [t:96] Received completion queue callback
[17:07:53.935] [trace] [t:96] Handling async callback 
[17:07:53.935] [trace] [t:96] Calling InitCallbackList
[17:07:53.936] [trace] [t:96] Received completion queue callback
[17:07:53.936] [trace] [t:96] Handling async callback 
[17:07:53.936] [trace] [t:96] Calling InitCallbackList
[17:07:53.937] [trace] [t:96] Received completion queue callback
[17:07:53.937] [trace] [t:96] Handling async callback 
[17:07:53.937] [trace] [t:96] Calling InitCallbackList
[17:07:53.938] [trace] [t:96] Received completion queue callback
[17:07:53.938] [trace] [t:96] Handling async callback 
[17:07:53.938] [trace] [t:96] Calling InitCallbackList
[17:07:53.938] [trace] [t:96] Received completion queue callback
[17:07:53.938] [trace] [t:96] Handling async callback 
[17:07:53.938] [trace] [t:96] Calling InitCallbackList
[17:07:53.939] [trace] [t:96] Received completion queue callback
[17:07:53.939] [trace] [t:96] Handling async callback 
[17:07:53.939] [trace] [t:96] Calling InitCallbackList
[17:07:53.940] [trace] [t:96] Received completion queue callback
[17:07:53.940] [trace] [t:96] Handling async callback 
[17:07:53.940] [trace] [t:96] Calling InitCallbackList
[17:07:53.941] [trace] [t:96] Received completion queue callback
[17:07:53.941] [trace] [t:96] Handling async callback 
[17:07:53.941] [trace] [t:96] Calling InitCallbackList
[17:07:53.942] [trace] [t:96] Received completion queue callback
[17:07:53.942] [trace] [t:96] Handling async callback 
[17:07:53.942] [trace] [t:96] Calling InitCallbackList
[17:07:53.943] [trace] [t:96] Received completion queue callback
[17:07:53.943] [trace] [t:96] Handling async callback 
[17:07:53.943] [trace] [t:96] Calling InitCallbackList
[17:07:53.944] [trace] [t:96] Received completion queue callback
[17:07:53.944] [trace] [t:96] Handling async callback 
[17:07:53.944] [trace] [t:96] Calling InitCallbackList
[17:07:53.944] [trace] [t:96] Received completion queue callback
[17:07:53.944] [trace] [t:96] Handling async callback 
[17:07:53.945] [trace] [t:96] Calling InitCallbackList
[17:07:53.945] [trace] [t:96] Received completion queue callback
[17:07:53.945] [trace] [t:96] Handling async callback 
[17:07:53.945] [trace] [t:96] Calling InitCallbackList
[17:07:53.946] [trace] [t:96] Received completion queue callback
[17:07:53.946] [trace] [t:96] Handling async callback 
[17:07:53.946] [trace] [t:96] Calling InitCallbackList
[17:07:53.947] [trace] [t:96] Received completion queue callback
[17:07:53.947] [trace] [t:96] Handling async callback 
[17:07:53.947] [trace] [t:96] Calling InitCallbackList
[17:07:53.948] [trace] [t:96] Received completion queue callback
[17:07:53.948] [trace] [t:96] Handling async callback 
[17:07:53.948] [trace] [t:96] Calling InitCallbackList
[17:07:53.949] [trace] [t:96] Received completion queue callback
[17:07:53.949] [trace] [t:96] Handling async callback 
[17:07:53.949] [trace] [t:96] Calling InitCallbackList
[17:07:53.950] [trace] [t:96] Received completion queue callback
[17:07:53.950] [trace] [t:96] Handling async callback 
[17:07:53.950] [trace] [t:96] Calling InitCallbackList
[17:07:53.951] [trace] [t:96] Received completion queue callback
[17:07:53.951] [trace] [t:96] Handling async callback 
[17:07:53.951] [trace] [t:96] Calling InitCallbackList
[17:07:53.952] [trace] [t:96] Received completion queue callback
[17:07:53.952] [trace] [t:96] Handling async callback 
[17:07:53.952] [trace] [t:96] Calling InitCallbackList
[17:07:53.952] [trace] [t:96] Received completion queue callback
[17:07:53.952] [trace] [t:96] Handling async callback 
[17:07:53.952] [trace] [t:96] Calling InitCallbackList
[17:07:53.953] [trace] [t:96] Received completion queue callback
[17:07:53.953] [trace] [t:96] Handling async callback 
[17:07:53.953] [trace] [t:96] Calling InitCallbackList
[17:07:53.954] [trace] [t:96] Received completion queue callback
[17:07:53.954] [trace] [t:96] Handling async callback 
[17:07:53.954] [trace] [t:96] Calling InitCallbackList
[17:07:53.955] [trace] [t:96] Received completion queue callback
[17:07:53.955] [trace] [t:96] Handling async callback 
[17:07:53.955] [trace] [t:96] Calling InitCallbackList
[17:07:53.955] [trace] [t:96] Received completion queue callback
[17:07:53.955] [trace] [t:96] Handling async callback 
[17:07:53.956] [trace] [t:96] Calling InitCallbackList
[17:07:53.956] [trace] [t:96] Received completion queue callback
[17:07:53.956] [trace] [t:96] Handling async callback 
[17:07:53.956] [trace] [t:96] Calling InitCallbackList
[17:07:53.957] [trace] [t:96] Received completion queue callback
[17:07:53.958] [trace] [t:96] Handling async callback 
[17:07:53.958] [trace] [t:96] Calling InitCallbackList
[17:07:53.959] [trace] [t:96] Received completion queue callback
[17:07:53.959] [trace] [t:96] Handling async callback 
[17:07:53.959] [trace] [t:96] Calling InitCallbackList
[17:07:53.960] [trace] [t:96] Received completion queue callback
[17:07:53.960] [trace] [t:96] Handling async callback 
[17:07:53.960] [trace] [t:96] Calling InitCallbackList
[17:07:53.962] [trace] [t:96] Received completion queue callback
[17:07:53.962] [trace] [t:96] Handling async callback 
[17:07:53.962] [trace] [t:96] Calling InitCallbackList
[17:07:53.962] [trace] [t:96] Received completion queue callback
[17:07:53.962] [trace] [t:96] Handling async callback 
[17:07:53.962] [trace] [t:96] Calling InitCallbackList
[17:07:53.963] [trace] [t:96] Received completion queue callback
[17:07:53.963] [trace] [t:96] Handling async callback 
[17:07:53.963] [trace] [t:96] Calling InitCallbackList
[17:07:53.964] [trace] [t:96] Received completion queue callback
[17:07:53.964] [trace] [t:96] Handling async callback 
[17:07:53.964] [trace] [t:96] Calling InitCallbackList
[17:07:53.965] [trace] [t:96] Received completion queue callback
[17:07:53.965] [trace] [t:96] Handling async callback 
[17:07:53.965] [trace] [t:96] Calling InitCallbackList
[17:07:53.965] [trace] [t:96] Received completion queue callback
[17:07:53.965] [trace] [t:96] Handling async callback 
[17:07:53.965] [trace] [t:96] Calling InitCallbackList
[17:07:53.966] [trace] [t:96] Received completion queue callback
[17:07:53.967] [trace] [t:96] Handling async callback 
[17:07:53.967] [trace] [t:96] Calling InitCallbackList
[17:07:53.967] [trace] [t:96] Received completion queue callback
[17:07:53.967] [trace] [t:96] Handling async callback 
[17:07:53.968] [trace] [t:96] Calling InitCallbackList
[17:07:53.968] [trace] [t:96] Received completion queue callback
[17:07:53.968] [trace] [t:96] Handling async callback 
[17:07:53.969] [trace] [t:96] Calling InitCallbackList
[17:07:53.969] [trace] [t:96] Received completion queue callback
[17:07:53.969] [trace] [t:96] Handling async callback 
[17:07:53.969] [trace] [t:96] Calling InitCallbackList
[17:07:53.970] [trace] [t:96] Received completion queue callback
[17:07:53.970] [trace] [t:96] Handling async callback 
[17:07:53.970] [trace] [t:96] Calling InitCallbackList
[17:07:53.971] [trace] [t:96] Received completion queue callback
[17:07:53.971] [trace] [t:96] Handling async callback 
[17:07:53.971] [trace] [t:96] Calling InitCallbackList
[17:07:53.972] [trace] [t:96] Received completion queue callback
[17:07:53.972] [trace] [t:96] Handling async callback 
[17:07:53.972] [trace] [t:96] Calling InitCallbackList
[17:07:53.973] [trace] [t:96] Received completion queue callback
[17:07:53.973] [trace] [t:96] Handling async callback 
[17:07:53.973] [trace] [t:96] Calling InitCallbackList
[17:07:53.974] [trace] [t:96] Received completion queue callback
[17:07:53.974] [trace] [t:96] Handling async callback 
[17:07:53.974] [trace] [t:96] Calling InitCallbackList
[17:07:53.975] [trace] [t:96] Received completion queue callback
[17:07:53.975] [trace] [t:96] Handling async callback 
[17:07:53.975] [trace] [t:96] Calling InitCallbackList
[17:07:53.976] [trace] [t:96] Received completion queue callback
[17:07:53.976] [trace] [t:96] Handling async callback 
[17:07:53.976] [trace] [t:96] Calling InitCallbackList
[17:07:53.976] [trace] [t:96] Received completion queue callback
[17:07:53.976] [trace] [t:96] Handling async callback 
[17:07:53.976] [trace] [t:96] Calling InitCallbackList
[17:07:53.977] [trace] [t:96] Received completion queue callback
[17:07:53.977] [trace] [t:96] Handling async callback 
[17:07:53.977] [trace] [t:96] Calling InitCallbackList
[17:07:53.978] [trace] [t:96] Received completion queue callback
[17:07:53.978] [trace] [t:96] Handling async callback 
[17:07:53.978] [trace] [t:96] Calling InitCallbackList
[17:07:53.979] [trace] [t:96] Received completion queue callback
[17:07:53.979] [trace] [t:96] Handling async callback 
[17:07:53.979] [trace] [t:96] Calling InitCallbackList
[17:07:53.980] [trace] [t:96] Received completion queue callback
[17:07:53.980] [trace] [t:96] Handling async callback 
[17:07:53.980] [trace] [t:96] Calling InitCallbackList
[17:07:53.981] [trace] [t:96] Received completion queue callback
[17:07:53.981] [trace] [t:96] Handling async callback 
[17:07:53.981] [trace] [t:96] Calling InitCallbackList
[17:07:53.982] [trace] [t:96] Received completion queue callback
[17:07:53.982] [trace] [t:96] Handling async callback 
[17:07:53.982] [trace] [t:96] Calling InitCallbackList
[17:07:53.983] [trace] [t:96] Received completion queue callback
[17:07:53.983] [trace] [t:96] Handling async callback 
[17:07:53.983] [trace] [t:96] Calling InitCallbackList
[17:07:53.984] [trace] [t:96] Received completion queue callback
[17:07:53.984] [trace] [t:96] Handling async callback 
[17:07:53.984] [trace] [t:96] Calling InitCallbackList
[17:07:53.985] [trace] [t:96] Received completion queue callback
[17:07:53.985] [trace] [t:96] Handling async callback 
[17:07:53.985] [trace] [t:96] Calling InitCallbackList
[17:07:53.986] [trace] [t:96] Received completion queue callback
[17:07:53.986] [trace] [t:96] Handling async callback 
[17:07:53.986] [trace] [t:96] Calling InitCallbackList
[17:07:53.987] [trace] [t:96] Received completion queue callback
[17:07:53.987] [trace] [t:96] Handling async callback 
[17:07:53.987] [trace] [t:96] Calling InitCallbackList
[17:07:53.988] [trace] [t:96] Received completion queue callback
[17:07:53.988] [trace] [t:96] Handling async callback 
[17:07:53.988] [trace] [t:96] Calling InitCallbackList
[17:07:53.989] [trace] [t:96] Received completion queue callback
[17:07:53.989] [trace] [t:96] Handling async callback 
[17:07:53.989] [trace] [t:96] Calling InitCallbackList
[17:07:53.989] [trace] [t:96] Received completion queue callback
[17:07:53.989] [trace] [t:96] Handling async callback 
[17:07:53.990] [trace] [t:96] Calling InitCallbackList
[17:07:53.990] [trace] [t:96] Received completion queue callback
[17:07:53.990] [trace] [t:96] Handling async callback 
[17:07:53.990] [trace] [t:96] Calling InitCallbackList
[17:07:53.991] [trace] [t:96] Received completion queue callback
[17:07:53.991] [trace] [t:96] Handling async callback 
[17:07:53.991] [trace] [t:96] Calling InitCallbackList
[17:07:53.992] [trace] [t:96] Received completion queue callback
[17:07:53.992] [trace] [t:96] Handling async callback 
[17:07:53.992] [trace] [t:96] Calling InitCallbackList
[17:07:53.993] [trace] [t:96] Received completion queue callback
[17:07:53.993] [trace] [t:96] Handling async callback 
[17:07:53.993] [trace] [t:96] Calling InitCallbackList
[17:07:53.993] [trace] [t:96] Received completion queue callback
[17:07:53.993] [trace] [t:96] Handling async callback 
[17:07:53.993] [trace] [t:96] Calling InitCallbackList
[17:07:53.994] [trace] [t:96] Received completion queue callback
[17:07:53.994] [trace] [t:96] Handling async callback 
[17:07:53.994] [trace] [t:96] Calling InitCallbackList
[17:07:53.995] [trace] [t:96] Received completion queue callback
[17:07:53.995] [trace] [t:96] Handling async callback 
[17:07:53.995] [trace] [t:96] Calling InitCallbackList
[17:07:53.996] [trace] [t:96] Received completion queue callback
[17:07:53.996] [trace] [t:96] Handling async callback 
[17:07:53.996] [trace] [t:96] Calling InitCallbackList
[17:07:53.997] [trace] [t:96] Received completion queue callback
[17:07:53.997] [trace] [t:96] Handling async callback 
[17:07:53.997] [trace] [t:96] Calling InitCallbackList
[17:07:53.998] [trace] [t:96] Received completion queue callback
[17:07:53.998] [trace] [t:96] Handling async callback 
[17:07:53.998] [trace] [t:96] Calling InitCallbackList
[17:07:53.998] [trace] [t:96] Received completion queue callback
[17:07:53.998] [trace] [t:96] Handling async callback 
[17:07:53.998] [trace] [t:96] Calling InitCallbackList
[17:07:54.000] [trace] [t:96] Received completion queue callback
[17:07:54.000] [trace] [t:96] Handling async callback 
[17:07:54.000] [trace] [t:96] Calling InitCallbackList
[17:07:54.001] [trace] [t:96] Received completion queue callback
[17:07:54.001] [trace] [t:96] Handling async callback 
[17:07:54.001] [trace] [t:96] Calling InitCallbackList
[17:07:54.002] [trace] [t:96] Received completion queue callback
[17:07:54.002] [trace] [t:96] Handling async callback 
[17:07:54.002] [trace] [t:96] Calling InitCallbackList
[17:07:54.002] [trace] [t:96] Received completion queue callback
[17:07:54.002] [trace] [t:96] Handling async callback 
[17:07:54.002] [trace] [t:96] Calling InitCallbackList
[17:07:54.003] [trace] [t:96] Received completion queue callback
[17:07:54.003] [trace] [t:96] Handling async callback 
[17:07:54.003] [trace] [t:96] Calling InitCallbackList
[17:07:54.004] [trace] [t:96] Received completion queue callback
[17:07:54.004] [trace] [t:96] Handling async callback 
[17:07:54.004] [trace] [t:96] Calling InitCallbackList
[17:07:54.005] [trace] [t:96] Received completion queue callback
[17:07:54.005] [trace] [t:96] Handling async callback 
[17:07:54.005] [trace] [t:96] Calling InitCallbackList
[17:07:54.006] [trace] [t:96] Received completion queue callback
[17:07:54.006] [trace] [t:96] Handling async callback 
[17:07:54.006] [trace] [t:96] Calling InitCallbackList
[17:07:54.006] [trace] [t:96] Received completion queue callback
[17:07:54.007] [trace] [t:96] Handling async callback 
[17:07:54.007] [trace] [t:96] Calling InitCallbackList
[17:07:54.007] [trace] [t:96] Received completion queue callback
[17:07:54.007] [trace] [t:96] Handling async callback 
[17:07:54.007] [trace] [t:96] Calling InitCallbackList
[17:07:54.008] [trace] [t:96] Received completion queue callback
[17:07:54.008] [trace] [t:96] Handling async callback 
[17:07:54.008] [trace] [t:96] Calling InitCallbackList
[17:07:54.009] [trace] [t:96] Received completion queue callback
[17:07:54.009] [trace] [t:96] Handling async callback 
[17:07:54.009] [trace] [t:96] Calling InitCallbackList
[17:07:54.010] [trace] [t:96] Received completion queue callback
[17:07:54.010] [trace] [t:96] Handling async callback 
[17:07:54.010] [trace] [t:96] Calling InitCallbackList
[17:07:54.011] [trace] [t:96] Received completion queue callback
[17:07:54.011] [trace] [t:96] Handling async callback 
[17:07:54.011] [trace] [t:96] Calling InitCallbackList
[17:07:54.012] [trace] [t:96] Received completion queue callback
[17:07:54.012] [trace] [t:96] Handling async callback 
[17:07:54.012] [trace] [t:96] Calling InitCallbackList
[17:07:54.013] [trace] [t:96] Received completion queue callback
[17:07:54.013] [trace] [t:96] Handling async callback 
[17:07:54.013] [trace] [t:96] Calling InitCallbackList
[17:07:54.014] [trace] [t:96] Received completion queue callback
[17:07:54.014] [trace] [t:96] Handling async callback 
[17:07:54.014] [trace] [t:96] Calling InitCallbackList
[17:07:54.014] [trace] [t:96] Received completion queue callback
[17:07:54.014] [trace] [t:96] Handling async callback 
[17:07:54.014] [trace] [t:96] Calling InitCallbackList
[17:07:54.015] [trace] [t:96] Received completion queue callback
[17:07:54.015] [trace] [t:96] Handling async callback 
[17:07:54.015] [trace] [t:96] Calling InitCallbackList
[17:07:54.016] [trace] [t:96] Received completion queue callback
[17:07:54.016] [trace] [t:96] Handling async callback 
[17:07:54.016] [trace] [t:96] Calling InitCallbackList
[17:07:54.017] [trace] [t:96] Received completion queue callback
[17:07:54.017] [trace] [t:96] Handling async callback 
[17:07:54.017] [trace] [t:96] Calling InitCallbackList
[17:07:54.018] [trace] [t:96] Received completion queue callback
[17:07:54.018] [trace] [t:96] Handling async callback 
[17:07:54.018] [trace] [t:96] Calling InitCallbackList
[17:07:54.019] [trace] [t:96] Received completion queue callback
[17:07:54.019] [trace] [t:96] Handling async callback 
[17:07:54.019] [trace] [t:96] Calling InitCallbackList
[17:07:54.020] [trace] [t:96] Received completion queue callback
[17:07:54.020] [trace] [t:96] Handling async callback 
[17:07:54.020] [trace] [t:96] Calling InitCallbackList
[17:07:54.020] [trace] [t:96] Received completion queue callback
[17:07:54.020] [trace] [t:96] Handling async callback 
[17:07:54.020] [trace] [t:96] Calling InitCallbackList
[17:07:54.021] [trace] [t:96] Received completion queue callback
[17:07:54.021] [trace] [t:96] Handling async callback 
[17:07:54.021] [trace] [t:96] Calling InitCallbackList
[17:07:54.022] [trace] [t:96] Received completion queue callback
[17:07:54.022] [trace] [t:96] Handling async callback 
[17:07:54.022] [trace] [t:96] Calling InitCallbackList
[17:07:54.023] [trace] [t:96] Received completion queue callback
[17:07:54.023] [trace] [t:96] Handling async callback 
[17:07:54.023] [trace] [t:96] Calling InitCallbackList
[17:07:54.024] [trace] [t:96] Received completion queue callback
[17:07:54.024] [trace] [t:96] Handling async callback 
[17:07:54.024] [trace] [t:96] Calling InitCallbackList
[17:07:54.025] [trace] [t:96] Received completion queue callback
[17:07:54.025] [trace] [t:96] Handling async callback 
[17:07:54.025] [trace] [t:96] Calling InitCallbackList
[17:07:54.026] [trace] [t:96] Received completion queue callback
[17:07:54.026] [trace] [t:96] Handling async callback 
[17:07:54.026] [trace] [t:96] Calling InitCallbackList
[17:07:54.026] [trace] [t:96] Received completion queue callback
[17:07:54.026] [trace] [t:96] Handling async callback 
[17:07:54.026] [trace] [t:96] Calling InitCallbackList
[17:07:54.027] [trace] [t:96] Received completion queue callback
[17:07:54.027] [trace] [t:96] Handling async callback 
[17:07:54.027] [trace] [t:96] Calling InitCallbackList
[17:07:54.028] [trace] [t:96] Received completion queue callback
[17:07:54.028] [trace] [t:96] Handling async callback 
[17:07:54.028] [trace] [t:96] Calling InitCallbackList
[17:07:54.029] [trace] [t:96] Received completion queue callback
[17:07:54.029] [trace] [t:96] Handling async callback 
[17:07:54.029] [trace] [t:96] Calling InitCallbackList
[17:07:54.030] [trace] [t:96] Received completion queue callback
[17:07:54.030] [trace] [t:96] Handling async callback 
[17:07:54.030] [trace] [t:96] Calling InitCallbackList
[17:07:54.031] [trace] [t:96] Received completion queue callback
[17:07:54.031] [trace] [t:96] Handling async callback 
[17:07:54.031] [trace] [t:96] Calling InitCallbackList
[17:07:54.031] [trace] [t:96] Received completion queue callback
[17:07:54.031] [trace] [t:96] Handling async callback 
[17:07:54.031] [trace] [t:96] Calling InitCallbackList
[17:07:54.032] [trace] [t:96] Received completion queue callback
[17:07:54.032] [trace] [t:96] Handling async callback 
[17:07:54.032] [trace] [t:96] Calling InitCallbackList
[17:07:54.033] [trace] [t:96] Received completion queue callback
[17:07:54.033] [trace] [t:96] Handling async callback 
[17:07:54.033] [trace] [t:96] Calling InitCallbackList
[17:07:54.034] [trace] [t:96] Received completion queue callback
[17:07:54.034] [trace] [t:96] Handling async callback 
[17:07:54.034] [trace] [t:96] Calling InitCallbackList
[17:07:54.035] [trace] [t:96] Received completion queue callback
[17:07:54.035] [trace] [t:96] Handling async callback 
[17:07:54.035] [trace] [t:96] Calling InitCallbackList
[17:07:54.036] [trace] [t:96] Received completion queue callback
[17:07:54.036] [trace] [t:96] Handling async callback 
[17:07:54.036] [trace] [t:96] Calling InitCallbackList
[17:07:54.037] [trace] [t:96] Received completion queue callback
[17:07:54.037] [trace] [t:96] Handling async callback 
[17:07:54.037] [trace] [t:96] Calling InitCallbackList
[17:07:54.038] [trace] [t:96] Received completion queue callback
[17:07:54.038] [trace] [t:96] Handling async callback 
[17:07:54.038] [trace] [t:96] Calling InitCallbackList
[17:07:54.039] [trace] [t:96] Received completion queue callback
[17:07:54.039] [trace] [t:96] Handling async callback 
[17:07:54.039] [trace] [t:96] Calling InitCallbackList
[17:07:54.040] [trace] [t:96] Received completion queue callback
[17:07:54.040] [trace] [t:96] Handling async callback 
[17:07:54.040] [trace] [t:96] Calling InitCallbackList
[17:07:54.041] [trace] [t:96] Received completion queue callback
[17:07:54.041] [trace] [t:96] Handling async callback 
[17:07:54.041] [trace] [t:96] Calling InitCallbackList
[17:07:54.042] [trace] [t:96] Received completion queue callback
[17:07:54.042] [trace] [t:96] Handling async callback 
[17:07:54.042] [trace] [t:96] Calling InitCallbackList
[17:07:54.042] [trace] [t:96] Received completion queue callback
[17:07:54.042] [trace] [t:96] Handling async callback 
[17:07:54.042] [trace] [t:96] Calling InitCallbackList
[17:07:54.043] [trace] [t:96] Received completion queue callback
[17:07:54.043] [trace] [t:96] Handling async callback 
[17:07:54.043] [trace] [t:96] Calling InitCallbackList
[17:07:54.044] [trace] [t:96] Received completion queue callback
[17:07:54.044] [trace] [t:96] Handling async callback 
[17:07:54.044] [trace] [t:96] Calling InitCallbackList
[17:07:54.045] [trace] [t:96] Received completion queue callback
[17:07:54.045] [trace] [t:96] Handling async callback 
[17:07:54.045] [trace] [t:96] Calling InitCallbackList
[17:07:54.046] [trace] [t:96] Received completion queue callback
[17:07:54.046] [trace] [t:96] Handling async callback 
[17:07:54.046] [trace] [t:96] Calling InitCallbackList
[17:07:54.047] [trace] [t:96] Received completion queue callback
[17:07:54.047] [trace] [t:96] Handling async callback 
[17:07:54.047] [trace] [t:96] Calling InitCallbackList
[17:07:54.048] [trace] [t:96] Received completion queue callback
[17:07:54.048] [trace] [t:96] Handling async callback 
[17:07:54.048] [trace] [t:96] Calling InitCallbackList
[17:07:54.049] [trace] [t:96] Received completion queue callback
[17:07:54.049] [trace] [t:96] Handling async callback 
[17:07:54.049] [trace] [t:96] Calling InitCallbackList
[17:07:54.049] [trace] [t:96] Received completion queue callback
[17:07:54.049] [trace] [t:96] Handling async callback 
[17:07:54.049] [trace] [t:96] Calling InitCallbackList
[17:07:54.050] [trace] [t:96] Received completion queue callback
[17:07:54.050] [trace] [t:96] Handling async callback 
[17:07:54.050] [trace] [t:96] Calling InitCallbackList
[17:07:54.051] [trace] [t:96] Received completion queue callback
[17:07:54.051] [trace] [t:96] Handling async callback 
[17:07:54.051] [trace] [t:96] Calling InitCallbackList
[17:07:54.052] [trace] [t:96] Received completion queue callback
[17:07:54.052] [trace] [t:96] Handling async callback 
[17:07:54.052] [trace] [t:96] Calling InitCallbackList
[17:07:54.053] [trace] [t:96] Received completion queue callback
[17:07:54.053] [trace] [t:96] Handling async callback 
[17:07:54.053] [trace] [t:96] Calling InitCallbackList
[17:07:54.054] [trace] [t:96] Received completion queue callback
[17:07:54.054] [trace] [t:96] Handling async callback 
[17:07:54.054] [trace] [t:96] Calling InitCallbackList
[17:07:54.055] [trace] [t:96] Received completion queue callback
[17:07:54.055] [trace] [t:96] Handling async callback 
[17:07:54.055] [trace] [t:96] Calling InitCallbackList
[17:07:54.056] [trace] [t:96] Received completion queue callback
[17:07:54.056] [trace] [t:96] Handling async callback 
[17:07:54.056] [trace] [t:96] Calling InitCallbackList
[17:07:54.056] [trace] [t:96] Received completion queue callback
[17:07:54.056] [trace] [t:96] Handling async callback 
[17:07:54.056] [trace] [t:96] Calling InitCallbackList
[17:07:54.057] [trace] [t:96] Received completion queue callback
[17:07:54.057] [trace] [t:96] Handling async callback 
[17:07:54.057] [trace] [t:96] Calling InitCallbackList
[17:07:54.058] [trace] [t:96] Received completion queue callback
[17:07:54.058] [trace] [t:96] Handling async callback 
[17:07:54.058] [trace] [t:96] Calling InitCallbackList
[17:07:54.060] [trace] [t:96] Received completion queue callback
[17:07:54.060] [trace] [t:96] Handling async callback 
[17:07:54.060] [trace] [t:96] Calling InitCallbackList
[17:07:54.061] [trace] [t:96] Received completion queue callback
[17:07:54.061] [trace] [t:96] Handling async callback 
[17:07:54.061] [trace] [t:96] Calling InitCallbackList
[17:07:54.061] [trace] [t:96] Received completion queue callback
[17:07:54.061] [trace] [t:96] Handling async callback 
[17:07:54.062] [trace] [t:96] Calling InitCallbackList
[17:07:54.063] [trace] [t:96] Received completion queue callback
[17:07:54.063] [trace] [t:96] Handling async callback 
[17:07:54.063] [trace] [t:96] Calling InitCallbackList
[17:07:54.064] [trace] [t:96] Received completion queue callback
[17:07:54.064] [trace] [t:96] Handling async callback 
[17:07:54.064] [trace] [t:96] Calling InitCallbackList
[17:07:54.064] [trace] [t:96] Received completion queue callback
[17:07:54.065] [trace] [t:96] Handling async callback 
[17:07:54.065] [trace] [t:96] Calling InitCallbackList
[17:07:54.066] [trace] [t:96] Received completion queue callback
[17:07:54.066] [trace] [t:96] Handling async callback 
[17:07:54.066] [trace] [t:96] Calling InitCallbackList
[17:07:54.066] [trace] [t:96] Received completion queue callback
[17:07:54.066] [trace] [t:96] Handling async callback 
[17:07:54.066] [trace] [t:96] Calling InitCallbackList
[17:07:54.068] [trace] [t:96] Received completion queue callback
[17:07:54.068] [trace] [t:96] Handling async callback 
[17:07:54.068] [trace] [t:96] Calling InitCallbackList
[17:07:54.068] [trace] [t:96] Received completion queue callback
[17:07:54.068] [trace] [t:96] Handling async callback 
[17:07:54.068] [trace] [t:96] Calling InitCallbackList
[17:07:54.069] [trace] [t:96] Received completion queue callback
[17:07:54.069] [trace] [t:96] Handling async callback 
[17:07:54.069] [trace] [t:96] Calling InitCallbackList
[17:07:54.070] [trace] [t:96] Received completion queue callback
[17:07:54.070] [trace] [t:96] Handling async callback 
[17:07:54.070] [trace] [t:96] Calling InitCallbackList
[17:07:54.071] [trace] [t:96] Received completion queue callback
[17:07:54.071] [trace] [t:96] Handling async callback 
[17:07:54.071] [trace] [t:96] Calling InitCallbackList
[17:07:54.072] [trace] [t:96] Received completion queue callback
[17:07:54.072] [trace] [t:96] Handling async callback 
[17:07:54.072] [trace] [t:96] Calling InitCallbackList
[17:07:54.073] [trace] [t:96] Received completion queue callback
[17:07:54.073] [trace] [t:96] Handling async callback 
[17:07:54.073] [trace] [t:96] Calling InitCallbackList
[17:07:54.074] [trace] [t:96] Received completion queue callback
[17:07:54.074] [trace] [t:96] Handling async callback 
[17:07:54.074] [trace] [t:96] Calling InitCallbackList
[17:07:54.075] [trace] [t:96] Received completion queue callback
[17:07:54.075] [trace] [t:96] Handling async callback 
[17:07:54.075] [trace] [t:96] Calling InitCallbackList
[17:07:54.076] [trace] [t:96] Received completion queue callback
[17:07:54.076] [trace] [t:96] Handling async callback 
[17:07:54.076] [trace] [t:96] Calling InitCallbackList
[17:07:54.077] [trace] [t:96] Received completion queue callback
[17:07:54.077] [trace] [t:96] Handling async callback 
[17:07:54.077] [trace] [t:96] Calling InitCallbackList
[17:07:54.078] [trace] [t:96] Received completion queue callback
[17:07:54.078] [trace] [t:96] Handling async callback 
[17:07:54.078] [trace] [t:96] Calling InitCallbackList
[17:07:54.079] [trace] [t:96] Received completion queue callback
[17:07:54.079] [trace] [t:96] Handling async callback 
[17:07:54.079] [trace] [t:96] Calling InitCallbackList
[17:07:54.080] [trace] [t:96] Received completion queue callback
[17:07:54.080] [trace] [t:96] Handling async callback 
[17:07:54.080] [trace] [t:96] Calling InitCallbackList
[17:07:54.081] [trace] [t:96] Received completion queue callback
[17:07:54.081] [trace] [t:96] Handling async callback 
[17:07:54.081] [trace] [t:96] Calling InitCallbackList
[17:07:54.082] [trace] [t:96] Received completion queue callback
[17:07:54.082] [trace] [t:96] Handling async callback 
[17:07:54.082] [trace] [t:96] Calling InitCallbackList
[17:07:54.083] [trace] [t:96] Received completion queue callback
[17:07:54.083] [trace] [t:96] Handling async callback 
[17:07:54.083] [trace] [t:96] Calling InitCallbackList
[17:07:54.084] [trace] [t:96] Received completion queue callback
[17:07:54.085] [trace] [t:96] Handling async callback 
[17:07:54.085] [trace] [t:96] Calling InitCallbackList
[17:07:54.086] [trace] [t:96] Received completion queue callback
[17:07:54.086] [trace] [t:96] Handling async callback 
[17:07:54.086] [trace] [t:96] Calling InitCallbackList
[17:07:54.088] [trace] [t:96] Received completion queue callback
[17:07:54.088] [trace] [t:96] Handling async callback 
[17:07:54.088] [trace] [t:96] Calling InitCallbackList
[17:07:54.089] [trace] [t:96] Received completion queue callback
[17:07:54.089] [trace] [t:96] Handling async callback 
[17:07:54.089] [trace] [t:96] Calling InitCallbackList
[17:07:54.090] [trace] [t:96] Received completion queue callback
[17:07:54.090] [trace] [t:96] Handling async callback 
[17:07:54.090] [trace] [t:96] Calling InitCallbackList
[17:07:54.092] [trace] [t:96] Received completion queue callback
[17:07:54.092] [trace] [t:96] Handling async callback 
[17:07:54.092] [trace] [t:96] Calling InitCallbackList
[17:07:54.093] [trace] [t:96] Received completion queue callback
[17:07:54.093] [trace] [t:96] Handling async callback 
[17:07:54.093] [trace] [t:96] Calling InitCallbackList
[17:07:54.094] [trace] [t:96] Received completion queue callback
[17:07:54.094] [trace] [t:96] Handling async callback 
[17:07:54.094] [trace] [t:96] Calling InitCallbackList
[17:07:54.095] [trace] [t:96] Received completion queue callback
[17:07:54.096] [trace] [t:96] Handling async callback 
[17:07:54.096] [trace] [t:96] Calling InitCallbackList
[17:07:54.097] [trace] [t:96] Received completion queue callback
[17:07:54.097] [trace] [t:96] Handling async callback 
[17:07:54.097] [trace] [t:96] Calling InitCallbackList
[17:07:54.098] [trace] [t:96] Received completion queue callback
[17:07:54.098] [trace] [t:96] Handling async callback 
[17:07:54.098] [trace] [t:96] Calling InitCallbackList
[17:07:54.098] [trace] [t:96] Received completion queue callback
[17:07:54.099] [trace] [t:96] Handling async callback 
[17:07:54.099] [trace] [t:96] Calling InitCallbackList
[17:07:54.100] [trace] [t:96] Received completion queue callback
[17:07:54.100] [trace] [t:96] Handling async callback 
[17:07:54.100] [trace] [t:96] Calling InitCallbackList
[17:07:54.101] [trace] [t:96] Received completion queue callback
[17:07:54.101] [trace] [t:96] Handling async callback 
[17:07:54.101] [trace] [t:96] Calling InitCallbackList
[17:07:54.102] [trace] [t:96] Received completion queue callback
[17:07:54.102] [trace] [t:96] Handling async callback 
[17:07:54.102] [trace] [t:96] Calling InitCallbackList
[17:07:54.104] [trace] [t:96] Received completion queue callback
[17:07:54.104] [trace] [t:96] Handling async callback 
[17:07:54.104] [trace] [t:96] Calling InitCallbackList
[17:07:54.105] [trace] [t:96] Received completion queue callback
[17:07:54.105] [trace] [t:96] Handling async callback 
[17:07:54.105] [trace] [t:96] Calling InitCallbackList
[17:07:54.106] [trace] [t:96] Received completion queue callback
[17:07:54.106] [trace] [t:96] Handling async callback 
[17:07:54.106] [trace] [t:96] Calling InitCallbackList
[17:07:54.107] [trace] [t:96] Received completion queue callback
[17:07:54.107] [trace] [t:96] Handling async callback 
[17:07:54.107] [trace] [t:96] Calling InitCallbackList
[17:07:54.109] [trace] [t:96] Received completion queue callback
[17:07:54.109] [trace] [t:96] Handling async callback 
[17:07:54.109] [trace] [t:96] Calling InitCallbackList
[17:07:54.110] [trace] [t:96] Received completion queue callback
[17:07:54.110] [trace] [t:96] Handling async callback 
[17:07:54.110] [trace] [t:96] Calling InitCallbackList
[17:07:54.111] [trace] [t:96] Received completion queue callback
[17:07:54.111] [trace] [t:96] Handling async callback 
[17:07:54.111] [trace] [t:96] Calling InitCallbackList
[17:07:54.111] [trace] [t:96] Received completion queue callback
[17:07:54.111] [trace] [t:96] Handling async callback 
[17:07:54.111] [trace] [t:96] Calling InitCallbackList
[17:07:54.112] [trace] [t:96] Received completion queue callback
[17:07:54.112] [trace] [t:96] Handling async callback 
[17:07:54.112] [trace] [t:96] Calling InitCallbackList
[17:07:54.113] [trace] [t:96] Received completion queue callback
[17:07:54.113] [trace] [t:96] Handling async callback 
[17:07:54.113] [trace] [t:96] Calling InitCallbackList
[17:07:54.114] [trace] [t:96] Received completion queue callback
[17:07:54.114] [trace] [t:96] Handling async callback 
[17:07:54.114] [trace] [t:96] Calling InitCallbackList
[17:07:54.115] [trace] [t:96] Received completion queue callback
[17:07:54.115] [trace] [t:96] Handling async callback 
[17:07:54.115] [trace] [t:96] Calling InitCallbackList
[17:07:54.116] [trace] [t:96] Received completion queue callback
[17:07:54.116] [trace] [t:96] Handling async callback 
[17:07:54.116] [trace] [t:96] Calling InitCallbackList
[17:07:54.117] [trace] [t:96] Received completion queue callback
[17:07:54.117] [trace] [t:96] Handling async callback 
[17:07:54.117] [trace] [t:96] Calling InitCallbackList
[17:07:54.118] [trace] [t:96] Received completion queue callback
[17:07:54.118] [trace] [t:96] Handling async callback 
[17:07:54.118] [trace] [t:96] Calling InitCallbackList
[17:07:54.119] [trace] [t:96] Received completion queue callback
[17:07:54.119] [trace] [t:96] Handling async callback 
[17:07:54.119] [trace] [t:96] Calling InitCallbackList
[17:07:54.120] [trace] [t:96] Received completion queue callback
[17:07:54.120] [trace] [t:96] Handling async callback 
[17:07:54.120] [trace] [t:96] Calling InitCallbackList
[17:07:54.121] [trace] [t:96] Received completion queue callback
[17:07:54.121] [trace] [t:96] Handling async callback 
[17:07:54.121] [trace] [t:96] Calling InitCallbackList
[17:07:54.121] [trace] [t:96] Received completion queue callback
[17:07:54.121] [trace] [t:96] Handling async callback 
[17:07:54.121] [trace] [t:96] Calling InitCallbackList
[17:07:54.122] [trace] [t:96] Received completion queue callback
[17:07:54.122] [trace] [t:96] Handling async callback 
[17:07:54.122] [trace] [t:96] Calling InitCallbackList
[17:07:54.123] [trace] [t:96] Received completion queue callback
[17:07:54.123] [trace] [t:96] Handling async callback 
[17:07:54.123] [trace] [t:96] Calling InitCallbackList
[17:07:54.124] [trace] [t:96] Received completion queue callback
[17:07:54.124] [trace] [t:96] Handling async callback 
[17:07:54.124] [trace] [t:96] Calling InitCallbackList
[17:07:54.125] [trace] [t:96] Received completion queue callback
[17:07:54.125] [trace] [t:96] Handling async callback 
[17:07:54.125] [trace] [t:96] Calling InitCallbackList
[17:07:54.126] [trace] [t:96] Received completion queue callback
[17:07:54.126] [trace] [t:96] Handling async callback 
[17:07:54.126] [trace] [t:96] Calling InitCallbackList
[17:07:54.127] [trace] [t:96] Received completion queue callback
[17:07:54.127] [trace] [t:96] Handling async callback 
[17:07:54.127] [trace] [t:96] Calling InitCallbackList
[17:07:54.128] [trace] [t:96] Received completion queue callback
[17:07:54.128] [trace] [t:96] Handling async callback 
[17:07:54.128] [trace] [t:96] Calling InitCallbackList
[17:07:54.129] [trace] [t:96] Received completion queue callback
[17:07:54.129] [trace] [t:96] Handling async callback 
[17:07:54.129] [trace] [t:96] Calling InitCallbackList
[17:07:54.129] [trace] [t:96] Received completion queue callback
[17:07:54.129] [trace] [t:96] Handling async callback 
[17:07:54.129] [trace] [t:96] Calling InitCallbackList
[17:07:54.130] [trace] [t:96] Received completion queue callback
[17:07:54.130] [trace] [t:96] Handling async callback 
[17:07:54.130] [trace] [t:96] Calling InitCallbackList
[17:07:54.131] [trace] [t:96] Received completion queue callback
[17:07:54.131] [trace] [t:96] Handling async callback 
[17:07:54.131] [trace] [t:96] Calling InitCallbackList
[17:07:54.132] [trace] [t:96] Received completion queue callback
[17:07:54.132] [trace] [t:96] Handling async callback 
[17:07:54.132] [trace] [t:96] Calling InitCallbackList
[17:07:54.132] [trace] [t:96] Received completion queue callback
[17:07:54.132] [trace] [t:96] Handling async callback 
[17:07:54.132] [trace] [t:96] Calling InitCallbackList
[17:07:54.134] [trace] [t:96] Received completion queue callback
[17:07:54.134] [trace] [t:96] Handling async callback 
[17:07:54.134] [trace] [t:96] Calling InitCallbackList
[17:07:54.135] [trace] [t:96] Received completion queue callback
[17:07:54.135] [trace] [t:96] Handling async callback 
[17:07:54.135] [trace] [t:96] Calling InitCallbackList
[17:07:54.136] [trace] [t:96] Received completion queue callback
[17:07:54.136] [trace] [t:96] Handling async callback 
[17:07:54.136] [trace] [t:96] Calling InitCallbackList
[17:07:54.136] [trace] [t:96] Received completion queue callback
[17:07:54.136] [trace] [t:96] Handling async callback 
[17:07:54.136] [trace] [t:96] Calling InitCallbackList
[17:07:54.138] [trace] [t:96] Received completion queue callback
[17:07:54.138] [trace] [t:96] Handling async callback 
[17:07:54.138] [trace] [t:96] Calling InitCallbackList
[17:07:54.139] [trace] [t:96] Received completion queue callback
[17:07:54.139] [trace] [t:96] Handling async callback 
[17:07:54.139] [trace] [t:96] Calling InitCallbackList
[17:07:54.140] [trace] [t:96] Received completion queue callback
[17:07:54.140] [trace] [t:96] Handling async callback 
[17:07:54.140] [trace] [t:96] Calling InitCallbackList
[17:07:54.141] [trace] [t:96] Received completion queue callback
[17:07:54.141] [trace] [t:96] Handling async callback 
[17:07:54.141] [trace] [t:96] Calling InitCallbackList
[17:07:54.142] [trace] [t:96] Received completion queue callback
[17:07:54.142] [trace] [t:96] Handling async callback 
[17:07:54.142] [trace] [t:96] Calling InitCallbackList
[17:07:54.142] [trace] [t:96] Received completion queue callback
[17:07:54.142] [trace] [t:96] Handling async callback 
[17:07:54.143] [trace] [t:96] Calling InitCallbackList
[17:07:54.144] [trace] [t:96] Received completion queue callback
[17:07:54.144] [trace] [t:96] Handling async callback 
[17:07:54.144] [trace] [t:96] Calling InitCallbackList
[17:07:54.145] [trace] [t:96] Received completion queue callback
[17:07:54.145] [trace] [t:96] Handling async callback 
[17:07:54.145] [trace] [t:96] Calling InitCallbackList
[17:07:54.145] [trace] [t:96] Received completion queue callback
[17:07:54.145] [trace] [t:96] Handling async callback 
[17:07:54.145] [trace] [t:96] Calling InitCallbackList
[17:07:54.146] [trace] [t:96] Received completion queue callback
[17:07:54.146] [trace] [t:96] Handling async callback 
[17:07:54.146] [trace] [t:96] Calling InitCallbackList
[17:07:54.147] [trace] [t:96] Received completion queue callback
[17:07:54.147] [trace] [t:96] Handling async callback 
[17:07:54.147] [trace] [t:96] Calling InitCallbackList
[17:07:54.148] [trace] [t:96] Received completion queue callback
[17:07:54.148] [trace] [t:96] Handling async callback 
[17:07:54.148] [trace] [t:96] Calling InitCallbackList
[17:07:54.149] [trace] [t:96] Received completion queue callback
[17:07:54.149] [trace] [t:96] Handling async callback 
[17:07:54.149] [trace] [t:96] Calling InitCallbackList
[17:07:54.150] [trace] [t:96] Received completion queue callback
[17:07:54.150] [trace] [t:96] Handling async callback 
[17:07:54.150] [trace] [t:96] Calling InitCallbackList
[17:07:54.151] [trace] [t:96] Received completion queue callback
[17:07:54.151] [trace] [t:96] Handling async callback 
[17:07:54.151] [trace] [t:96] Calling InitCallbackList
[17:07:54.152] [trace] [t:96] Received completion queue callback
[17:07:54.152] [trace] [t:96] Handling async callback 
[17:07:54.152] [trace] [t:96] Calling InitCallbackList
[17:07:54.153] [trace] [t:96] Received completion queue callback
[17:07:54.153] [trace] [t:96] Handling async callback 
[17:07:54.153] [trace] [t:96] Calling InitCallbackList
[17:07:54.155] [trace] [t:96] Received completion queue callback
[17:07:54.155] [trace] [t:96] Handling async callback 
[17:07:54.155] [trace] [t:96] Calling InitCallbackList
[17:07:54.156] [trace] [t:96] Received completion queue callback
[17:07:54.156] [trace] [t:96] Handling async callback 
[17:07:54.156] [trace] [t:96] Calling InitCallbackList
[17:07:54.157] [trace] [t:96] Received completion queue callback
[17:07:54.157] [trace] [t:96] Handling async callback 
[17:07:54.157] [trace] [t:96] Calling InitCallbackList
[17:07:54.158] [trace] [t:96] Received completion queue callback
[17:07:54.158] [trace] [t:96] Handling async callback 
[17:07:54.158] [trace] [t:96] Calling InitCallbackList
[17:07:54.158] [trace] [t:96] Received completion queue callback
[17:07:54.158] [trace] [t:96] Handling async callback 
[17:07:54.158] [trace] [t:96] Calling InitCallbackList
[17:07:54.159] [trace] [t:96] Received completion queue callback
[17:07:54.159] [trace] [t:96] Handling async callback 
[17:07:54.159] [trace] [t:96] Calling InitCallbackList
[17:07:54.160] [trace] [t:96] Received completion queue callback
[17:07:54.160] [trace] [t:96] Handling async callback 
[17:07:54.160] [trace] [t:96] Calling InitCallbackList
[17:07:54.161] [trace] [t:96] Received completion queue callback
[17:07:54.161] [trace] [t:96] Handling async callback 
[17:07:54.161] [trace] [t:96] Calling InitCallbackList
[17:07:54.162] [trace] [t:96] Received completion queue callback
[17:07:54.162] [trace] [t:96] Handling async callback 
[17:07:54.162] [trace] [t:96] Calling InitCallbackList
[17:07:54.163] [trace] [t:96] Received completion queue callback
[17:07:54.163] [trace] [t:96] Handling async callback 
[17:07:54.163] [trace] [t:96] Calling InitCallbackList
[17:07:54.164] [trace] [t:96] Received completion queue callback
[17:07:54.164] [trace] [t:96] Handling async callback 
[17:07:54.164] [trace] [t:96] Calling InitCallbackList
[17:07:54.165] [trace] [t:96] Received completion queue callback
[17:07:54.165] [trace] [t:96] Handling async callback 
[17:07:54.165] [trace] [t:96] Calling InitCallbackList
[17:07:54.166] [trace] [t:96] Received completion queue callback
[17:07:54.166] [trace] [t:96] Handling async callback 
[17:07:54.166] [trace] [t:96] Calling InitCallbackList
[17:07:54.167] [trace] [t:96] Received completion queue callback
[17:07:54.167] [trace] [t:96] Handling async callback 
[17:07:54.167] [trace] [t:96] Calling InitCallbackList
[17:07:54.168] [trace] [t:96] Received completion queue callback
[17:07:54.168] [trace] [t:96] Handling async callback 
[17:07:54.168] [trace] [t:96] Calling InitCallbackList
[17:07:54.169] [trace] [t:96] Received completion queue callback
[17:07:54.169] [trace] [t:96] Handling async callback 
[17:07:54.169] [trace] [t:96] Calling InitCallbackList
[17:07:54.170] [trace] [t:96] Received completion queue callback
[17:07:54.170] [trace] [t:96] Handling async callback 
[17:07:54.170] [trace] [t:96] Calling InitCallbackList
[17:07:54.171] [trace] [t:96] Received completion queue callback
[17:07:54.171] [trace] [t:96] Handling async callback 
[17:07:54.171] [trace] [t:96] Calling InitCallbackList
[17:07:54.172] [trace] [t:96] Received completion queue callback
[17:07:54.172] [trace] [t:96] Handling async callback 
[17:07:54.172] [trace] [t:96] Calling InitCallbackList
[17:07:54.173] [trace] [t:96] Received completion queue callback
[17:07:54.173] [trace] [t:96] Handling async callback 
[17:07:54.173] [trace] [t:96] Calling InitCallbackList
[17:07:54.173] [trace] [t:96] Received completion queue callback
[17:07:54.174] [trace] [t:96] Handling async callback 
[17:07:54.174] [trace] [t:96] Calling InitCallbackList
[17:07:54.175] [trace] [t:96] Received completion queue callback
[17:07:54.175] [trace] [t:96] Handling async callback 
[17:07:54.175] [trace] [t:96] Calling InitCallbackList
[17:07:54.175] [trace] [t:96] Received completion queue callback
[17:07:54.175] [trace] [t:96] Handling async callback 
[17:07:54.175] [trace] [t:96] Calling InitCallbackList
[17:07:54.176] [trace] [t:96] Received completion queue callback
[17:07:54.176] [trace] [t:96] Handling async callback 
[17:07:54.176] [trace] [t:96] Calling InitCallbackList
[17:07:54.177] [trace] [t:96] Received completion queue callback
[17:07:54.177] [trace] [t:96] Handling async callback 
[17:07:54.177] [trace] [t:96] Calling InitCallbackList
[17:07:54.178] [trace] [t:96] Received completion queue callback
[17:07:54.178] [trace] [t:96] Handling async callback 
[17:07:54.178] [trace] [t:96] Calling InitCallbackList
[17:07:54.178] [trace] [t:96] Received completion queue callback
[17:07:54.178] [trace] [t:96] Handling async callback 
[17:07:54.178] [trace] [t:96] Calling InitCallbackList
[17:07:54.179] [trace] [t:96] Received completion queue callback
[17:07:54.179] [trace] [t:96] Handling async callback 
[17:07:54.179] [trace] [t:96] Calling InitCallbackList
[17:07:54.180] [trace] [t:96] Received completion queue callback
[17:07:54.180] [trace] [t:96] Handling async callback 
[17:07:54.180] [trace] [t:96] Calling InitCallbackList
[17:07:54.181] [trace] [t:96] Received completion queue callback
[17:07:54.181] [trace] [t:96] Handling async callback 
[17:07:54.181] [trace] [t:96] Calling InitCallbackList
[17:07:54.182] [trace] [t:96] Received completion queue callback
[17:07:54.182] [trace] [t:96] Handling async callback 
[17:07:54.182] [trace] [t:96] Calling InitCallbackList
[17:07:54.184] [trace] [t:96] Received completion queue callback
[17:07:54.184] [trace] [t:96] Handling async callback 
[17:07:54.185] [trace] [t:96] Calling InitCallbackList
[17:07:54.185] [trace] [t:96] Received completion queue callback
[17:07:54.185] [trace] [t:96] Handling async callback 
[17:07:54.185] [trace] [t:96] Calling InitCallbackList
[17:07:54.186] [trace] [t:96] Received completion queue callback
[17:07:54.186] [trace] [t:96] Handling async callback 
[17:07:54.186] [trace] [t:96] Calling InitCallbackList
[17:07:54.187] [trace] [t:96] Received completion queue callback
[17:07:54.187] [trace] [t:96] Handling async callback 
[17:07:54.187] [trace] [t:96] Calling InitCallbackList
[17:07:54.188] [trace] [t:96] Received completion queue callback
[17:07:54.188] [trace] [t:96] Handling async callback 
[17:07:54.188] [trace] [t:96] Calling InitCallbackList
[17:07:54.188] [trace] [t:96] Received completion queue callback
[17:07:54.188] [trace] [t:96] Handling async callback 
[17:07:54.189] [trace] [t:96] Calling InitCallbackList
[17:07:54.189] [trace] [t:96] Received completion queue callback
[17:07:54.189] [trace] [t:96] Handling async callback 
[17:07:54.189] [trace] [t:96] Calling InitCallbackList
[17:07:54.190] [trace] [t:96] Received completion queue callback
[17:07:54.190] [trace] [t:96] Handling async callback 
[17:07:54.190] [trace] [t:96] Calling InitCallbackList
[17:07:54.191] [trace] [t:96] Received completion queue callback
[17:07:54.191] [trace] [t:96] Handling async callback 
[17:07:54.191] [trace] [t:96] Calling InitCallbackList
[17:07:54.192] [trace] [t:96] Received completion queue callback
[17:07:54.192] [trace] [t:96] Handling async callback 
[17:07:54.192] [trace] [t:96] Calling InitCallbackList
[17:07:54.193] [trace] [t:96] Received completion queue callback
[17:07:54.193] [trace] [t:96] Handling async callback 
[17:07:54.193] [trace] [t:96] Calling InitCallbackList
[17:07:54.193] [trace] [t:96] Received completion queue callback
[17:07:54.193] [trace] [t:96] Handling async callback 
[17:07:54.194] [trace] [t:96] Calling InitCallbackList
[17:07:54.194] [trace] [t:96] Received completion queue callback
[17:07:54.194] [trace] [t:96] Handling async callback 
[17:07:54.194] [trace] [t:96] Calling InitCallbackList
[17:07:54.195] [trace] [t:96] Received completion queue callback
[17:07:54.195] [trace] [t:96] Handling async callback 
[17:07:54.195] [trace] [t:96] Calling InitCallbackList
[17:07:54.196] [trace] [t:96] Received completion queue callback
[17:07:54.196] [trace] [t:96] Handling async callback 
[17:07:54.196] [trace] [t:96] Calling InitCallbackList
[17:07:54.197] [trace] [t:96] Received completion queue callback
[17:07:54.197] [trace] [t:96] Handling async callback 
[17:07:54.197] [trace] [t:96] Calling InitCallbackList
[17:07:54.198] [trace] [t:96] Received completion queue callback
[17:07:54.198] [trace] [t:96] Handling async callback 
[17:07:54.198] [trace] [t:96] Calling InitCallbackList
[17:07:54.198] [trace] [t:96] Received completion queue callback
[17:07:54.198] [trace] [t:96] Handling async callback 
[17:07:54.198] [trace] [t:96] Calling InitCallbackList
[17:07:54.199] [trace] [t:96] Received completion queue callback
[17:07:54.199] [trace] [t:96] Handling async callback 
[17:07:54.199] [trace] [t:96] Calling InitCallbackList
[17:07:54.200] [trace] [t:96] Received completion queue callback
[17:07:54.200] [trace] [t:96] Handling async callback 
[17:07:54.200] [trace] [t:96] Calling InitCallbackList
[17:07:54.201] [trace] [t:96] Received completion queue callback
[17:07:54.201] [trace] [t:96] Handling async callback 
[17:07:54.201] [trace] [t:96] Calling InitCallbackList
[17:07:54.202] [trace] [t:96] Received completion queue callback
[17:07:54.202] [trace] [t:96] Handling async callback 
[17:07:54.202] [trace] [t:96] Calling InitCallbackList
[17:07:54.202] [trace] [t:96] Received completion queue callback
[17:07:54.202] [trace] [t:96] Handling async callback 
[17:07:54.203] [trace] [t:96] Calling InitCallbackList
[17:07:54.203] [trace] [t:96] Received completion queue callback
[17:07:54.203] [trace] [t:96] Handling async callback 
[17:07:54.203] [trace] [t:96] Calling InitCallbackList
[17:07:54.204] [trace] [t:96] Received completion queue callback
[17:07:54.204] [trace] [t:96] Handling async callback 
[17:07:54.204] [trace] [t:96] Calling InitCallbackList
[17:07:54.205] [trace] [t:96] Received completion queue callback
[17:07:54.205] [trace] [t:96] Handling async callback 
[17:07:54.205] [trace] [t:96] Calling InitCallbackList
[17:07:54.206] [trace] [t:96] Received completion queue callback
[17:07:54.206] [trace] [t:96] Handling async callback 
[17:07:54.206] [trace] [t:96] Calling InitCallbackList
[17:07:54.207] [trace] [t:96] Received completion queue callback
[17:07:54.207] [trace] [t:96] Handling async callback 
[17:07:54.207] [trace] [t:96] Calling InitCallbackList
[17:07:54.208] [trace] [t:96] Received completion queue callback
[17:07:54.208] [trace] [t:96] Handling async callback 
[17:07:54.208] [trace] [t:96] Calling InitCallbackList
[17:07:54.208] [trace] [t:96] Received completion queue callback
[17:07:54.208] [trace] [t:96] Handling async callback 
[17:07:54.208] [trace] [t:96] Calling InitCallbackList
[17:07:54.209] [trace] [t:96] Received completion queue callback
[17:07:54.209] [trace] [t:96] Handling async callback 
[17:07:54.209] [trace] [t:96] Calling InitCallbackList
[17:07:54.210] [trace] [t:96] Received completion queue callback
[17:07:54.210] [trace] [t:96] Handling async callback 
[17:07:54.210] [trace] [t:96] Calling InitCallbackList
[17:07:54.210] [trace] [t:96] Received completion queue callback
[17:07:54.211] [trace] [t:96] Handling async callback 
[17:07:54.211] [trace] [t:96] Calling InitCallbackList
[17:07:54.211] [trace] [t:96] Received completion queue callback
[17:07:54.211] [trace] [t:96] Handling async callback 
[17:07:54.211] [trace] [t:96] Calling InitCallbackList
[17:07:54.212] [trace] [t:96] Received completion queue callback
[17:07:54.212] [trace] [t:96] Handling async callback 
[17:07:54.212] [trace] [t:96] Calling InitCallbackList
[17:07:54.213] [trace] [t:96] Received completion queue callback
[17:07:54.213] [trace] [t:96] Handling async callback 
[17:07:54.213] [trace] [t:96] Calling InitCallbackList
[17:07:54.214] [trace] [t:96] Received completion queue callback
[17:07:54.214] [trace] [t:96] Handling async callback 
[17:07:54.214] [trace] [t:96] Calling InitCallbackList
[17:07:54.215] [trace] [t:96] Received completion queue callback
[17:07:54.215] [trace] [t:96] Handling async callback 
[17:07:54.215] [trace] [t:96] Calling InitCallbackList
[17:07:54.215] [trace] [t:96] Received completion queue callback
[17:07:54.216] [trace] [t:96] Handling async callback 
[17:07:54.216] [trace] [t:96] Calling InitCallbackList
[17:07:54.216] [trace] [t:96] Received completion queue callback
[17:07:54.216] [trace] [t:96] Handling async callback 
[17:07:54.216] [trace] [t:96] Calling InitCallbackList
[17:07:54.217] [trace] [t:96] Received completion queue callback
[17:07:54.217] [trace] [t:96] Handling async callback 
[17:07:54.217] [trace] [t:96] Calling InitCallbackList
[17:07:54.218] [trace] [t:96] Received completion queue callback
[17:07:54.218] [trace] [t:96] Handling async callback 
[17:07:54.218] [trace] [t:96] Calling InitCallbackList
[17:07:54.219] [trace] [t:96] Received completion queue callback
[17:07:54.219] [trace] [t:96] Handling async callback 
[17:07:54.219] [trace] [t:96] Calling InitCallbackList
[17:07:54.220] [trace] [t:96] Received completion queue callback
[17:07:54.220] [trace] [t:96] Handling async callback 
[17:07:54.220] [trace] [t:96] Calling InitCallbackList
[17:07:54.221] [trace] [t:96] Received completion queue callback
[17:07:54.221] [trace] [t:96] Handling async callback 
[17:07:54.221] [trace] [t:96] Calling InitCallbackList
[17:07:54.222] [trace] [t:96] Received completion queue callback
[17:07:54.222] [trace] [t:96] Handling async callback 
[17:07:54.222] [trace] [t:96] Calling InitCallbackList
[17:07:54.223] [trace] [t:96] Received completion queue callback
[17:07:54.223] [trace] [t:96] Handling async callback 
[17:07:54.223] [trace] [t:96] Calling InitCallbackList
[17:07:54.223] [trace] [t:96] Received completion queue callback
[17:07:54.223] [trace] [t:96] Handling async callback 
[17:07:54.223] [trace] [t:96] Calling InitCallbackList
[17:07:54.224] [trace] [t:96] Received completion queue callback
[17:07:54.224] [trace] [t:96] Handling async callback 
[17:07:54.224] [trace] [t:96] Calling InitCallbackList
[17:07:54.225] [trace] [t:96] Received completion queue callback
[17:07:54.225] [trace] [t:96] Handling async callback 
[17:07:54.225] [trace] [t:96] Calling InitCallbackList
[17:07:54.225] [trace] [t:96] Received completion queue callback
[17:07:54.226] [trace] [t:96] Handling async callback 
[17:07:54.226] [trace] [t:96] Calling InitCallbackList
[17:07:54.226] [trace] [t:96] Received completion queue callback
[17:07:54.226] [trace] [t:96] Handling async callback 
[17:07:54.226] [trace] [t:96] Calling InitCallbackList
[17:07:54.227] [trace] [t:96] Received completion queue callback
[17:07:54.227] [trace] [t:96] Handling async callback 
[17:07:54.227] [trace] [t:96] Calling InitCallbackList
[17:07:54.228] [trace] [t:96] Received completion queue callback
[17:07:54.228] [trace] [t:96] Handling async callback 
[17:07:54.228] [trace] [t:96] Calling InitCallbackList
[17:07:54.228] [trace] [t:96] Received completion queue callback
[17:07:54.228] [trace] [t:96] Handling async callback 
[17:07:54.228] [trace] [t:96] Calling InitCallbackList
[17:07:54.229] [trace] [t:96] Received completion queue callback
[17:07:54.230] [trace] [t:96] Handling async callback 
[17:07:54.230] [trace] [t:96] Calling InitCallbackList
[17:07:54.230] [trace] [t:96] Received completion queue callback
[17:07:54.230] [trace] [t:96] Handling async callback 
[17:07:54.231] [trace] [t:96] Calling InitCallbackList
[17:07:54.231] [trace] [t:96] Received completion queue callback
[17:07:54.231] [trace] [t:96] Handling async callback 
[17:07:54.231] [trace] [t:96] Calling InitCallbackList
[17:07:54.232] [trace] [t:96] Received completion queue callback
[17:07:54.232] [trace] [t:96] Handling async callback 
[17:07:54.232] [trace] [t:96] Calling InitCallbackList
[17:07:54.233] [trace] [t:96] Received completion queue callback
[17:07:54.233] [trace] [t:96] Handling async callback 
[17:07:54.233] [trace] [t:96] Calling InitCallbackList
[17:07:54.234] [trace] [t:96] Received completion queue callback
[17:07:54.234] [trace] [t:96] Handling async callback 
[17:07:54.234] [trace] [t:96] Calling InitCallbackList
[17:07:54.235] [trace] [t:96] Received completion queue callback
[17:07:54.235] [trace] [t:96] Handling async callback 
[17:07:54.235] [trace] [t:96] Calling InitCallbackList
[17:07:54.236] [trace] [t:96] Received completion queue callback
[17:07:54.236] [trace] [t:96] Handling async callback 
[17:07:54.236] [trace] [t:96] Calling InitCallbackList
[17:07:54.236] [trace] [t:96] Received completion queue callback
[17:07:54.236] [trace] [t:96] Handling async callback 
[17:07:54.236] [trace] [t:96] Calling InitCallbackList
[17:07:54.237] [trace] [t:96] Received completion queue callback
[17:07:54.237] [trace] [t:96] Handling async callback 
[17:07:54.237] [trace] [t:96] Calling InitCallbackList
[17:07:54.238] [trace] [t:96] Received completion queue callback
[17:07:54.238] [trace] [t:96] Handling async callback 
[17:07:54.238] [trace] [t:96] Calling InitCallbackList
[17:07:54.239] [trace] [t:96] Received completion queue callback
[17:07:54.239] [trace] [t:96] Handling async callback 
[17:07:54.239] [trace] [t:96] Calling InitCallbackList
[17:07:54.240] [trace] [t:96] Received completion queue callback
[17:07:54.240] [trace] [t:96] Handling async callback 
[17:07:54.240] [trace] [t:96] Calling InitCallbackList
[17:07:54.241] [trace] [t:96] Received completion queue callback
[17:07:54.241] [trace] [t:96] Handling async callback 
[17:07:54.241] [trace] [t:96] Calling InitCallbackList
[17:07:54.242] [trace] [t:96] Received completion queue callback
[17:07:54.242] [trace] [t:96] Handling async callback 
[17:07:54.242] [trace] [t:96] Calling InitCallbackList
[17:07:54.243] [trace] [t:96] Received completion queue callback
[17:07:54.243] [trace] [t:96] Handling async callback 
[17:07:54.243] [trace] [t:96] Calling InitCallbackList
[17:07:54.243] [trace] [t:96] Received completion queue callback
[17:07:54.243] [trace] [t:96] Handling async callback 
[17:07:54.243] [trace] [t:96] Calling InitCallbackList
[17:07:54.244] [trace] [t:96] Received completion queue callback
[17:07:54.244] [trace] [t:96] Handling async callback 
[17:07:54.244] [trace] [t:96] Calling InitCallbackList
[17:07:54.245] [trace] [t:96] Received completion queue callback
[17:07:54.245] [trace] [t:96] Handling async callback 
[17:07:54.245] [trace] [t:96] Calling InitCallbackList
[17:07:54.246] [trace] [t:96] Received completion queue callback
[17:07:54.246] [trace] [t:96] Handling async callback 
[17:07:54.246] [trace] [t:96] Calling InitCallbackList
[17:07:54.246] [trace] [t:96] Received completion queue callback
[17:07:54.246] [trace] [t:96] Handling async callback 
[17:07:54.246] [trace] [t:96] Calling InitCallbackList
[17:07:54.247] [trace] [t:96] Received completion queue callback
[17:07:54.247] [trace] [t:96] Handling async callback 
[17:07:54.247] [trace] [t:96] Calling InitCallbackList
[17:07:54.248] [trace] [t:96] Received completion queue callback
[17:07:54.248] [trace] [t:96] Handling async callback 
[17:07:54.248] [trace] [t:96] Calling InitCallbackList
[17:07:54.249] [trace] [t:96] Received completion queue callback
[17:07:54.249] [trace] [t:96] Handling async callback 
[17:07:54.249] [trace] [t:96] Calling InitCallbackList
[17:07:54.250] [trace] [t:96] Received completion queue callback
[17:07:54.250] [trace] [t:96] Handling async callback 
[17:07:54.250] [trace] [t:96] Calling InitCallbackList
[17:07:54.251] [trace] [t:96] Received completion queue callback
[17:07:54.251] [trace] [t:96] Handling async callback 
[17:07:54.251] [trace] [t:96] Calling InitCallbackList
[17:07:54.251] [trace] [t:96] Received completion queue callback
[17:07:54.252] [trace] [t:96] Handling async callback 
[17:07:54.252] [trace] [t:96] Calling InitCallbackList
[17:07:54.252] [trace] [t:96] Received completion queue callback
[17:07:54.252] [trace] [t:96] Handling async callback 
[17:07:54.252] [trace] [t:96] Calling InitCallbackList
[17:07:54.253] [trace] [t:96] Received completion queue callback
[17:07:54.253] [trace] [t:96] Handling async callback 
[17:07:54.253] [trace] [t:96] Calling InitCallbackList
[17:07:54.254] [trace] [t:96] Received completion queue callback
[17:07:54.254] [trace] [t:96] Handling async callback 
[17:07:54.254] [trace] [t:96] Calling InitCallbackList
[17:07:54.254] [trace] [t:96] Received completion queue callback
[17:07:54.254] [trace] [t:96] Handling async callback 
[17:07:54.255] [trace] [t:96] Calling InitCallbackList
[17:07:54.255] [trace] [t:96] Received completion queue callback
[17:07:54.255] [trace] [t:96] Handling async callback 
[17:07:54.255] [trace] [t:96] Calling InitCallbackList
[17:07:54.256] [trace] [t:96] Received completion queue callback
[17:07:54.256] [trace] [t:96] Handling async callback 
[17:07:54.256] [trace] [t:96] Calling InitCallbackList
[17:07:54.257] [trace] [t:96] Received completion queue callback
[17:07:54.257] [trace] [t:96] Handling async callback 
[17:07:54.257] [trace] [t:96] Calling InitCallbackList
[17:07:54.259] [trace] [t:96] Received completion queue callback
[17:07:54.259] [trace] [t:96] Handling async callback 
[17:07:54.259] [trace] [t:96] Calling InitCallbackList
[17:07:54.259] [trace] [t:96] Received completion queue callback
[17:07:54.259] [trace] [t:96] Handling async callback 
[17:07:54.259] [trace] [t:96] Calling InitCallbackList
[17:07:54.260] [trace] [t:96] Received completion queue callback
[17:07:54.260] [trace] [t:96] Handling async callback 
[17:07:54.260] [trace] [t:96] Calling InitCallbackList
[17:07:54.261] [trace] [t:96] Received completion queue callback
[17:07:54.261] [trace] [t:96] Handling async callback 
[17:07:54.261] [trace] [t:96] Calling InitCallbackList
[17:07:54.262] [trace] [t:96] Received completion queue callback
[17:07:54.262] [trace] [t:96] Handling async callback 
[17:07:54.262] [trace] [t:96] Calling InitCallbackList
[17:07:54.263] [trace] [t:96] Received completion queue callback
[17:07:54.263] [trace] [t:96] Handling async callback 
[17:07:54.263] [trace] [t:96] Calling InitCallbackList
[17:07:54.264] [trace] [t:96] Received completion queue callback
[17:07:54.264] [trace] [t:96] Handling async callback 
[17:07:54.264] [trace] [t:96] Calling InitCallbackList
[17:07:54.265] [trace] [t:96] Received completion queue callback
[17:07:54.265] [trace] [t:96] Handling async callback 
[17:07:54.265] [trace] [t:96] Calling InitCallbackList
[17:07:54.265] [trace] [t:96] Received completion queue callback
[17:07:54.266] [trace] [t:96] Handling async callback 
[17:07:54.266] [trace] [t:96] Calling InitCallbackList
[17:07:54.266] [trace] [t:96] Received completion queue callback
[17:07:54.266] [trace] [t:96] Handling async callback 
[17:07:54.266] [trace] [t:96] Calling InitCallbackList
[17:07:54.267] [trace] [t:96] Received completion queue callback
[17:07:54.267] [trace] [t:96] Handling async callback 
[17:07:54.267] [trace] [t:96] Calling InitCallbackList
[17:07:54.268] [trace] [t:96] Received completion queue callback
[17:07:54.268] [trace] [t:96] Handling async callback 
[17:07:54.268] [trace] [t:96] Calling InitCallbackList
[17:07:54.269] [trace] [t:96] Received completion queue callback
[17:07:54.269] [trace] [t:96] Handling async callback 
[17:07:54.269] [trace] [t:96] Calling InitCallbackList
[17:07:54.270] [trace] [t:96] Received completion queue callback
[17:07:54.270] [trace] [t:96] Handling async callback 
[17:07:54.270] [trace] [t:96] Calling InitCallbackList
[17:07:54.271] [trace] [t:96] Received completion queue callback
[17:07:54.271] [trace] [t:96] Handling async callback 
[17:07:54.271] [trace] [t:96] Calling InitCallbackList
[17:07:54.272] [trace] [t:96] Received completion queue callback
[17:07:54.272] [trace] [t:96] Handling async callback 
[17:07:54.272] [trace] [t:96] Calling InitCallbackList
[17:07:54.272] [trace] [t:96] Received completion queue callback
[17:07:54.272] [trace] [t:96] Handling async callback 
[17:07:54.273] [trace] [t:96] Calling InitCallbackList
[17:07:54.273] [trace] [t:96] Received completion queue callback
[17:07:54.273] [trace] [t:96] Handling async callback 
[17:07:54.273] [trace] [t:96] Calling InitCallbackList
[17:07:54.274] [trace] [t:96] Received completion queue callback
[17:07:54.274] [trace] [t:96] Handling async callback 
[17:07:54.274] [trace] [t:96] Calling InitCallbackList
[17:07:54.275] [trace] [t:96] Received completion queue callback
[17:07:54.275] [trace] [t:96] Handling async callback 
[17:07:54.275] [trace] [t:96] Calling InitCallbackList
[17:07:54.276] [trace] [t:96] Received completion queue callback
[17:07:54.276] [trace] [t:96] Handling async callback 
[17:07:54.276] [trace] [t:96] Calling InitCallbackList
[17:07:54.276] [trace] [t:96] Received completion queue callback
[17:07:54.276] [trace] [t:96] Handling async callback 
[17:07:54.276] [trace] [t:96] Calling InitCallbackList
[17:07:54.277] [trace] [t:96] Received completion queue callback
[17:07:54.277] [trace] [t:96] Handling async callback 
[17:07:54.277] [trace] [t:96] Calling InitCallbackList
[17:07:54.278] [trace] [t:96] Received completion queue callback
[17:07:54.278] [trace] [t:96] Handling async callback 
[17:07:54.278] [trace] [t:96] Calling InitCallbackList
[17:07:54.279] [trace] [t:96] Received completion queue callback
[17:07:54.279] [trace] [t:96] Handling async callback 
[17:07:54.279] [trace] [t:96] Calling InitCallbackList
[17:07:54.279] [trace] [t:96] Received completion queue callback
[17:07:54.279] [trace] [t:96] Handling async callback 
[17:07:54.279] [trace] [t:96] Calling InitCallbackList
[17:07:54.280] [trace] [t:96] Received completion queue callback
[17:07:54.280] [trace] [t:96] Handling async callback 
[17:07:54.280] [trace] [t:96] Calling InitCallbackList
[17:07:54.281] [trace] [t:96] Received completion queue callback
[17:07:54.281] [trace] [t:96] Handling async callback 
[17:07:54.281] [trace] [t:96] Calling InitCallbackList
[17:07:54.282] [trace] [t:96] Received completion queue callback
[17:07:54.282] [trace] [t:96] Handling async callback 
[17:07:54.282] [trace] [t:96] Calling InitCallbackList
[17:07:54.283] [trace] [t:96] Received completion queue callback
[17:07:54.283] [trace] [t:96] Handling async callback 
[17:07:54.283] [trace] [t:96] Calling InitCallbackList
[17:07:54.283] [trace] [t:96] Received completion queue callback
[17:07:54.283] [trace] [t:96] Handling async callback 
[17:07:54.283] [trace] [t:96] Calling InitCallbackList
[17:07:54.284] [trace] [t:96] Received completion queue callback
[17:07:54.284] [trace] [t:96] Handling async callback 
[17:07:54.284] [trace] [t:96] Calling InitCallbackList
[17:07:54.285] [trace] [t:96] Received completion queue callback
[17:07:54.285] [trace] [t:96] Handling async callback 
[17:07:54.285] [trace] [t:96] Calling InitCallbackList
[17:07:54.286] [trace] [t:96] Received completion queue callback
[17:07:54.286] [trace] [t:96] Handling async callback 
[17:07:54.286] [trace] [t:96] Calling InitCallbackList
[17:07:54.287] [trace] [t:96] Received completion queue callback
[17:07:54.287] [trace] [t:96] Handling async callback 
[17:07:54.287] [trace] [t:96] Calling InitCallbackList
[17:07:54.287] [trace] [t:96] Received completion queue callback
[17:07:54.288] [trace] [t:96] Handling async callback 
[17:07:54.288] [trace] [t:96] Calling InitCallbackList
[17:07:54.288] [trace] [t:96] Received completion queue callback
[17:07:54.288] [trace] [t:96] Handling async callback 
[17:07:54.288] [trace] [t:96] Calling InitCallbackList
[17:07:54.289] [trace] [t:96] Received completion queue callback
[17:07:54.289] [trace] [t:96] Handling async callback 
[17:07:54.289] [trace] [t:96] Calling InitCallbackList
[17:07:54.290] [trace] [t:96] Received completion queue callback
[17:07:54.290] [trace] [t:96] Handling async callback 
[17:07:54.290] [trace] [t:96] Calling InitCallbackList
[17:07:54.292] [trace] [t:96] Received completion queue callback
[17:07:54.292] [trace] [t:96] Handling async callback 
[17:07:54.292] [trace] [t:96] Calling InitCallbackList
[17:07:54.292] [trace] [t:96] Received completion queue callback
[17:07:54.292] [trace] [t:96] Handling async callback 
[17:07:54.292] [trace] [t:96] Calling InitCallbackList
[17:07:54.293] [trace] [t:96] Received completion queue callback
[17:07:54.293] [trace] [t:96] Handling async callback 
[17:07:54.293] [trace] [t:96] Calling InitCallbackList
[17:07:54.294] [trace] [t:96] Received completion queue callback
[17:07:54.294] [trace] [t:96] Handling async callback 
[17:07:54.294] [trace] [t:96] Calling InitCallbackList
[17:07:54.295] [trace] [t:96] Received completion queue callback
[17:07:54.295] [trace] [t:96] Handling async callback 
[17:07:54.296] [trace] [t:96] Calling InitCallbackList
[17:07:54.296] [trace] [t:96] Received completion queue callback
[17:07:54.296] [trace] [t:96] Handling async callback 
[17:07:54.296] [trace] [t:96] Calling InitCallbackList
[17:07:54.297] [trace] [t:96] Received completion queue callback
[17:07:54.297] [trace] [t:96] Handling async callback 
[17:07:54.297] [trace] [t:96] Calling InitCallbackList
[17:07:54.298] [trace] [t:96] Received completion queue callback
[17:07:54.298] [trace] [t:96] Handling async callback 
[17:07:54.298] [trace] [t:96] Calling InitCallbackList
[17:07:54.299] [trace] [t:96] Received completion queue callback
[17:07:54.299] [trace] [t:96] Handling async callback 
[17:07:54.299] [trace] [t:96] Calling InitCallbackList
[17:07:54.300] [trace] [t:96] Received completion queue callback
[17:07:54.300] [trace] [t:96] Handling async callback 
[17:07:54.300] [trace] [t:96] Calling InitCallbackList
[17:07:54.301] [trace] [t:96] Received completion queue callback
[17:07:54.301] [trace] [t:96] Handling async callback 
[17:07:54.301] [trace] [t:96] Calling InitCallbackList
[17:07:54.302] [trace] [t:96] Received completion queue callback
[17:07:54.302] [trace] [t:96] Handling async callback 
[17:07:54.302] [trace] [t:96] Calling InitCallbackList
[17:07:54.302] [trace] [t:96] Received completion queue callback
[17:07:54.302] [trace] [t:96] Handling async callback 
[17:07:54.302] [trace] [t:96] Calling InitCallbackList
[17:07:54.303] [trace] [t:96] Received completion queue callback
[17:07:54.303] [trace] [t:96] Handling async callback 
[17:07:54.303] [trace] [t:96] Calling InitCallbackList
[17:07:54.304] [trace] [t:96] Received completion queue callback
[17:07:54.304] [trace] [t:96] Handling async callback 
[17:07:54.304] [trace] [t:96] Calling InitCallbackList
[17:07:54.305] [trace] [t:96] Received completion queue callback
[17:07:54.305] [trace] [t:96] Handling async callback 
[17:07:54.305] [trace] [t:96] Calling InitCallbackList
[17:07:54.306] [trace] [t:96] Received completion queue callback
[17:07:54.306] [trace] [t:96] Handling async callback 
[17:07:54.306] [trace] [t:96] Calling InitCallbackList
[17:07:54.307] [trace] [t:96] Received completion queue callback
[17:07:54.307] [trace] [t:96] Handling async callback 
[17:07:54.307] [trace] [t:96] Calling InitCallbackList
[17:07:54.308] [trace] [t:96] Received completion queue callback
[17:07:54.308] [trace] [t:96] Handling async callback 
[17:07:54.308] [trace] [t:96] Calling InitCallbackList
[17:07:54.309] [trace] [t:96] Received completion queue callback
[17:07:54.309] [trace] [t:96] Handling async callback 
[17:07:54.309] [trace] [t:96] Calling InitCallbackList
[17:07:54.310] [trace] [t:96] Received completion queue callback
[17:07:54.310] [trace] [t:96] Handling async callback 
[17:07:54.310] [trace] [t:96] Calling InitCallbackList
[17:07:54.310] [trace] [t:96] Received completion queue callback
[17:07:54.310] [trace] [t:96] Handling async callback 
[17:07:54.310] [trace] [t:96] Calling InitCallbackList
[17:07:54.311] [trace] [t:96] Received completion queue callback
[17:07:54.311] [trace] [t:96] Handling async callback 
[17:07:54.311] [trace] [t:96] Calling InitCallbackList
[17:07:54.312] [trace] [t:96] Received completion queue callback
[17:07:54.312] [trace] [t:96] Handling async callback 
[17:07:54.312] [trace] [t:96] Calling InitCallbackList
[17:07:54.312] [trace] [t:96] Received completion queue callback
[17:07:54.312] [trace] [t:96] Handling async callback 
[17:07:54.312] [trace] [t:96] Calling InitCallbackList
[17:07:54.313] [trace] [t:96] Received completion queue callback
[17:07:54.313] [trace] [t:96] Handling async callback 
[17:07:54.313] [trace] [t:96] Calling InitCallbackList
[17:07:54.314] [trace] [t:96] Received completion queue callback
[17:07:54.314] [trace] [t:96] Handling async callback 
[17:07:54.314] [trace] [t:96] Calling InitCallbackList
[17:07:54.315] [trace] [t:96] Received completion queue callback
[17:07:54.315] [trace] [t:96] Handling async callback 
[17:07:54.315] [trace] [t:96] Calling InitCallbackList
[17:07:54.316] [trace] [t:96] Received completion queue callback
[17:07:54.316] [trace] [t:96] Handling async callback 
[17:07:54.316] [trace] [t:96] Calling InitCallbackList
[17:07:54.317] [trace] [t:96] Received completion queue callback
[17:07:54.317] [trace] [t:96] Handling async callback 
[17:07:54.317] [trace] [t:96] Calling InitCallbackList
[17:07:54.318] [trace] [t:96] Received completion queue callback
[17:07:54.318] [trace] [t:96] Handling async callback 
[17:07:54.318] [trace] [t:96] Calling InitCallbackList
[17:07:54.318] [trace] [t:96] Received completion queue callback
[17:07:54.318] [trace] [t:96] Handling async callback 
[17:07:54.319] [trace] [t:96] Calling InitCallbackList
[17:07:54.319] [trace] [t:96] Received completion queue callback
[17:07:54.320] [trace] [t:96] Handling async callback 
[17:07:54.320] [trace] [t:96] Calling InitCallbackList
[17:07:54.320] [trace] [t:96] Received completion queue callback
[17:07:54.320] [trace] [t:96] Handling async callback 
[17:07:54.320] [trace] [t:96] Calling InitCallbackList
[17:07:54.321] [trace] [t:96] Received completion queue callback
[17:07:54.321] [trace] [t:96] Handling async callback 
[17:07:54.321] [trace] [t:96] Calling InitCallbackList
[17:07:54.322] [trace] [t:96] Received completion queue callback
[17:07:54.322] [trace] [t:96] Handling async callback 
[17:07:54.322] [trace] [t:96] Calling InitCallbackList
[17:07:54.322] [trace] [t:96] Received completion queue callback
[17:07:54.322] [trace] [t:96] Handling async callback 
[17:07:54.322] [trace] [t:96] Calling InitCallbackList
[17:07:54.323] [trace] [t:96] Received completion queue callback
[17:07:54.323] [trace] [t:96] Handling async callback 
[17:07:54.323] [trace] [t:96] Calling InitCallbackList
[17:07:54.324] [trace] [t:96] Received completion queue callback
[17:07:54.324] [trace] [t:96] Handling async callback 
[17:07:54.324] [trace] [t:96] Calling InitCallbackList
[17:07:54.325] [trace] [t:96] Received completion queue callback
[17:07:54.325] [trace] [t:96] Handling async callback 
[17:07:54.325] [trace] [t:96] Calling InitCallbackList
[17:07:54.325] [trace] [t:96] Received completion queue callback
[17:07:54.325] [trace] [t:96] Handling async callback 
[17:07:54.325] [trace] [t:96] Calling InitCallbackList
[17:07:54.326] [trace] [t:96] Received completion queue callback
[17:07:54.327] [trace] [t:96] Handling async callback 
[17:07:54.327] [trace] [t:96] Calling InitCallbackList
[17:07:54.327] [trace] [t:96] Received completion queue callback
[17:07:54.327] [trace] [t:96] Handling async callback 
[17:07:54.327] [trace] [t:96] Calling InitCallbackList
[17:07:54.328] [trace] [t:96] Received completion queue callback
[17:07:54.328] [trace] [t:96] Handling async callback 
[17:07:54.328] [trace] [t:96] Calling InitCallbackList
[17:07:54.329] [trace] [t:96] Received completion queue callback
[17:07:54.329] [trace] [t:96] Handling async callback 
[17:07:54.329] [trace] [t:96] Calling InitCallbackList
[17:07:54.330] [trace] [t:96] Received completion queue callback
[17:07:54.330] [trace] [t:96] Handling async callback 
[17:07:54.330] [trace] [t:96] Calling InitCallbackList
[17:07:54.331] [trace] [t:96] Received completion queue callback
[17:07:54.331] [trace] [t:96] Handling async callback 
[17:07:54.331] [trace] [t:96] Calling InitCallbackList
[17:07:54.333] [trace] [t:96] Received completion queue callback
[17:07:54.333] [trace] [t:96] Handling async callback 
[17:07:54.333] [trace] [t:96] Calling InitCallbackList
[17:07:54.333] [trace] [t:96] Received completion queue callback
[17:07:54.333] [trace] [t:96] Handling async callback 
[17:07:54.333] [trace] [t:96] Calling InitCallbackList
[17:07:54.334] [trace] [t:96] Received completion queue callback
[17:07:54.334] [trace] [t:96] Handling async callback 
[17:07:54.334] [trace] [t:96] Calling InitCallbackList
[17:07:54.335] [trace] [t:96] Received completion queue callback
[17:07:54.335] [trace] [t:96] Handling async callback 
[17:07:54.335] [trace] [t:96] Calling InitCallbackList
[17:07:54.336] [trace] [t:96] Received completion queue callback
[17:07:54.336] [trace] [t:96] Handling async callback 
[17:07:54.336] [trace] [t:96] Calling InitCallbackList
[17:07:54.336] [trace] [t:96] Received completion queue callback
[17:07:54.336] [trace] [t:96] Handling async callback 
[17:07:54.336] [trace] [t:96] Calling InitCallbackList
[17:07:54.337] [trace] [t:96] Received completion queue callback
[17:07:54.337] [trace] [t:96] Handling async callback 
[17:07:54.337] [trace] [t:96] Calling InitCallbackList
[17:07:54.338] [trace] [t:96] Received completion queue callback
[17:07:54.338] [trace] [t:96] Handling async callback 
[17:07:54.338] [trace] [t:96] Calling InitCallbackList
[17:07:54.338] [trace] [t:96] Received completion queue callback
[17:07:54.338] [trace] [t:96] Handling async callback 
[17:07:54.338] [trace] [t:96] Calling InitCallbackList
[17:07:54.340] [trace] [t:96] Received completion queue callback
[17:07:54.340] [trace] [t:96] Handling async callback 
[17:07:54.340] [trace] [t:96] Calling InitCallbackList
[17:07:54.341] [trace] [t:96] Received completion queue callback
[17:07:54.341] [trace] [t:96] Handling async callback 
[17:07:54.341] [trace] [t:96] Calling InitCallbackList
[17:07:54.342] [trace] [t:96] Received completion queue callback
[17:07:54.342] [trace] [t:96] Handling async callback 
[17:07:54.342] [trace] [t:96] Calling InitCallbackList
[17:07:54.343] [trace] [t:96] Received completion queue callback
[17:07:54.343] [trace] [t:96] Handling async callback 
[17:07:54.343] [trace] [t:96] Calling InitCallbackList
[17:07:54.344] [trace] [t:96] Received completion queue callback
[17:07:54.344] [trace] [t:96] Handling async callback 
[17:07:54.344] [trace] [t:96] Calling InitCallbackList
[17:07:54.345] [trace] [t:96] Received completion queue callback
[17:07:54.345] [trace] [t:96] Handling async callback 
[17:07:54.345] [trace] [t:96] Calling InitCallbackList
[17:07:54.345] [trace] [t:96] Received completion queue callback
[17:07:54.345] [trace] [t:96] Handling async callback 
[17:07:54.345] [trace] [t:96] Calling InitCallbackList
[17:07:54.346] [trace] [t:96] Received completion queue callback
[17:07:54.346] [trace] [t:96] Handling async callback 
[17:07:54.346] [trace] [t:96] Calling InitCallbackList
[17:07:54.347] [trace] [t:96] Received completion queue callback
[17:07:54.347] [trace] [t:96] Handling async callback 
[17:07:54.347] [trace] [t:96] Calling InitCallbackList
[17:07:54.349] [trace] [t:96] Received completion queue callback
[17:07:54.349] [trace] [t:96] Handling async callback 
[17:07:54.349] [trace] [t:96] Calling InitCallbackList
[17:07:54.350] [trace] [t:96] Received completion queue callback
[17:07:54.350] [trace] [t:96] Handling async callback 
[17:07:54.350] [trace] [t:96] Calling InitCallbackList
[17:07:54.351] [trace] [t:96] Received completion queue callback
[17:07:54.351] [trace] [t:96] Handling async callback 
[17:07:54.351] [trace] [t:96] Calling InitCallbackList
[17:07:54.352] [trace] [t:96] Received completion queue callback
[17:07:54.352] [trace] [t:96] Handling async callback 
[17:07:54.352] [trace] [t:96] Calling InitCallbackList
[17:07:54.353] [trace] [t:96] Received completion queue callback
[17:07:54.353] [trace] [t:96] Handling async callback 
[17:07:54.353] [trace] [t:96] Calling InitCallbackList
[17:07:54.354] [trace] [t:96] Received completion queue callback
[17:07:54.354] [trace] [t:96] Handling async callback 
[17:07:54.354] [trace] [t:96] Calling InitCallbackList
[17:07:54.354] [trace] [t:96] Received completion queue callback
[17:07:54.354] [trace] [t:96] Handling async callback 
[17:07:54.354] [trace] [t:96] Calling InitCallbackList
[17:07:54.355] [trace] [t:96] Received completion queue callback
[17:07:54.355] [trace] [t:96] Handling async callback 
[17:07:54.355] [trace] [t:96] Calling InitCallbackList
[17:07:54.356] [trace] [t:96] Received completion queue callback
[17:07:54.356] [trace] [t:96] Handling async callback 
[17:07:54.356] [trace] [t:96] Calling InitCallbackList
[17:07:54.357] [trace] [t:96] Received completion queue callback
[17:07:54.357] [trace] [t:96] Handling async callback 
[17:07:54.357] [trace] [t:96] Calling InitCallbackList
[17:07:54.358] [trace] [t:96] Received completion queue callback
[17:07:54.358] [trace] [t:96] Handling async callback 
[17:07:54.358] [trace] [t:96] Calling InitCallbackList
[17:07:54.358] [trace] [t:96] Received completion queue callback
[17:07:54.358] [trace] [t:96] Handling async callback 
[17:07:54.358] [trace] [t:96] Calling InitCallbackList
[17:07:54.359] [trace] [t:96] Received completion queue callback
[17:07:54.359] [trace] [t:96] Handling async callback 
[17:07:54.359] [trace] [t:96] Calling InitCallbackList
[17:07:54.360] [trace] [t:96] Received completion queue callback
[17:07:54.360] [trace] [t:96] Handling async callback 
[17:07:54.360] [trace] [t:96] Calling InitCallbackList
[17:07:54.361] [trace] [t:96] Received completion queue callback
[17:07:54.361] [trace] [t:96] Handling async callback 
[17:07:54.361] [trace] [t:96] Calling InitCallbackList
[17:07:54.362] [trace] [t:96] Received completion queue callback
[17:07:54.362] [trace] [t:96] Handling async callback 
[17:07:54.362] [trace] [t:96] Calling InitCallbackList
[17:07:54.362] [trace] [t:96] Received completion queue callback
[17:07:54.362] [trace] [t:96] Handling async callback 
[17:07:54.362] [trace] [t:96] Calling InitCallbackList
[17:07:54.364] [trace] [t:96] Received completion queue callback
[17:07:54.364] [trace] [t:96] Handling async callback 
[17:07:54.364] [trace] [t:96] Calling InitCallbackList
[17:07:54.364] [trace] [t:96] Received completion queue callback
[17:07:54.364] [trace] [t:96] Handling async callback 
[17:07:54.364] [trace] [t:96] Calling InitCallbackList
[17:07:54.365] [trace] [t:96] Received completion queue callback
[17:07:54.365] [trace] [t:96] Handling async callback 
[17:07:54.365] [trace] [t:96] Calling InitCallbackList
[17:07:54.366] [trace] [t:96] Received completion queue callback
[17:07:54.366] [trace] [t:96] Handling async callback 
[17:07:54.366] [trace] [t:96] Calling InitCallbackList
[17:07:54.366] [trace] [t:96] Received completion queue callback
[17:07:54.366] [trace] [t:96] Handling async callback 
[17:07:54.366] [trace] [t:96] Calling InitCallbackList
[17:07:54.367] [trace] [t:96] Received completion queue callback
[17:07:54.367] [trace] [t:96] Handling async callback 
[17:07:54.367] [trace] [t:96] Calling InitCallbackList
[17:07:54.368] [trace] [t:96] Received completion queue callback
[17:07:54.368] [trace] [t:96] Handling async callback 
[17:07:54.368] [trace] [t:96] Calling InitCallbackList
[17:07:54.369] [trace] [t:96] Received completion queue callback
[17:07:54.369] [trace] [t:96] Handling async callback 
[17:07:54.369] [trace] [t:96] Calling InitCallbackList
[17:07:54.369] [trace] [t:96] Received completion queue callback
[17:07:54.369] [trace] [t:96] Handling async callback 
[17:07:54.369] [trace] [t:96] Calling InitCallbackList
[17:07:54.370] [trace] [t:96] Received completion queue callback
[17:07:54.370] [trace] [t:96] Handling async callback 
[17:07:54.370] [trace] [t:96] Calling InitCallbackList
[17:07:54.371] [trace] [t:96] Received completion queue callback
[17:07:54.371] [trace] [t:96] Handling async callback 
[17:07:54.371] [trace] [t:96] Calling InitCallbackList
[17:07:54.372] [trace] [t:96] Received completion queue callback
[17:07:54.372] [trace] [t:96] Handling async callback 
[17:07:54.372] [trace] [t:96] Calling InitCallbackList
[17:07:54.372] [trace] [t:96] Received completion queue callback
[17:07:54.372] [trace] [t:96] Handling async callback 
[17:07:54.372] [trace] [t:96] Calling InitCallbackList
[17:07:54.373] [trace] [t:96] Received completion queue callback
[17:07:54.373] [trace] [t:96] Handling async callback 
[17:07:54.373] [trace] [t:96] Calling InitCallbackList
[17:07:54.374] [trace] [t:96] Received completion queue callback
[17:07:54.374] [trace] [t:96] Handling async callback 
[17:07:54.374] [trace] [t:96] Calling InitCallbackList
[17:07:54.375] [trace] [t:96] Received completion queue callback
[17:07:54.375] [trace] [t:96] Handling async callback 
[17:07:54.375] [trace] [t:96] Calling InitCallbackList
[17:07:54.375] [trace] [t:96] Received completion queue callback
[17:07:54.375] [trace] [t:96] Handling async callback 
[17:07:54.375] [trace] [t:96] Calling InitCallbackList
[17:07:54.376] [trace] [t:96] Received completion queue callback
[17:07:54.376] [trace] [t:96] Handling async callback 
[17:07:54.376] [trace] [t:96] Calling InitCallbackList
[17:07:54.377] [trace] [t:96] Received completion queue callback
[17:07:54.377] [trace] [t:96] Handling async callback 
[17:07:54.377] [trace] [t:96] Calling InitCallbackList
[17:07:54.378] [trace] [t:96] Received completion queue callback
[17:07:54.378] [trace] [t:96] Handling async callback 
[17:07:54.378] [trace] [t:96] Calling InitCallbackList
[17:07:54.379] [trace] [t:96] Received completion queue callback
[17:07:54.379] [trace] [t:96] Handling async callback 
[17:07:54.379] [trace] [t:96] Calling InitCallbackList
[17:07:54.379] [trace] [t:96] Received completion queue callback
[17:07:54.379] [trace] [t:96] Handling async callback 
[17:07:54.379] [trace] [t:96] Calling InitCallbackList
[17:07:54.380] [trace] [t:96] Received completion queue callback
[17:07:54.380] [trace] [t:96] Handling async callback 
[17:07:54.380] [trace] [t:96] Calling InitCallbackList
[17:07:54.381] [trace] [t:96] Received completion queue callback
[17:07:54.381] [trace] [t:96] Handling async callback 
[17:07:54.381] [trace] [t:96] Calling InitCallbackList
[17:07:54.382] [trace] [t:96] Received completion queue callback
[17:07:54.382] [trace] [t:96] Handling async callback 
[17:07:54.382] [trace] [t:96] Calling InitCallbackList
[17:07:54.382] [trace] [t:96] Received completion queue callback
[17:07:54.382] [trace] [t:96] Handling async callback 
[17:07:54.382] [trace] [t:96] Calling InitCallbackList
[17:07:54.383] [trace] [t:96] Received completion queue callback
[17:07:54.383] [trace] [t:96] Handling async callback 
[17:07:54.383] [trace] [t:96] Calling InitCallbackList
[17:07:54.384] [trace] [t:96] Received completion queue callback
[17:07:54.384] [trace] [t:96] Handling async callback 
[17:07:54.384] [trace] [t:96] Calling InitCallbackList
[17:07:54.385] [trace] [t:96] Received completion queue callback
[17:07:54.385] [trace] [t:96] Handling async callback 
[17:07:54.385] [trace] [t:96] Calling InitCallbackList
[17:07:54.386] [trace] [t:96] Received completion queue callback
[17:07:54.386] [trace] [t:96] Handling async callback 
[17:07:54.386] [trace] [t:96] Calling InitCallbackList
[17:07:54.387] [trace] [t:96] Received completion queue callback
[17:07:54.387] [trace] [t:96] Handling async callback 
[17:07:54.387] [trace] [t:96] Calling InitCallbackList
[17:07:54.388] [trace] [t:96] Received completion queue callback
[17:07:54.388] [trace] [t:96] Handling async callback 
[17:07:54.388] [trace] [t:96] Calling InitCallbackList
[17:07:54.388] [trace] [t:96] Received completion queue callback
[17:07:54.388] [trace] [t:96] Handling async callback 
[17:07:54.388] [trace] [t:96] Calling InitCallbackList
[17:07:54.390] [trace] [t:96] Received completion queue callback
[17:07:54.390] [trace] [t:96] Handling async callback 
[17:07:54.390] [trace] [t:96] Calling InitCallbackList
[17:07:54.391] [trace] [t:96] Received completion queue callback
[17:07:54.391] [trace] [t:96] Handling async callback 
[17:07:54.391] [trace] [t:96] Calling InitCallbackList
[17:07:54.392] [trace] [t:96] Received completion queue callback
[17:07:54.392] [trace] [t:96] Handling async callback 
[17:07:54.392] [trace] [t:96] Calling InitCallbackList
[17:07:54.393] [trace] [t:96] Received completion queue callback
[17:07:54.393] [trace] [t:96] Handling async callback 
[17:07:54.393] [trace] [t:96] Calling InitCallbackList
[17:07:54.394] [trace] [t:96] Received completion queue callback
[17:07:54.394] [trace] [t:96] Handling async callback 
[17:07:54.394] [trace] [t:96] Calling InitCallbackList
[17:07:54.395] [trace] [t:96] Received completion queue callback
[17:07:54.395] [trace] [t:96] Handling async callback 
[17:07:54.395] [trace] [t:96] Calling InitCallbackList
[17:07:54.396] [trace] [t:96] Received completion queue callback
[17:07:54.396] [trace] [t:96] Handling async callback 
[17:07:54.396] [trace] [t:96] Calling InitCallbackList
[17:07:54.397] [trace] [t:96] Received completion queue callback
[17:07:54.397] [trace] [t:96] Handling async callback 
[17:07:54.397] [trace] [t:96] Calling InitCallbackList
[17:07:54.398] [trace] [t:96] Received completion queue callback
[17:07:54.398] [trace] [t:96] Handling async callback 
[17:07:54.399] [trace] [t:96] Calling InitCallbackList
[17:07:54.399] [trace] [t:96] Received completion queue callback
[17:07:54.399] [trace] [t:96] Handling async callback 
[17:07:54.399] [trace] [t:96] Calling InitCallbackList
[17:07:54.400] [trace] [t:96] Received completion queue callback
[17:07:54.400] [trace] [t:96] Handling async callback 
[17:07:54.400] [trace] [t:96] Calling InitCallbackList
[17:07:54.402] [trace] [t:96] Received completion queue callback
[17:07:54.402] [trace] [t:96] Handling async callback 
[17:07:54.402] [trace] [t:96] Calling InitCallbackList
[17:07:54.403] [trace] [t:96] Received completion queue callback
[17:07:54.403] [trace] [t:96] Handling async callback 
[17:07:54.403] [trace] [t:96] Calling InitCallbackList
[17:07:54.404] [trace] [t:96] Received completion queue callback
[17:07:54.404] [trace] [t:96] Handling async callback 
[17:07:54.404] [trace] [t:96] Calling InitCallbackList
[17:07:54.405] [trace] [t:96] Received completion queue callback
[17:07:54.405] [trace] [t:96] Handling async callback 
[17:07:54.405] [trace] [t:96] Calling InitCallbackList
[17:07:54.406] [trace] [t:96] Received completion queue callback
[17:07:54.406] [trace] [t:96] Handling async callback 
[17:07:54.406] [trace] [t:96] Calling InitCallbackList
[17:07:54.407] [trace] [t:96] Received completion queue callback
[17:07:54.407] [trace] [t:96] Handling async callback 
[17:07:54.407] [trace] [t:96] Calling InitCallbackList
[17:07:54.407] [trace] [t:96] Received completion queue callback
[17:07:54.407] [trace] [t:96] Handling async callback 
[17:07:54.407] [trace] [t:96] Calling InitCallbackList
[17:07:54.408] [trace] [t:96] Received completion queue callback
[17:07:54.408] [trace] [t:96] Handling async callback 
[17:07:54.408] [trace] [t:96] Calling InitCallbackList
[17:07:54.410] [trace] [t:96] Received completion queue callback
[17:07:54.410] [trace] [t:96] Handling async callback 
[17:07:54.410] [trace] [t:96] Calling InitCallbackList
[17:07:54.411] [trace] [t:96] Received completion queue callback
[17:07:54.411] [trace] [t:96] Handling async callback 
[17:07:54.411] [trace] [t:96] Calling InitCallbackList
[17:07:54.411] [trace] [t:96] Received completion queue callback
[17:07:54.411] [trace] [t:96] Handling async callback 
[17:07:54.411] [trace] [t:96] Calling InitCallbackList
[17:07:54.412] [trace] [t:96] Received completion queue callback
[17:07:54.412] [trace] [t:96] Handling async callback 
[17:07:54.412] [trace] [t:96] Calling InitCallbackList
[17:07:54.414] [trace] [t:96] Received completion queue callback
[17:07:54.414] [trace] [t:96] Handling async callback 
[17:07:54.414] [trace] [t:96] Calling InitCallbackList
[17:07:54.414] [trace] [t:96] Received completion queue callback
[17:07:54.414] [trace] [t:96] Handling async callback 
[17:07:54.414] [trace] [t:96] Calling InitCallbackList
[17:07:54.415] [trace] [t:96] Received completion queue callback
[17:07:54.415] [trace] [t:96] Handling async callback 
[17:07:54.415] [trace] [t:96] Calling InitCallbackList
[17:07:54.416] [trace] [t:96] Received completion queue callback
[17:07:54.416] [trace] [t:96] Handling async callback 
[17:07:54.416] [trace] [t:96] Calling InitCallbackList
[17:07:54.417] [trace] [t:96] Received completion queue callback
[17:07:54.417] [trace] [t:96] Handling async callback 
[17:07:54.417] [trace] [t:96] Calling InitCallbackList
[17:07:54.418] [trace] [t:96] Received completion queue callback
[17:07:54.418] [trace] [t:96] Handling async callback 
[17:07:54.418] [trace] [t:96] Calling InitCallbackList
[17:07:54.419] [trace] [t:96] Received completion queue callback
[17:07:54.419] [trace] [t:96] Handling async callback 
[17:07:54.419] [trace] [t:96] Calling InitCallbackList
[17:07:54.419] [trace] [t:96] Received completion queue callback
[17:07:54.419] [trace] [t:96] Handling async callback 
[17:07:54.419] [trace] [t:96] Calling InitCallbackList
[17:07:54.420] [trace] [t:96] Received completion queue callback
[17:07:54.420] [trace] [t:96] Handling async callback 
[17:07:54.420] [trace] [t:96] Calling InitCallbackList
[17:07:54.421] [trace] [t:96] Received completion queue callback
[17:07:54.421] [trace] [t:96] Handling async callback 
[17:07:54.421] [trace] [t:96] Calling InitCallbackList
[17:07:54.422] [trace] [t:96] Received completion queue callback
[17:07:54.422] [trace] [t:96] Handling async callback 
[17:07:54.422] [trace] [t:96] Calling InitCallbackList
[17:07:54.423] [trace] [t:96] Received completion queue callback
[17:07:54.423] [trace] [t:96] Handling async callback 
[17:07:54.423] [trace] [t:96] Calling InitCallbackList
[17:07:54.424] [trace] [t:96] Received completion queue callback
[17:07:54.424] [trace] [t:96] Handling async callback 
[17:07:54.424] [trace] [t:96] Calling InitCallbackList
[17:07:54.425] [trace] [t:96] Received completion queue callback
[17:07:54.425] [trace] [t:96] Handling async callback 
[17:07:54.425] [trace] [t:96] Calling InitCallbackList
[17:07:54.426] [trace] [t:96] Received completion queue callback
[17:07:54.426] [trace] [t:96] Handling async callback 
[17:07:54.426] [trace] [t:96] Calling InitCallbackList
[17:07:54.427] [trace] [t:96] Received completion queue callback
[17:07:54.427] [trace] [t:96] Handling async callback 
[17:07:54.427] [trace] [t:96] Calling InitCallbackList
[17:07:54.428] [trace] [t:96] Received completion queue callback
[17:07:54.428] [trace] [t:96] Handling async callback 
[17:07:54.428] [trace] [t:96] Calling InitCallbackList
[17:07:54.428] [trace] [t:96] Received completion queue callback
[17:07:54.428] [trace] [t:96] Handling async callback 
[17:07:54.429] [trace] [t:96] Calling InitCallbackList
[17:07:54.429] [trace] [t:96] Received completion queue callback
[17:07:54.429] [trace] [t:96] Handling async callback 
[17:07:54.429] [trace] [t:96] Calling InitCallbackList
[17:07:54.430] [trace] [t:96] Received completion queue callback
[17:07:54.430] [trace] [t:96] Handling async callback 
[17:07:54.430] [trace] [t:96] Calling InitCallbackList
[17:07:54.431] [trace] [t:96] Received completion queue callback
[17:07:54.431] [trace] [t:96] Handling async callback 
[17:07:54.431] [trace] [t:96] Calling InitCallbackList
[17:07:54.432] [trace] [t:96] Received completion queue callback
[17:07:54.432] [trace] [t:96] Handling async callback 
[17:07:54.432] [trace] [t:96] Calling InitCallbackList
[17:07:54.432] [trace] [t:96] Received completion queue callback
[17:07:54.433] [trace] [t:96] Handling async callback 
[17:07:54.433] [trace] [t:96] Calling InitCallbackList
[17:07:54.433] [trace] [t:96] Received completion queue callback
[17:07:54.433] [trace] [t:96] Handling async callback 
[17:07:54.433] [trace] [t:96] Calling InitCallbackList
[17:07:54.435] [trace] [t:96] Received completion queue callback
[17:07:54.435] [trace] [t:96] Handling async callback 
[17:07:54.435] [trace] [t:96] Calling InitCallbackList
[17:07:54.435] [trace] [t:96] Received completion queue callback
[17:07:54.435] [trace] [t:96] Handling async callback 
[17:07:54.435] [trace] [t:96] Calling InitCallbackList
[17:07:54.436] [trace] [t:96] Received completion queue callback
[17:07:54.436] [trace] [t:96] Handling async callback 
[17:07:54.436] [trace] [t:96] Calling InitCallbackList
[17:07:54.437] [trace] [t:96] Received completion queue callback
[17:07:54.437] [trace] [t:96] Handling async callback 
[17:07:54.437] [trace] [t:96] Calling InitCallbackList
[17:07:54.438] [trace] [t:96] Received completion queue callback
[17:07:54.438] [trace] [t:96] Handling async callback 
[17:07:54.438] [trace] [t:96] Calling InitCallbackList
[17:07:54.439] [trace] [t:96] Received completion queue callback
[17:07:54.439] [trace] [t:96] Handling async callback 
[17:07:54.439] [trace] [t:96] Calling InitCallbackList
[17:07:54.440] [trace] [t:96] Received completion queue callback
[17:07:54.440] [trace] [t:96] Handling async callback 
[17:07:54.440] [trace] [t:96] Calling InitCallbackList
[17:07:54.441] [trace] [t:96] Received completion queue callback
[17:07:54.441] [trace] [t:96] Handling async callback 
[17:07:54.441] [trace] [t:96] Calling InitCallbackList
[17:07:54.442] [trace] [t:96] Received completion queue callback
[17:07:54.442] [trace] [t:96] Handling async callback 
[17:07:54.442] [trace] [t:96] Calling InitCallbackList
[17:07:54.443] [trace] [t:96] Received completion queue callback
[17:07:54.443] [trace] [t:96] Handling async callback 
[17:07:54.443] [trace] [t:96] Calling InitCallbackList
[17:07:54.444] [trace] [t:96] Received completion queue callback
[17:07:54.444] [trace] [t:96] Handling async callback 
[17:07:54.444] [trace] [t:96] Calling InitCallbackList
[17:07:54.445] [trace] [t:96] Received completion queue callback
[17:07:54.445] [trace] [t:96] Handling async callback 
[17:07:54.445] [trace] [t:96] Calling InitCallbackList
[17:07:54.446] [trace] [t:96] Received completion queue callback
[17:07:54.446] [trace] [t:96] Handling async callback 
[17:07:54.446] [trace] [t:96] Calling InitCallbackList
[17:07:54.447] [trace] [t:96] Received completion queue callback
[17:07:54.447] [trace] [t:96] Handling async callback 
[17:07:54.447] [trace] [t:96] Calling InitCallbackList
[17:07:54.447] [trace] [t:96] Received completion queue callback
[17:07:54.448] [trace] [t:96] Handling async callback 
[17:07:54.448] [trace] [t:96] Calling InitCallbackList
[17:07:54.448] [trace] [t:96] Received completion queue callback
[17:07:54.448] [trace] [t:96] Handling async callback 
[17:07:54.448] [trace] [t:96] Calling InitCallbackList
[17:07:54.449] [trace] [t:96] Received completion queue callback
[17:07:54.449] [trace] [t:96] Handling async callback 
[17:07:54.449] [trace] [t:96] Calling InitCallbackList
[17:07:54.450] [trace] [t:96] Received completion queue callback
[17:07:54.450] [trace] [t:96] Handling async callback 
[17:07:54.450] [trace] [t:96] Calling InitCallbackList
[17:07:54.452] [trace] [t:96] Received completion queue callback
[17:07:54.452] [trace] [t:96] Handling async callback 
[17:07:54.452] [trace] [t:96] Calling InitCallbackList
[17:07:54.453] [trace] [t:96] Received completion queue callback
[17:07:54.453] [trace] [t:96] Handling async callback 
[17:07:54.453] [trace] [t:96] Calling InitCallbackList
[17:07:54.453] [trace] [t:96] Received completion queue callback
[17:07:54.454] [trace] [t:96] Handling async callback 
[17:07:54.454] [trace] [t:96] Calling InitCallbackList
[17:07:54.454] [trace] [t:96] Received completion queue callback
[17:07:54.454] [trace] [t:96] Handling async callback 
[17:07:54.454] [trace] [t:96] Calling InitCallbackList
[17:07:54.455] [trace] [t:96] Received completion queue callback
[17:07:54.455] [trace] [t:96] Handling async callback 
[17:07:54.455] [trace] [t:96] Calling InitCallbackList
[17:07:54.455] [trace] [t:96] Received completion queue callback
[17:07:54.455] [trace] [t:96] Handling async callback 
[17:07:54.455] [trace] [t:96] Calling InitCallbackList
[17:07:54.456] [trace] [t:96] Received completion queue callback
[17:07:54.456] [trace] [t:96] Handling async callback 
[17:07:54.456] [trace] [t:96] Calling InitCallbackList
[17:07:54.457] [trace] [t:96] Received completion queue callback
[17:07:54.457] [trace] [t:96] Handling async callback 
[17:07:54.457] [trace] [t:96] Calling InitCallbackList
[17:07:54.457] [trace] [t:96] Received completion queue callback
[17:07:54.457] [trace] [t:96] Handling async callback 
[17:07:54.457] [trace] [t:96] Calling InitCallbackList
[17:07:54.458] [trace] [t:96] Received completion queue callback
[17:07:54.458] [trace] [t:96] Handling async callback 
[17:07:54.458] [trace] [t:96] Calling InitCallbackList
[17:07:54.459] [trace] [t:96] Received completion queue callback
[17:07:54.459] [trace] [t:96] Handling async callback 
[17:07:54.459] [trace] [t:96] Calling InitCallbackList
[17:07:54.460] [trace] [t:96] Received completion queue callback
[17:07:54.460] [trace] [t:96] Handling async callback 
[17:07:54.460] [trace] [t:96] Calling InitCallbackList
[17:07:54.461] [trace] [t:96] Received completion queue callback
[17:07:54.461] [trace] [t:96] Handling async callback 
[17:07:54.461] [trace] [t:96] Calling InitCallbackList
[17:07:54.462] [trace] [t:96] Received completion queue callback
[17:07:54.462] [trace] [t:96] Handling async callback 
[17:07:54.462] [trace] [t:96] Calling InitCallbackList
[17:07:54.463] [trace] [t:96] Received completion queue callback
[17:07:54.463] [trace] [t:96] Handling async callback 
[17:07:54.463] [trace] [t:96] Calling InitCallbackList
[17:07:54.463] [trace] [t:96] Received completion queue callback
[17:07:54.463] [trace] [t:96] Handling async callback 
[17:07:54.463] [trace] [t:96] Calling InitCallbackList
[17:07:54.464] [trace] [t:96] Received completion queue callback
[17:07:54.464] [trace] [t:96] Handling async callback 
[17:07:54.464] [trace] [t:96] Calling InitCallbackList
[17:07:54.465] [trace] [t:96] Received completion queue callback
[17:07:54.465] [trace] [t:96] Handling async callback 
[17:07:54.465] [trace] [t:96] Calling InitCallbackList
[17:07:54.465] [trace] [t:96] Received completion queue callback
[17:07:54.465] [trace] [t:96] Handling async callback 
[17:07:54.465] [trace] [t:96] Calling InitCallbackList
[17:07:54.467] [trace] [t:96] Received completion queue callback
[17:07:54.467] [trace] [t:96] Handling async callback 
[17:07:54.467] [trace] [t:96] Calling InitCallbackList
[17:07:54.467] [trace] [t:96] Received completion queue callback
[17:07:54.467] [trace] [t:96] Handling async callback 
[17:07:54.467] [trace] [t:96] Calling InitCallbackList
[17:07:54.468] [trace] [t:96] Received completion queue callback
[17:07:54.468] [trace] [t:96] Handling async callback 
[17:07:54.468] [trace] [t:96] Calling InitCallbackList
[17:07:54.469] [trace] [t:96] Received completion queue callback
[17:07:54.469] [trace] [t:96] Handling async callback 
[17:07:54.469] [trace] [t:96] Calling InitCallbackList
[17:07:54.470] [trace] [t:96] Received completion queue callback
[17:07:54.470] [trace] [t:96] Handling async callback 
[17:07:54.470] [trace] [t:96] Calling InitCallbackList
[17:07:54.470] [trace] [t:96] Received completion queue callback
[17:07:54.470] [trace] [t:96] Handling async callback 
[17:07:54.470] [trace] [t:96] Calling InitCallbackList
[17:07:54.472] [trace] [t:96] Received completion queue callback
[17:07:54.472] [trace] [t:96] Handling async callback 
[17:07:54.472] [trace] [t:96] Calling InitCallbackList
[17:07:54.472] [trace] [t:96] Received completion queue callback
[17:07:54.472] [trace] [t:96] Handling async callback 
[17:07:54.472] [trace] [t:96] Calling InitCallbackList
[17:07:54.473] [trace] [t:96] Received completion queue callback
[17:07:54.473] [trace] [t:96] Handling async callback 
[17:07:54.473] [trace] [t:96] Calling InitCallbackList
[17:07:54.474] [trace] [t:96] Received completion queue callback
[17:07:54.474] [trace] [t:96] Handling async callback 
[17:07:54.474] [trace] [t:96] Calling InitCallbackList
[17:07:54.474] [trace] [t:96] Received completion queue callback
[17:07:54.474] [trace] [t:96] Handling async callback 
[17:07:54.474] [trace] [t:96] Calling InitCallbackList
[17:07:54.475] [trace] [t:96] Received completion queue callback
[17:07:54.475] [trace] [t:96] Handling async callback 
[17:07:54.475] [trace] [t:96] Calling InitCallbackList
[17:07:54.476] [trace] [t:96] Received completion queue callback
[17:07:54.476] [trace] [t:96] Handling async callback 
[17:07:54.476] [trace] [t:96] Calling InitCallbackList
[17:07:54.477] [trace] [t:96] Received completion queue callback
[17:07:54.477] [trace] [t:96] Handling async callback 
[17:07:54.477] [trace] [t:96] Calling InitCallbackList
[17:07:54.478] [trace] [t:96] Received completion queue callback
[17:07:54.478] [trace] [t:96] Handling async callback 
[17:07:54.478] [trace] [t:96] Calling InitCallbackList
[17:07:54.479] [trace] [t:96] Received completion queue callback
[17:07:54.479] [trace] [t:96] Handling async callback 
[17:07:54.479] [trace] [t:96] Calling InitCallbackList
[17:07:54.479] [trace] [t:96] Received completion queue callback
[17:07:54.479] [trace] [t:96] Handling async callback 
[17:07:54.479] [trace] [t:96] Calling InitCallbackList
[17:07:54.480] [trace] [t:96] Received completion queue callback
[17:07:54.480] [trace] [t:96] Handling async callback 
[17:07:54.481] [trace] [t:96] Calling InitCallbackList
[17:07:54.481] [trace] [t:96] Received completion queue callback
[17:07:54.481] [trace] [t:96] Handling async callback 
[17:07:54.481] [trace] [t:96] Calling InitCallbackList
[17:07:54.482] [trace] [t:96] Received completion queue callback
[17:07:54.482] [trace] [t:96] Handling async callback 
[17:07:54.482] [trace] [t:96] Calling InitCallbackList
[17:07:54.483] [trace] [t:96] Received completion queue callback
[17:07:54.484] [trace] [t:96] Handling async callback 
[17:07:54.484] [trace] [t:96] Calling InitCallbackList
[17:07:54.484] [trace] [t:96] Received completion queue callback
[17:07:54.484] [trace] [t:96] Handling async callback 
[17:07:54.484] [trace] [t:96] Calling InitCallbackList
[17:07:54.485] [trace] [t:96] Received completion queue callback
[17:07:54.485] [trace] [t:96] Handling async callback 
[17:07:54.485] [trace] [t:96] Calling InitCallbackList
[17:07:54.486] [trace] [t:96] Received completion queue callback
[17:07:54.486] [trace] [t:96] Handling async callback 
[17:07:54.486] [trace] [t:96] Calling InitCallbackList
[17:07:54.487] [trace] [t:96] Received completion queue callback
[17:07:54.487] [trace] [t:96] Handling async callback 
[17:07:54.487] [trace] [t:96] Calling InitCallbackList
[17:07:54.487] [trace] [t:96] Received completion queue callback
[17:07:54.487] [trace] [t:96] Handling async callback 
[17:07:54.487] [trace] [t:96] Calling InitCallbackList
[17:07:54.488] [trace] [t:96] Received completion queue callback
[17:07:54.488] [trace] [t:96] Handling async callback 
[17:07:54.488] [trace] [t:96] Calling InitCallbackList
[17:07:54.489] [trace] [t:96] Received completion queue callback
[17:07:54.489] [trace] [t:96] Handling async callback 
[17:07:54.489] [trace] [t:96] Calling InitCallbackList
[17:07:54.489] [trace] [t:96] Received completion queue callback
[17:07:54.489] [trace] [t:96] Handling async callback 
[17:07:54.490] [trace] [t:96] Calling InitCallbackList
[17:07:54.490] [trace] [t:96] Received completion queue callback
[17:07:54.490] [trace] [t:96] Handling async callback 
[17:07:54.490] [trace] [t:96] Calling InitCallbackList
[17:07:54.492] [trace] [t:96] Received completion queue callback
[17:07:54.492] [trace] [t:96] Handling async callback 
[17:07:54.492] [trace] [t:96] Calling InitCallbackList
[17:07:54.492] [trace] [t:96] Received completion queue callback
[17:07:54.492] [trace] [t:96] Handling async callback 
[17:07:54.492] [trace] [t:96] Calling InitCallbackList
[17:07:54.494] [trace] [t:96] Received completion queue callback
[17:07:54.494] [trace] [t:96] Handling async callback 
[17:07:54.494] [trace] [t:96] Calling InitCallbackList
[17:07:54.495] [trace] [t:96] Received completion queue callback
[17:07:54.495] [trace] [t:96] Handling async callback 
[17:07:54.495] [trace] [t:96] Calling InitCallbackList
[17:07:54.495] [trace] [t:96] Received completion queue callback
[17:07:54.495] [trace] [t:96] Handling async callback 
[17:07:54.495] [trace] [t:96] Calling InitCallbackList
[17:07:54.496] [trace] [t:96] Received completion queue callback
[17:07:54.496] [trace] [t:96] Handling async callback 
[17:07:54.496] [trace] [t:96] Calling InitCallbackList
[17:07:54.497] [trace] [t:96] Received completion queue callback
[17:07:54.497] [trace] [t:96] Handling async callback 
[17:07:54.497] [trace] [t:96] Calling InitCallbackList
[17:07:54.498] [trace] [t:96] Received completion queue callback
[17:07:54.498] [trace] [t:96] Handling async callback 
[17:07:54.498] [trace] [t:96] Calling InitCallbackList
[17:07:54.499] [trace] [t:96] Received completion queue callback
[17:07:54.499] [trace] [t:96] Handling async callback 
[17:07:54.499] [trace] [t:96] Calling InitCallbackList
[17:07:54.500] [trace] [t:96] Received completion queue callback
[17:07:54.500] [trace] [t:96] Handling async callback 
[17:07:54.500] [trace] [t:96] Calling InitCallbackList
[17:07:54.500] [trace] [t:96] Received completion queue callback
[17:07:54.500] [trace] [t:96] Handling async callback 
[17:07:54.500] [trace] [t:96] Calling InitCallbackList
[17:07:54.502] [trace] [t:96] Received completion queue callback
[17:07:54.502] [trace] [t:96] Handling async callback 
[17:07:54.502] [trace] [t:96] Calling InitCallbackList
[17:07:54.502] [trace] [t:96] Received completion queue callback
[17:07:54.502] [trace] [t:96] Handling async callback 
[17:07:54.502] [trace] [t:96] Calling InitCallbackList
[17:07:54.503] [trace] [t:96] Received completion queue callback
[17:07:54.503] [trace] [t:96] Handling async callback 
[17:07:54.503] [trace] [t:96] Calling InitCallbackList
[17:07:54.504] [trace] [t:96] Received completion queue callback
[17:07:54.504] [trace] [t:96] Handling async callback 
[17:07:54.504] [trace] [t:96] Calling InitCallbackList
[17:07:54.505] [trace] [t:96] Received completion queue callback
[17:07:54.505] [trace] [t:96] Handling async callback 
[17:07:54.505] [trace] [t:96] Calling InitCallbackList
[17:07:54.506] [trace] [t:96] Received completion queue callback
[17:07:54.506] [trace] [t:96] Handling async callback 
[17:07:54.506] [trace] [t:96] Calling InitCallbackList
[17:07:54.507] [trace] [t:96] Received completion queue callback
[17:07:54.507] [trace] [t:96] Handling async callback 
[17:07:54.507] [trace] [t:96] Calling InitCallbackList
[17:07:54.507] [trace] [t:96] Received completion queue callback
[17:07:54.507] [trace] [t:96] Handling async callback 
[17:07:54.508] [trace] [t:96] Calling InitCallbackList
[17:07:54.508] [trace] [t:96] Received completion queue callback
[17:07:54.508] [trace] [t:96] Handling async callback 
[17:07:54.508] [trace] [t:96] Calling InitCallbackList
[17:07:54.509] [trace] [t:96] Received completion queue callback
[17:07:54.509] [trace] [t:96] Handling async callback 
[17:07:54.509] [trace] [t:96] Calling InitCallbackList
[17:07:54.510] [trace] [t:96] Received completion queue callback
[17:07:54.510] [trace] [t:96] Handling async callback 
[17:07:54.510] [trace] [t:96] Calling InitCallbackList
[17:07:54.511] [trace] [t:96] Received completion queue callback
[17:07:54.511] [trace] [t:96] Handling async callback 
[17:07:54.511] [trace] [t:96] Calling InitCallbackList
[17:07:54.511] [trace] [t:96] Received completion queue callback
[17:07:54.511] [trace] [t:96] Handling async callback 
[17:07:54.511] [trace] [t:96] Calling InitCallbackList
[17:07:54.513] [trace] [t:96] Received completion queue callback
[17:07:54.513] [trace] [t:96] Handling async callback 
[17:07:54.513] [trace] [t:96] Calling InitCallbackList
[17:07:54.513] [trace] [t:96] Received completion queue callback
[17:07:54.513] [trace] [t:96] Handling async callback 
[17:07:54.513] [trace] [t:96] Calling InitCallbackList
[17:07:54.514] [trace] [t:96] Received completion queue callback
[17:07:54.514] [trace] [t:96] Handling async callback 
[17:07:54.514] [trace] [t:96] Calling InitCallbackList
[17:07:54.515] [trace] [t:96] Received completion queue callback
[17:07:54.515] [trace] [t:96] Handling async callback 
[17:07:54.515] [trace] [t:96] Calling InitCallbackList
[17:07:54.515] [trace] [t:96] Received completion queue callback
[17:07:54.515] [trace] [t:96] Handling async callback 
[17:07:54.515] [trace] [t:96] Calling InitCallbackList
[17:07:54.516] [trace] [t:96] Received completion queue callback
[17:07:54.516] [trace] [t:96] Handling async callback 
[17:07:54.516] [trace] [t:96] Calling InitCallbackList
[17:07:54.517] [trace] [t:96] Received completion queue callback
[17:07:54.517] [trace] [t:96] Handling async callback 
[17:07:54.517] [trace] [t:96] Calling InitCallbackList
[17:07:54.518] [trace] [t:96] Received completion queue callback
[17:07:54.518] [trace] [t:96] Handling async callback 
[17:07:54.518] [trace] [t:96] Calling InitCallbackList
[17:07:54.519] [trace] [t:96] Received completion queue callback
[17:07:54.519] [trace] [t:96] Handling async callback 
[17:07:54.519] [trace] [t:96] Calling InitCallbackList
[17:07:54.520] [trace] [t:96] Received completion queue callback
[17:07:54.520] [trace] [t:96] Handling async callback 
[17:07:54.520] [trace] [t:96] Calling InitCallbackList
[17:07:54.521] [trace] [t:96] Received completion queue callback
[17:07:54.521] [trace] [t:96] Handling async callback 
[17:07:54.521] [trace] [t:96] Calling InitCallbackList
[17:07:54.522] [trace] [t:96] Received completion queue callback
[17:07:54.523] [trace] [t:96] Handling async callback 
[17:07:54.523] [trace] [t:96] Calling InitCallbackList
[17:07:54.524] [trace] [t:96] Received completion queue callback
[17:07:54.524] [trace] [t:96] Handling async callback 
[17:07:54.524] [trace] [t:96] Calling InitCallbackList
[17:07:54.525] [trace] [t:96] Received completion queue callback
[17:07:54.525] [trace] [t:96] Handling async callback 
[17:07:54.525] [trace] [t:96] Calling InitCallbackList
[17:07:54.526] [trace] [t:96] Received completion queue callback
[17:07:54.526] [trace] [t:96] Handling async callback 
[17:07:54.526] [trace] [t:96] Calling InitCallbackList
[17:07:54.527] [trace] [t:96] Received completion queue callback
[17:07:54.527] [trace] [t:96] Handling async callback 
[17:07:54.527] [trace] [t:96] Calling InitCallbackList
[17:07:54.528] [trace] [t:96] Received completion queue callback
[17:07:54.528] [trace] [t:96] Handling async callback 
[17:07:54.528] [trace] [t:96] Calling InitCallbackList
[17:07:54.529] [trace] [t:96] Received completion queue callback
[17:07:54.529] [trace] [t:96] Handling async callback 
[17:07:54.529] [trace] [t:96] Calling InitCallbackList
[17:07:54.530] [trace] [t:96] Received completion queue callback
[17:07:54.530] [trace] [t:96] Handling async callback 
[17:07:54.530] [trace] [t:96] Calling InitCallbackList
[17:07:54.531] [trace] [t:96] Received completion queue callback
[17:07:54.531] [trace] [t:96] Handling async callback 
[17:07:54.531] [trace] [t:96] Calling InitCallbackList
[17:07:54.532] [trace] [t:96] Received completion queue callback
[17:07:54.532] [trace] [t:96] Handling async callback 
[17:07:54.532] [trace] [t:96] Calling InitCallbackList
[17:07:54.534] [trace] [t:96] Received completion queue callback
[17:07:54.534] [trace] [t:96] Handling async callback 
[17:07:54.534] [trace] [t:96] Calling InitCallbackList
[17:07:54.535] [trace] [t:96] Received completion queue callback
[17:07:54.535] [trace] [t:96] Handling async callback 
[17:07:54.535] [trace] [t:96] Calling InitCallbackList
[17:07:54.536] [trace] [t:96] Received completion queue callback
[17:07:54.536] [trace] [t:96] Handling async callback 
[17:07:54.536] [trace] [t:96] Calling InitCallbackList
[17:07:54.538] [trace] [t:96] Received completion queue callback
[17:07:54.538] [trace] [t:96] Handling async callback 
[17:07:54.538] [trace] [t:96] Calling InitCallbackList
[17:07:54.539] [trace] [t:96] Received completion queue callback
[17:07:54.539] [trace] [t:96] Handling async callback 
[17:07:54.539] [trace] [t:96] Calling InitCallbackList
[17:07:54.540] [trace] [t:96] Received completion queue callback
[17:07:54.540] [trace] [t:96] Handling async callback 
[17:07:54.540] [trace] [t:96] Calling InitCallbackList
[17:07:54.541] [trace] [t:96] Received completion queue callback
[17:07:54.541] [trace] [t:96] Handling async callback 
[17:07:54.541] [trace] [t:96] Calling InitCallbackList
[17:07:54.542] [trace] [t:96] Received completion queue callback
[17:07:54.542] [trace] [t:96] Handling async callback 
[17:07:54.542] [trace] [t:96] Calling InitCallbackList
[17:07:54.542] [trace] [t:96] Received completion queue callback
[17:07:54.542] [trace] [t:96] Handling async callback 
[17:07:54.542] [trace] [t:96] Calling InitCallbackList
[17:07:54.543] [trace] [t:96] Received completion queue callback
[17:07:54.543] [trace] [t:96] Handling async callback 
[17:07:54.543] [trace] [t:96] Calling InitCallbackList
[17:07:54.544] [trace] [t:96] Received completion queue callback
[17:07:54.544] [trace] [t:96] Handling async callback 
[17:07:54.544] [trace] [t:96] Calling InitCallbackList
[17:07:54.545] [trace] [t:96] Received completion queue callback
[17:07:54.545] [trace] [t:96] Handling async callback 
[17:07:54.545] [trace] [t:96] Calling InitCallbackList
[17:07:54.546] [trace] [t:96] Received completion queue callback
[17:07:54.546] [trace] [t:96] Handling async callback 
[17:07:54.546] [trace] [t:96] Calling InitCallbackList
[17:07:54.548] [trace] [t:96] Received completion queue callback
[17:07:54.548] [trace] [t:96] Handling async callback 
[17:07:54.548] [trace] [t:96] Calling InitCallbackList
[17:07:54.549] [trace] [t:96] Received completion queue callback
[17:07:54.549] [trace] [t:96] Handling async callback 
[17:07:54.549] [trace] [t:96] Calling InitCallbackList
[17:07:54.549] [trace] [t:96] Received completion queue callback
[17:07:54.549] [trace] [t:96] Handling async callback 
[17:07:54.549] [trace] [t:96] Calling InitCallbackList
[17:07:54.550] [trace] [t:96] Received completion queue callback
[17:07:54.550] [trace] [t:96] Handling async callback 
[17:07:54.551] [trace] [t:96] Calling InitCallbackList
[17:07:54.551] [trace] [t:96] Received completion queue callback
[17:07:54.551] [trace] [t:96] Handling async callback 
[17:07:54.551] [trace] [t:96] Calling InitCallbackList
[17:07:54.552] [trace] [t:96] Received completion queue callback
[17:07:54.552] [trace] [t:96] Handling async callback 
[17:07:54.552] [trace] [t:96] Calling InitCallbackList
[17:07:54.553] [trace] [t:96] Received completion queue callback
[17:07:54.553] [trace] [t:96] Handling async callback 
[17:07:54.553] [trace] [t:96] Calling InitCallbackList
[17:07:54.554] [trace] [t:96] Received completion queue callback
[17:07:54.554] [trace] [t:96] Handling async callback 
[17:07:54.555] [trace] [t:96] Calling InitCallbackList
[17:07:54.555] [trace] [t:96] Received completion queue callback
[17:07:54.555] [trace] [t:96] Handling async callback 
[17:07:54.555] [trace] [t:96] Calling InitCallbackList
[17:07:54.556] [trace] [t:96] Received completion queue callback
[17:07:54.556] [trace] [t:96] Handling async callback 
[17:07:54.556] [trace] [t:96] Calling InitCallbackList
[17:07:54.557] [trace] [t:96] Received completion queue callback
[17:07:54.557] [trace] [t:96] Handling async callback 
[17:07:54.557] [trace] [t:96] Calling InitCallbackList
[17:07:54.557] [trace] [t:96] Received completion queue callback
[17:07:54.557] [trace] [t:96] Handling async callback 
[17:07:54.557] [trace] [t:96] Calling InitCallbackList
[17:07:54.558] [trace] [t:96] Received completion queue callback
[17:07:54.558] [trace] [t:96] Handling async callback 
[17:07:54.558] [trace] [t:96] Calling InitCallbackList
[17:07:54.559] [trace] [t:96] Received completion queue callback
[17:07:54.559] [trace] [t:96] Handling async callback 
[17:07:54.559] [trace] [t:96] Calling InitCallbackList
[17:07:54.559] [trace] [t:96] Received completion queue callback
[17:07:54.559] [trace] [t:96] Handling async callback 
[17:07:54.560] [trace] [t:96] Calling InitCallbackList
[17:07:54.560] [trace] [t:96] Received completion queue callback
[17:07:54.560] [trace] [t:96] Handling async callback 
[17:07:54.560] [trace] [t:96] Calling InitCallbackList
[17:07:54.561] [trace] [t:96] Received completion queue callback
[17:07:54.561] [trace] [t:96] Handling async callback 
[17:07:54.561] [trace] [t:96] Calling InitCallbackList
[17:07:54.562] [trace] [t:96] Received completion queue callback
[17:07:54.562] [trace] [t:96] Handling async callback 
[17:07:54.562] [trace] [t:96] Calling InitCallbackList
[17:07:54.563] [trace] [t:96] Received completion queue callback
[17:07:54.563] [trace] [t:96] Handling async callback 
[17:07:54.563] [trace] [t:96] Calling InitCallbackList
[17:07:54.564] [trace] [t:96] Received completion queue callback
[17:07:54.564] [trace] [t:96] Handling async callback 
[17:07:54.564] [trace] [t:96] Calling InitCallbackList
[17:07:54.565] [trace] [t:96] Received completion queue callback
[17:07:54.565] [trace] [t:96] Handling async callback 
[17:07:54.565] [trace] [t:96] Calling InitCallbackList
[17:07:54.565] [trace] [t:96] Received completion queue callback
[17:07:54.565] [trace] [t:96] Handling async callback 
[17:07:54.565] [trace] [t:96] Calling InitCallbackList
[17:07:54.567] [trace] [t:96] Received completion queue callback
[17:07:54.567] [trace] [t:96] Handling async callback 
[17:07:54.567] [trace] [t:96] Calling InitCallbackList
[17:07:54.568] [trace] [t:96] Received completion queue callback
[17:07:54.568] [trace] [t:96] Handling async callback 
[17:07:54.568] [trace] [t:96] Calling InitCallbackList
[17:07:54.569] [trace] [t:96] Received completion queue callback
[17:07:54.569] [trace] [t:96] Handling async callback 
[17:07:54.569] [trace] [t:96] Calling InitCallbackList
[17:07:54.570] [trace] [t:96] Received completion queue callback
[17:07:54.570] [trace] [t:96] Handling async callback 
[17:07:54.570] [trace] [t:96] Calling InitCallbackList
[17:07:54.571] [trace] [t:96] Received completion queue callback
[17:07:54.571] [trace] [t:96] Handling async callback 
[17:07:54.571] [trace] [t:96] Calling InitCallbackList
[17:07:54.572] [trace] [t:96] Received completion queue callback
[17:07:54.572] [trace] [t:96] Handling async callback 
[17:07:54.572] [trace] [t:96] Calling InitCallbackList
[17:07:54.573] [trace] [t:96] Received completion queue callback
[17:07:54.573] [trace] [t:96] Handling async callback 
[17:07:54.573] [trace] [t:96] Calling InitCallbackList
[17:07:54.574] [trace] [t:96] Received completion queue callback
[17:07:54.574] [trace] [t:96] Handling async callback 
[17:07:54.574] [trace] [t:96] Calling InitCallbackList
[17:07:54.575] [trace] [t:96] Received completion queue callback
[17:07:54.575] [trace] [t:96] Handling async callback 
[17:07:54.575] [trace] [t:96] Calling InitCallbackList
[17:07:54.576] [trace] [t:96] Received completion queue callback
[17:07:54.576] [trace] [t:96] Handling async callback 
[17:07:54.576] [trace] [t:96] Calling InitCallbackList
[17:07:54.577] [trace] [t:96] Received completion queue callback
[17:07:54.577] [trace] [t:96] Handling async callback 
[17:07:54.577] [trace] [t:96] Calling InitCallbackList
[17:07:54.577] [trace] [t:96] Received completion queue callback
[17:07:54.577] [trace] [t:96] Handling async callback 
[17:07:54.577] [trace] [t:96] Calling InitCallbackList
[17:07:54.578] [trace] [t:96] Received completion queue callback
[17:07:54.578] [trace] [t:96] Handling async callback 
[17:07:54.578] [trace] [t:96] Calling InitCallbackList
[17:07:54.579] [trace] [t:96] Received completion queue callback
[17:07:54.579] [trace] [t:96] Handling async callback 
[17:07:54.579] [trace] [t:96] Calling InitCallbackList
[17:07:54.580] [trace] [t:96] Received completion queue callback
[17:07:54.580] [trace] [t:96] Handling async callback 
[17:07:54.580] [trace] [t:96] Calling InitCallbackList
[17:07:54.581] [trace] [t:96] Received completion queue callback
[17:07:54.581] [trace] [t:96] Handling async callback 
[17:07:54.581] [trace] [t:96] Calling InitCallbackList
[17:07:54.582] [trace] [t:96] Received completion queue callback
[17:07:54.582] [trace] [t:96] Handling async callback 
[17:07:54.582] [trace] [t:96] Calling InitCallbackList
[17:07:54.583] [trace] [t:96] Received completion queue callback
[17:07:54.583] [trace] [t:96] Handling async callback 
[17:07:54.583] [trace] [t:96] Calling InitCallbackList
[17:07:54.584] [trace] [t:96] Received completion queue callback
[17:07:54.584] [trace] [t:96] Handling async callback 
[17:07:54.584] [trace] [t:96] Calling InitCallbackList
[17:07:54.585] [trace] [t:96] Received completion queue callback
[17:07:54.585] [trace] [t:96] Handling async callback 
[17:07:54.585] [trace] [t:96] Calling InitCallbackList
[17:07:54.586] [trace] [t:96] Received completion queue callback
[17:07:54.586] [trace] [t:96] Handling async callback 
[17:07:54.586] [trace] [t:96] Calling InitCallbackList
[17:07:54.587] [trace] [t:96] Received completion queue callback
[17:07:54.587] [trace] [t:96] Handling async callback 
[17:07:54.587] [trace] [t:96] Calling InitCallbackList
[17:07:54.588] [trace] [t:96] Received completion queue callback
[17:07:54.588] [trace] [t:96] Handling async callback 
[17:07:54.588] [trace] [t:96] Calling InitCallbackList
[17:07:54.589] [trace] [t:96] Received completion queue callback
[17:07:54.589] [trace] [t:96] Handling async callback 
[17:07:54.589] [trace] [t:96] Calling InitCallbackList
[17:07:54.590] [trace] [t:96] Received completion queue callback
[17:07:54.590] [trace] [t:96] Handling async callback 
[17:07:54.590] [trace] [t:96] Calling InitCallbackList
[17:07:54.591] [trace] [t:96] Received completion queue callback
[17:07:54.591] [trace] [t:96] Handling async callback 
[17:07:54.591] [trace] [t:96] Calling InitCallbackList
[17:07:54.593] [trace] [t:96] Received completion queue callback
[17:07:54.593] [trace] [t:96] Handling async callback 
[17:07:54.593] [trace] [t:96] Calling InitCallbackList
[17:07:54.594] [trace] [t:96] Received completion queue callback
[17:07:54.594] [trace] [t:96] Handling async callback 
[17:07:54.594] [trace] [t:96] Calling InitCallbackList
[17:07:54.595] [trace] [t:96] Received completion queue callback
[17:07:54.595] [trace] [t:96] Handling async callback 
[17:07:54.595] [trace] [t:96] Calling InitCallbackList
[17:07:54.595] [trace] [t:96] Received completion queue callback
[17:07:54.595] [trace] [t:96] Handling async callback 
[17:07:54.595] [trace] [t:96] Calling InitCallbackList
[17:07:54.597] [trace] [t:96] Received completion queue callback
[17:07:54.597] [trace] [t:96] Handling async callback 
[17:07:54.597] [trace] [t:96] Calling InitCallbackList
[17:07:54.598] [trace] [t:96] Received completion queue callback
[17:07:54.598] [trace] [t:96] Handling async callback 
[17:07:54.598] [trace] [t:96] Calling InitCallbackList
[17:07:54.599] [trace] [t:96] Received completion queue callback
[17:07:54.599] [trace] [t:96] Handling async callback 
[17:07:54.599] [trace] [t:96] Calling InitCallbackList
[17:07:54.600] [trace] [t:96] Received completion queue callback
[17:07:54.600] [trace] [t:96] Handling async callback 
[17:07:54.600] [trace] [t:96] Calling InitCallbackList
[17:07:54.601] [trace] [t:96] Received completion queue callback
[17:07:54.601] [trace] [t:96] Handling async callback 
[17:07:54.601] [trace] [t:96] Calling InitCallbackList
[17:07:54.601] [trace] [t:96] Received completion queue callback
[17:07:54.601] [trace] [t:96] Handling async callback 
[17:07:54.601] [trace] [t:96] Calling InitCallbackList
[17:07:54.602] [trace] [t:96] Received completion queue callback
[17:07:54.602] [trace] [t:96] Handling async callback 
[17:07:54.602] [trace] [t:96] Calling InitCallbackList
[17:07:54.603] [trace] [t:96] Received completion queue callback
[17:07:54.603] [trace] [t:96] Handling async callback 
[17:07:54.603] [trace] [t:96] Calling InitCallbackList
[17:07:54.604] [trace] [t:96] Received completion queue callback
[17:07:54.604] [trace] [t:96] Handling async callback 
[17:07:54.604] [trace] [t:96] Calling InitCallbackList
[17:07:54.605] [trace] [t:96] Received completion queue callback
[17:07:54.605] [trace] [t:96] Handling async callback 
[17:07:54.605] [trace] [t:96] Calling InitCallbackList
[17:07:54.606] [trace] [t:96] Received completion queue callback
[17:07:54.606] [trace] [t:96] Handling async callback 
[17:07:54.606] [trace] [t:96] Calling InitCallbackList
[17:07:54.607] [trace] [t:96] Received completion queue callback
[17:07:54.607] [trace] [t:96] Handling async callback 
[17:07:54.607] [trace] [t:96] Calling InitCallbackList
[17:07:54.608] [trace] [t:96] Received completion queue callback
[17:07:54.608] [trace] [t:96] Handling async callback 
[17:07:54.608] [trace] [t:96] Calling InitCallbackList
[17:07:54.608] [trace] [t:96] Received completion queue callback
[17:07:54.608] [trace] [t:96] Handling async callback 
[17:07:54.608] [trace] [t:96] Calling InitCallbackList
[17:07:54.609] [trace] [t:96] Received completion queue callback
[17:07:54.609] [trace] [t:96] Handling async callback 
[17:07:54.609] [trace] [t:96] Calling InitCallbackList
[17:07:54.610] [trace] [t:96] Received completion queue callback
[17:07:54.610] [trace] [t:96] Handling async callback 
[17:07:54.610] [trace] [t:96] Calling InitCallbackList
[17:07:54.612] [trace] [t:96] Received completion queue callback
[17:07:54.612] [trace] [t:96] Handling async callback 
[17:07:54.612] [trace] [t:96] Calling InitCallbackList
[17:07:54.613] [trace] [t:96] Received completion queue callback
[17:07:54.613] [trace] [t:96] Handling async callback 
[17:07:54.613] [trace] [t:96] Calling InitCallbackList
[17:07:54.615] [trace] [t:96] Received completion queue callback
[17:07:54.615] [trace] [t:96] Handling async callback 
[17:07:54.615] [trace] [t:96] Calling InitCallbackList
[17:07:54.616] [trace] [t:96] Received completion queue callback
[17:07:54.616] [trace] [t:96] Handling async callback 
[17:07:54.616] [trace] [t:96] Calling InitCallbackList
[17:07:54.617] [trace] [t:96] Received completion queue callback
[17:07:54.617] [trace] [t:96] Handling async callback 
[17:07:54.617] [trace] [t:96] Calling InitCallbackList
[17:07:54.618] [trace] [t:96] Received completion queue callback
[17:07:54.618] [trace] [t:96] Handling async callback 
[17:07:54.618] [trace] [t:96] Calling InitCallbackList
[17:07:54.618] [trace] [t:96] Received completion queue callback
[17:07:54.618] [trace] [t:96] Handling async callback 
[17:07:54.619] [trace] [t:96] Calling InitCallbackList
[17:07:54.619] [trace] [t:96] Received completion queue callback
[17:07:54.619] [trace] [t:96] Handling async callback 
[17:07:54.619] [trace] [t:96] Calling InitCallbackList
[17:07:54.620] [trace] [t:96] Received completion queue callback
[17:07:54.620] [trace] [t:96] Handling async callback 
[17:07:54.620] [trace] [t:96] Calling InitCallbackList
[17:07:54.621] [trace] [t:96] Received completion queue callback
[17:07:54.621] [trace] [t:96] Handling async callback 
[17:07:54.621] [trace] [t:96] Calling InitCallbackList
[17:07:54.622] [trace] [t:96] Received completion queue callback
[17:07:54.622] [trace] [t:96] Handling async callback 
[17:07:54.622] [trace] [t:96] Calling InitCallbackList
[17:07:54.624] [trace] [t:96] Received completion queue callback
[17:07:54.624] [trace] [t:96] Handling async callback 
[17:07:54.624] [trace] [t:96] Calling InitCallbackList
[17:07:54.625] [trace] [t:96] Received completion queue callback
[17:07:54.625] [trace] [t:96] Handling async callback 
[17:07:54.625] [trace] [t:96] Calling InitCallbackList
[17:07:54.626] [trace] [t:96] Received completion queue callback
[17:07:54.626] [trace] [t:96] Handling async callback 
[17:07:54.626] [trace] [t:96] Calling InitCallbackList
[17:07:54.627] [trace] [t:96] Received completion queue callback
[17:07:54.627] [trace] [t:96] Handling async callback 
[17:07:54.627] [trace] [t:96] Calling InitCallbackList
[17:07:54.628] [trace] [t:96] Received completion queue callback
[17:07:54.628] [trace] [t:96] Handling async callback 
[17:07:54.628] [trace] [t:96] Calling InitCallbackList
[17:07:54.629] [trace] [t:96] Received completion queue callback
[17:07:54.629] [trace] [t:96] Handling async callback 
[17:07:54.629] [trace] [t:96] Calling InitCallbackList
[17:07:54.630] [trace] [t:96] Received completion queue callback
[17:07:54.630] [trace] [t:96] Handling async callback 
[17:07:54.630] [trace] [t:96] Calling InitCallbackList
[17:07:54.631] [trace] [t:96] Received completion queue callback
[17:07:54.632] [trace] [t:96] Handling async callback 
[17:07:54.632] [trace] [t:96] Calling InitCallbackList
[17:07:54.634] [trace] [t:96] Received completion queue callback
[17:07:54.634] [trace] [t:96] Handling async callback 
[17:07:54.634] [trace] [t:96] Calling InitCallbackList
[17:07:54.635] [trace] [t:96] Received completion queue callback
[17:07:54.635] [trace] [t:96] Handling async callback 
[17:07:54.635] [trace] [t:96] Calling InitCallbackList
[17:07:54.635] [trace] [t:96] Received completion queue callback
[17:07:54.636] [trace] [t:96] Handling async callback 
[17:07:54.636] [trace] [t:96] Calling InitCallbackList
[17:07:54.637] [trace] [t:96] Received completion queue callback
[17:07:54.637] [trace] [t:96] Handling async callback 
[17:07:54.637] [trace] [t:96] Calling InitCallbackList
[17:07:54.638] [trace] [t:96] Received completion queue callback
[17:07:54.638] [trace] [t:96] Handling async callback 
[17:07:54.638] [trace] [t:96] Calling InitCallbackList
[17:07:54.639] [trace] [t:96] Received completion queue callback
[17:07:54.639] [trace] [t:96] Handling async callback 
[17:07:54.639] [trace] [t:96] Calling InitCallbackList
[17:07:54.640] [trace] [t:96] Received completion queue callback
[17:07:54.640] [trace] [t:96] Handling async callback 
[17:07:54.640] [trace] [t:96] Calling InitCallbackList
[17:07:54.641] [trace] [t:96] Received completion queue callback
[17:07:54.641] [trace] [t:96] Handling async callback 
[17:07:54.641] [trace] [t:96] Calling InitCallbackList
[17:07:54.642] [trace] [t:96] Received completion queue callback
[17:07:54.642] [trace] [t:96] Handling async callback 
[17:07:54.642] [trace] [t:96] Calling InitCallbackList
[17:07:54.643] [trace] [t:96] Received completion queue callback
[17:07:54.643] [trace] [t:96] Handling async callback 
[17:07:54.643] [trace] [t:96] Calling InitCallbackList
[17:07:54.644] [trace] [t:96] Received completion queue callback
[17:07:54.644] [trace] [t:96] Handling async callback 
[17:07:54.644] [trace] [t:96] Calling InitCallbackList
[17:07:54.645] [trace] [t:96] Received completion queue callback
[17:07:54.645] [trace] [t:96] Handling async callback 
[17:07:54.645] [trace] [t:96] Calling InitCallbackList
[17:07:54.646] [trace] [t:96] Received completion queue callback
[17:07:54.646] [trace] [t:96] Handling async callback 
[17:07:54.646] [trace] [t:96] Calling InitCallbackList
[17:07:54.647] [trace] [t:96] Received completion queue callback
[17:07:54.647] [trace] [t:96] Handling async callback 
[17:07:54.647] [trace] [t:96] Calling InitCallbackList
[17:07:54.648] [trace] [t:96] Received completion queue callback
[17:07:54.648] [trace] [t:96] Handling async callback 
[17:07:54.648] [trace] [t:96] Calling InitCallbackList
[17:07:54.649] [trace] [t:96] Received completion queue callback
[17:07:54.649] [trace] [t:96] Handling async callback 
[17:07:54.649] [trace] [t:96] Calling InitCallbackList
[17:07:54.650] [trace] [t:96] Received completion queue callback
[17:07:54.650] [trace] [t:96] Handling async callback 
[17:07:54.650] [trace] [t:96] Calling InitCallbackList
[17:07:54.651] [trace] [t:96] Received completion queue callback
[17:07:54.651] [trace] [t:96] Handling async callback 
[17:07:54.651] [trace] [t:96] Calling InitCallbackList
[17:07:54.651] [trace] [t:96] Received completion queue callback
[17:07:54.651] [trace] [t:96] Handling async callback 
[17:07:54.651] [trace] [t:96] Calling InitCallbackList
[17:07:54.652] [trace] [t:96] Received completion queue callback
[17:07:54.652] [trace] [t:96] Handling async callback 
[17:07:54.652] [trace] [t:96] Calling InitCallbackList
[17:07:54.653] [trace] [t:96] Received completion queue callback
[17:07:54.653] [trace] [t:96] Handling async callback 
[17:07:54.653] [trace] [t:96] Calling InitCallbackList
[17:07:54.654] [trace] [t:96] Received completion queue callback
[17:07:54.654] [trace] [t:96] Handling async callback 
[17:07:54.654] [trace] [t:96] Calling InitCallbackList
[17:07:54.655] [trace] [t:96] Received completion queue callback
[17:07:54.655] [trace] [t:96] Handling async callback 
[17:07:54.655] [trace] [t:96] Calling InitCallbackList
[17:07:54.655] [trace] [t:96] Received completion queue callback
[17:07:54.655] [trace] [t:96] Handling async callback 
[17:07:54.655] [trace] [t:96] Calling InitCallbackList
[17:07:54.656] [trace] [t:96] Received completion queue callback
[17:07:54.656] [trace] [t:96] Handling async callback 
[17:07:54.656] [trace] [t:96] Calling InitCallbackList
[17:07:54.657] [trace] [t:96] Received completion queue callback
[17:07:54.657] [trace] [t:96] Handling async callback 
[17:07:54.657] [trace] [t:96] Calling InitCallbackList
[17:07:54.658] [trace] [t:96] Received completion queue callback
[17:07:54.658] [trace] [t:96] Handling async callback 
[17:07:54.658] [trace] [t:96] Calling InitCallbackList
[17:07:54.659] [trace] [t:96] Received completion queue callback
[17:07:54.659] [trace] [t:96] Handling async callback 
[17:07:54.659] [trace] [t:96] Calling InitCallbackList
[17:07:54.660] [trace] [t:96] Received completion queue callback
[17:07:54.660] [trace] [t:96] Handling async callback 
[17:07:54.660] [trace] [t:96] Calling InitCallbackList
[17:07:54.661] [trace] [t:96] Received completion queue callback
[17:07:54.661] [trace] [t:96] Handling async callback 
[17:07:54.661] [trace] [t:96] Calling InitCallbackList
[17:07:54.661] [trace] [t:96] Received completion queue callback
[17:07:54.661] [trace] [t:96] Handling async callback 
[17:07:54.661] [trace] [t:96] Calling InitCallbackList
[17:07:54.662] [trace] [t:96] Received completion queue callback
[17:07:54.662] [trace] [t:96] Handling async callback 
[17:07:54.662] [trace] [t:96] Calling InitCallbackList
[17:07:54.663] [trace] [t:96] Received completion queue callback
[17:07:54.663] [trace] [t:96] Handling async callback 
[17:07:54.663] [trace] [t:96] Calling InitCallbackList
[17:07:54.664] [trace] [t:96] Received completion queue callback
[17:07:54.664] [trace] [t:96] Handling async callback 
[17:07:54.664] [trace] [t:96] Calling InitCallbackList
[17:07:54.665] [trace] [t:96] Received completion queue callback
[17:07:54.665] [trace] [t:96] Handling async callback 
[17:07:54.665] [trace] [t:96] Calling InitCallbackList
[17:07:54.665] [trace] [t:96] Received completion queue callback
[17:07:54.665] [trace] [t:96] Handling async callback 
[17:07:54.665] [trace] [t:96] Calling InitCallbackList
[17:07:54.666] [trace] [t:96] Received completion queue callback
[17:07:54.666] [trace] [t:96] Handling async callback 
[17:07:54.666] [trace] [t:96] Calling InitCallbackList
[17:07:54.668] [trace] [t:96] Received completion queue callback
[17:07:54.668] [trace] [t:96] Handling async callback 
[17:07:54.668] [trace] [t:96] Calling InitCallbackList
[17:07:54.669] [trace] [t:96] Received completion queue callback
[17:07:54.669] [trace] [t:96] Handling async callback 
[17:07:54.669] [trace] [t:96] Calling InitCallbackList
[17:07:54.669] [trace] [t:96] Received completion queue callback
[17:07:54.669] [trace] [t:96] Handling async callback 
[17:07:54.669] [trace] [t:96] Calling InitCallbackList
[17:07:54.670] [trace] [t:96] Received completion queue callback
[17:07:54.670] [trace] [t:96] Handling async callback 
[17:07:54.670] [trace] [t:96] Calling InitCallbackList
[17:07:54.671] [trace] [t:96] Received completion queue callback
[17:07:54.671] [trace] [t:96] Handling async callback 
[17:07:54.671] [trace] [t:96] Calling InitCallbackList
[17:07:54.672] [trace] [t:96] Received completion queue callback
[17:07:54.672] [trace] [t:96] Handling async callback 
[17:07:54.672] [trace] [t:96] Calling InitCallbackList
[17:07:54.672] [trace] [t:96] Received completion queue callback
[17:07:54.672] [trace] [t:96] Handling async callback 
[17:07:54.673] [trace] [t:96] Calling InitCallbackList
[17:07:54.674] [trace] [t:96] Received completion queue callback
[17:07:54.674] [trace] [t:96] Handling async callback 
[17:07:54.674] [trace] [t:96] Calling InitCallbackList
[17:07:54.675] [trace] [t:96] Received completion queue callback
[17:07:54.675] [trace] [t:96] Handling async callback 
[17:07:54.675] [trace] [t:96] Calling InitCallbackList
[17:07:54.676] [trace] [t:96] Received completion queue callback
[17:07:54.676] [trace] [t:96] Handling async callback 
[17:07:54.676] [trace] [t:96] Calling InitCallbackList
[17:07:54.677] [trace] [t:96] Received completion queue callback
[17:07:54.677] [trace] [t:96] Handling async callback 
[17:07:54.677] [trace] [t:96] Calling InitCallbackList
[17:07:54.679] [trace] [t:96] Received completion queue callback
[17:07:54.679] [trace] [t:96] Handling async callback 
[17:07:54.679] [trace] [t:96] Calling InitCallbackList
[17:07:54.680] [trace] [t:96] Received completion queue callback
[17:07:54.680] [trace] [t:96] Handling async callback 
[17:07:54.680] [trace] [t:96] Calling InitCallbackList
[17:07:54.680] [trace] [t:96] Received completion queue callback
[17:07:54.680] [trace] [t:96] Handling async callback 
[17:07:54.681] [trace] [t:96] Calling InitCallbackList
[17:07:54.682] [trace] [t:96] Received completion queue callback
[17:07:54.682] [trace] [t:96] Handling async callback 
[17:07:54.682] [trace] [t:96] Calling InitCallbackList
[17:07:54.682] [trace] [t:96] Received completion queue callback
[17:07:54.682] [trace] [t:96] Handling async callback 
[17:07:54.682] [trace] [t:96] Calling InitCallbackList
[17:07:54.683] [trace] [t:96] Received completion queue callback
[17:07:54.683] [trace] [t:96] Handling async callback 
[17:07:54.683] [trace] [t:96] Calling InitCallbackList
[17:07:54.684] [trace] [t:96] Received completion queue callback
[17:07:54.684] [trace] [t:96] Handling async callback 
[17:07:54.684] [trace] [t:96] Calling InitCallbackList
[17:07:54.685] [trace] [t:96] Received completion queue callback
[17:07:54.685] [trace] [t:96] Handling async callback 
[17:07:54.685] [trace] [t:96] Calling InitCallbackList
[17:07:54.686] [trace] [t:96] Received completion queue callback
[17:07:54.686] [trace] [t:96] Handling async callback 
[17:07:54.686] [trace] [t:96] Calling InitCallbackList
[17:07:54.687] [trace] [t:96] Received completion queue callback
[17:07:54.687] [trace] [t:96] Handling async callback 
[17:07:54.687] [trace] [t:96] Calling InitCallbackList
[17:07:54.688] [trace] [t:96] Received completion queue callback
[17:07:54.688] [trace] [t:96] Handling async callback 
[17:07:54.688] [trace] [t:96] Calling InitCallbackList
[17:07:54.689] [trace] [t:96] Received completion queue callback
[17:07:54.689] [trace] [t:96] Handling async callback 
[17:07:54.689] [trace] [t:96] Calling InitCallbackList
[17:07:54.690] [trace] [t:96] Received completion queue callback
[17:07:54.690] [trace] [t:96] Handling async callback 
[17:07:54.690] [trace] [t:96] Calling InitCallbackList
[17:07:54.691] [trace] [t:96] Received completion queue callback
[17:07:54.691] [trace] [t:96] Handling async callback 
[17:07:54.691] [trace] [t:96] Calling InitCallbackList
[17:07:54.691] [trace] [t:96] Received completion queue callback
[17:07:54.692] [trace] [t:96] Handling async callback 
[17:07:54.692] [trace] [t:96] Calling InitCallbackList
[17:07:54.692] [trace] [t:96] Received completion queue callback
[17:07:54.692] [trace] [t:96] Handling async callback 
[17:07:54.692] [trace] [t:96] Calling InitCallbackList
[17:07:54.693] [trace] [t:96] Received completion queue callback
[17:07:54.693] [trace] [t:96] Handling async callback 
[17:07:54.693] [trace] [t:96] Calling InitCallbackList
[17:07:54.694] [trace] [t:96] Received completion queue callback
[17:07:54.694] [trace] [t:96] Handling async callback 
[17:07:54.694] [trace] [t:96] Calling InitCallbackList
[17:07:54.695] [trace] [t:96] Received completion queue callback
[17:07:54.695] [trace] [t:96] Handling async callback 
[17:07:54.695] [trace] [t:96] Calling InitCallbackList
[17:07:54.695] [trace] [t:96] Received completion queue callback
[17:07:54.695] [trace] [t:96] Handling async callback 
[17:07:54.695] [trace] [t:96] Calling InitCallbackList
[17:07:54.697] [trace] [t:96] Received completion queue callback
[17:07:54.697] [trace] [t:96] Handling async callback 
[17:07:54.697] [trace] [t:96] Calling InitCallbackList
[17:07:54.698] [trace] [t:96] Received completion queue callback
[17:07:54.698] [trace] [t:96] Handling async callback 
[17:07:54.698] [trace] [t:96] Calling InitCallbackList
[17:07:54.699] [trace] [t:96] Received completion queue callback
[17:07:54.699] [trace] [t:96] Handling async callback 
[17:07:54.699] [trace] [t:96] Calling InitCallbackList
[17:07:54.699] [trace] [t:96] Received completion queue callback
[17:07:54.700] [trace] [t:96] Handling async callback 
[17:07:54.700] [trace] [t:96] Calling InitCallbackList
[17:07:54.700] [trace] [t:96] Received completion queue callback
[17:07:54.700] [trace] [t:96] Handling async callback 
[17:07:54.700] [trace] [t:96] Calling InitCallbackList
[17:07:54.701] [trace] [t:96] Received completion queue callback
[17:07:54.701] [trace] [t:96] Handling async callback 
[17:07:54.701] [trace] [t:96] Calling InitCallbackList
[17:07:54.702] [trace] [t:96] Received completion queue callback
[17:07:54.702] [trace] [t:96] Handling async callback 
[17:07:54.702] [trace] [t:96] Calling InitCallbackList
[17:07:54.703] [trace] [t:96] Received completion queue callback
[17:07:54.703] [trace] [t:96] Handling async callback 
[17:07:54.703] [trace] [t:96] Calling InitCallbackList
[17:07:54.703] [trace] [t:96] Received completion queue callback
[17:07:54.703] [trace] [t:96] Handling async callback 
[17:07:54.703] [trace] [t:96] Calling InitCallbackList
[17:07:54.704] [trace] [t:96] Received completion queue callback
[17:07:54.704] [trace] [t:96] Handling async callback 
[17:07:54.704] [trace] [t:96] Calling InitCallbackList
[17:07:54.705] [trace] [t:96] Received completion queue callback
[17:07:54.705] [trace] [t:96] Handling async callback 
[17:07:54.705] [trace] [t:96] Calling InitCallbackList
[17:07:54.706] [trace] [t:96] Received completion queue callback
[17:07:54.706] [trace] [t:96] Handling async callback 
[17:07:54.706] [trace] [t:96] Calling InitCallbackList
[17:07:54.706] [trace] [t:96] Received completion queue callback
[17:07:54.706] [trace] [t:96] Handling async callback 
[17:07:54.706] [trace] [t:96] Calling InitCallbackList
[17:07:54.707] [trace] [t:96] Received completion queue callback
[17:07:54.707] [trace] [t:96] Handling async callback 
[17:07:54.707] [trace] [t:96] Calling InitCallbackList
[17:07:54.708] [trace] [t:96] Received completion queue callback
[17:07:54.708] [trace] [t:96] Handling async callback 
[17:07:54.708] [trace] [t:96] Calling InitCallbackList
[17:07:54.709] [trace] [t:96] Received completion queue callback
[17:07:54.709] [trace] [t:96] Handling async callback 
[17:07:54.709] [trace] [t:96] Calling InitCallbackList
[17:07:54.709] [trace] [t:96] Received completion queue callback
[17:07:54.709] [trace] [t:96] Handling async callback 
[17:07:54.709] [trace] [t:96] Calling InitCallbackList
[17:07:54.710] [trace] [t:96] Received completion queue callback
[17:07:54.710] [trace] [t:96] Handling async callback 
[17:07:54.710] [trace] [t:96] Calling InitCallbackList
[17:07:54.711] [trace] [t:96] Received completion queue callback
[17:07:54.711] [trace] [t:96] Handling async callback 
[17:07:54.711] [trace] [t:96] Calling InitCallbackList
[17:07:54.712] [trace] [t:96] Received completion queue callback
[17:07:54.712] [trace] [t:96] Handling async callback 
[17:07:54.712] [trace] [t:96] Calling InitCallbackList
[17:07:54.712] [trace] [t:96] Received completion queue callback
[17:07:54.712] [trace] [t:96] Handling async callback 
[17:07:54.712] [trace] [t:96] Calling InitCallbackList
[17:07:54.713] [trace] [t:96] Received completion queue callback
[17:07:54.713] [trace] [t:96] Handling async callback 
[17:07:54.713] [trace] [t:96] Calling InitCallbackList
[17:07:54.714] [trace] [t:96] Received completion queue callback
[17:07:54.714] [trace] [t:96] Handling async callback 
[17:07:54.714] [trace] [t:96] Calling InitCallbackList
[17:07:54.715] [trace] [t:96] Received completion queue callback
[17:07:54.715] [trace] [t:96] Handling async callback 
[17:07:54.715] [trace] [t:96] Calling InitCallbackList
[17:07:54.716] [trace] [t:96] Received completion queue callback
[17:07:54.716] [trace] [t:96] Handling async callback 
[17:07:54.716] [trace] [t:96] Calling InitCallbackList
[17:07:54.716] [trace] [t:96] Received completion queue callback
[17:07:54.716] [trace] [t:96] Handling async callback 
[17:07:54.716] [trace] [t:96] Calling InitCallbackList
[17:07:54.717] [trace] [t:96] Received completion queue callback
[17:07:54.717] [trace] [t:96] Handling async callback 
[17:07:54.717] [trace] [t:96] Calling InitCallbackList
[17:07:54.718] [trace] [t:96] Received completion queue callback
[17:07:54.718] [trace] [t:96] Handling async callback 
[17:07:54.718] [trace] [t:96] Calling InitCallbackList
[17:07:54.719] [trace] [t:96] Received completion queue callback
[17:07:54.719] [trace] [t:96] Handling async callback 
[17:07:54.719] [trace] [t:96] Calling InitCallbackList
[17:07:54.720] [trace] [t:96] Received completion queue callback
[17:07:54.720] [trace] [t:96] Handling async callback 
[17:07:54.720] [trace] [t:96] Calling InitCallbackList
[17:07:54.720] [trace] [t:96] Received completion queue callback
[17:07:54.721] [trace] [t:96] Handling async callback 
[17:07:54.721] [trace] [t:96] Calling InitCallbackList
[17:07:54.721] [trace] [t:96] Received completion queue callback
[17:07:54.721] [trace] [t:96] Handling async callback 
[17:07:54.721] [trace] [t:96] Calling InitCallbackList
[17:07:54.722] [trace] [t:96] Received completion queue callback
[17:07:54.722] [trace] [t:96] Handling async callback 
[17:07:54.722] [trace] [t:96] Calling InitCallbackList
[17:07:54.723] [trace] [t:96] Received completion queue callback
[17:07:54.723] [trace] [t:96] Handling async callback 
[17:07:54.723] [trace] [t:96] Calling InitCallbackList
[17:07:54.724] [trace] [t:96] Received completion queue callback
[17:07:54.724] [trace] [t:96] Handling async callback 
[17:07:54.724] [trace] [t:96] Calling InitCallbackList
[17:07:54.725] [trace] [t:96] Received completion queue callback
[17:07:54.725] [trace] [t:96] Handling async callback 
[17:07:54.725] [trace] [t:96] Calling InitCallbackList
[17:07:54.725] [trace] [t:96] Received completion queue callback
[17:07:54.725] [trace] [t:96] Handling async callback 
[17:07:54.725] [trace] [t:96] Calling InitCallbackList
[17:07:54.726] [trace] [t:96] Received completion queue callback
[17:07:54.726] [trace] [t:96] Handling async callback 
[17:07:54.726] [trace] [t:96] Calling InitCallbackList
[17:07:54.727] [trace] [t:96] Received completion queue callback
[17:07:54.727] [trace] [t:96] Handling async callback 
[17:07:54.727] [trace] [t:96] Calling InitCallbackList
[17:07:54.730] [trace] [t:96] Received completion queue callback
[17:07:54.730] [trace] [t:96] Handling async callback 
[17:07:54.730] [trace] [t:96] Calling InitCallbackList
[17:07:54.731] [trace] [t:96] Received completion queue callback
[17:07:54.731] [trace] [t:96] Handling async callback 
[17:07:54.731] [trace] [t:96] Calling InitCallbackList
[17:07:54.732] [trace] [t:96] Received completion queue callback
[17:07:54.732] [trace] [t:96] Handling async callback 
[17:07:54.732] [trace] [t:96] Calling InitCallbackList
[17:07:54.732] [trace] [t:96] Received completion queue callback
[17:07:54.732] [trace] [t:96] Handling async callback 
[17:07:54.732] [trace] [t:96] Calling InitCallbackList
[17:07:54.733] [trace] [t:96] Received completion queue callback
[17:07:54.733] [trace] [t:96] Handling async callback 
[17:07:54.733] [trace] [t:96] Calling InitCallbackList
[17:07:54.734] [trace] [t:96] Received completion queue callback
[17:07:54.734] [trace] [t:96] Handling async callback 
[17:07:54.734] [trace] [t:96] Calling InitCallbackList
[17:07:54.735] [trace] [t:96] Received completion queue callback
[17:07:54.735] [trace] [t:96] Handling async callback 
[17:07:54.735] [trace] [t:96] Calling InitCallbackList
[17:07:54.736] [trace] [t:96] Received completion queue callback
[17:07:54.736] [trace] [t:96] Handling async callback 
[17:07:54.736] [trace] [t:96] Calling InitCallbackList
[17:07:54.737] [trace] [t:96] Received completion queue callback
[17:07:54.737] [trace] [t:96] Handling async callback 
[17:07:54.737] [trace] [t:96] Calling InitCallbackList
[17:07:54.738] [trace] [t:96] Received completion queue callback
[17:07:54.738] [trace] [t:96] Handling async callback 
[17:07:54.738] [trace] [t:96] Calling InitCallbackList
[17:07:54.739] [trace] [t:96] Received completion queue callback
[17:07:54.739] [trace] [t:96] Handling async callback 
[17:07:54.739] [trace] [t:96] Calling InitCallbackList
[17:07:54.739] [trace] [t:96] Received completion queue callback
[17:07:54.739] [trace] [t:96] Handling async callback 
[17:07:54.740] [trace] [t:96] Calling InitCallbackList
[17:07:54.740] [trace] [t:96] Received completion queue callback
[17:07:54.740] [trace] [t:96] Handling async callback 
[17:07:54.740] [trace] [t:96] Calling InitCallbackList
[17:07:54.741] [trace] [t:96] Received completion queue callback
[17:07:54.741] [trace] [t:96] Handling async callback 
[17:07:54.741] [trace] [t:96] Calling InitCallbackList
[17:07:54.742] [trace] [t:96] Received completion queue callback
[17:07:54.742] [trace] [t:96] Handling async callback 
[17:07:54.742] [trace] [t:96] Calling InitCallbackList
[17:07:54.743] [trace] [t:96] Received completion queue callback
[17:07:54.743] [trace] [t:96] Handling async callback 
[17:07:54.743] [trace] [t:96] Calling InitCallbackList
[17:07:54.743] [trace] [t:96] Received completion queue callback
[17:07:54.743] [trace] [t:96] Handling async callback 
[17:07:54.743] [trace] [t:96] Calling InitCallbackList
[17:07:54.744] [trace] [t:96] Received completion queue callback
[17:07:54.744] [trace] [t:96] Handling async callback 
[17:07:54.744] [trace] [t:96] Calling InitCallbackList
[17:07:54.745] [trace] [t:96] Received completion queue callback
[17:07:54.745] [trace] [t:96] Handling async callback 
[17:07:54.745] [trace] [t:96] Calling InitCallbackList
[17:07:54.746] [trace] [t:96] Received completion queue callback
[17:07:54.746] [trace] [t:96] Handling async callback 
[17:07:54.746] [trace] [t:96] Calling InitCallbackList
[17:07:54.746] [trace] [t:96] Received completion queue callback
[17:07:54.746] [trace] [t:96] Handling async callback 
[17:07:54.746] [trace] [t:96] Calling InitCallbackList
[17:07:54.747] [trace] [t:96] Received completion queue callback
[17:07:54.747] [trace] [t:96] Handling async callback 
[17:07:54.747] [trace] [t:96] Calling InitCallbackList
[17:07:54.748] [trace] [t:96] Received completion queue callback
[17:07:54.748] [trace] [t:96] Handling async callback 
[17:07:54.748] [trace] [t:96] Calling InitCallbackList
[17:07:54.749] [trace] [t:96] Received completion queue callback
[17:07:54.749] [trace] [t:96] Handling async callback 
[17:07:54.749] [trace] [t:96] Calling InitCallbackList
[17:07:54.749] [trace] [t:96] Received completion queue callback
[17:07:54.749] [trace] [t:96] Handling async callback 
[17:07:54.749] [trace] [t:96] Calling InitCallbackList
[17:07:54.750] [trace] [t:96] Received completion queue callback
[17:07:54.750] [trace] [t:96] Handling async callback 
[17:07:54.750] [trace] [t:96] Calling InitCallbackList
[17:07:54.751] [trace] [t:96] Received completion queue callback
[17:07:54.751] [trace] [t:96] Handling async callback 
[17:07:54.751] [trace] [t:96] Calling InitCallbackList
[17:07:54.751] [trace] [t:96] Received completion queue callback
[17:07:54.751] [trace] [t:96] Handling async callback 
[17:07:54.751] [trace] [t:96] Calling InitCallbackList
[17:07:54.752] [trace] [t:96] Received completion queue callback
[17:07:54.752] [trace] [t:96] Handling async callback 
[17:07:54.752] [trace] [t:96] Calling InitCallbackList
[17:07:54.753] [trace] [t:96] Received completion queue callback
[17:07:54.753] [trace] [t:96] Handling async callback 
[17:07:54.753] [trace] [t:96] Calling InitCallbackList
[17:07:54.754] [trace] [t:96] Received completion queue callback
[17:07:54.754] [trace] [t:96] Handling async callback 
[17:07:54.754] [trace] [t:96] Calling InitCallbackList
[17:07:54.754] [trace] [t:96] Received completion queue callback
[17:07:54.754] [trace] [t:96] Handling async callback 
[17:07:54.754] [trace] [t:96] Calling InitCallbackList
[17:07:54.756] [trace] [t:96] Received completion queue callback
[17:07:54.756] [trace] [t:96] Handling async callback 
[17:07:54.756] [trace] [t:96] Calling InitCallbackList
[17:07:54.756] [trace] [t:96] Received completion queue callback
[17:07:54.756] [trace] [t:96] Handling async callback 
[17:07:54.756] [trace] [t:96] Calling InitCallbackList
[17:07:54.757] [trace] [t:96] Received completion queue callback
[17:07:54.757] [trace] [t:96] Handling async callback 
[17:07:54.757] [trace] [t:96] Calling InitCallbackList
[17:07:54.758] [trace] [t:96] Received completion queue callback
[17:07:54.758] [trace] [t:96] Handling async callback 
[17:07:54.758] [trace] [t:96] Calling InitCallbackList
[17:07:54.759] [trace] [t:96] Received completion queue callback
[17:07:54.759] [trace] [t:96] Handling async callback 
[17:07:54.759] [trace] [t:96] Calling InitCallbackList
[17:07:54.760] [trace] [t:96] Received completion queue callback
[17:07:54.760] [trace] [t:96] Handling async callback 
[17:07:54.760] [trace] [t:96] Calling InitCallbackList
[17:07:54.760] [trace] [t:96] Received completion queue callback
[17:07:54.760] [trace] [t:96] Handling async callback 
[17:07:54.760] [trace] [t:96] Calling InitCallbackList
[17:07:54.761] [trace] [t:96] Received completion queue callback
[17:07:54.761] [trace] [t:96] Handling async callback 
[17:07:54.761] [trace] [t:96] Calling InitCallbackList
[17:07:54.762] [trace] [t:96] Received completion queue callback
[17:07:54.762] [trace] [t:96] Handling async callback 
[17:07:54.762] [trace] [t:96] Calling InitCallbackList
[17:07:54.763] [trace] [t:96] Received completion queue callback
[17:07:54.763] [trace] [t:96] Handling async callback 
[17:07:54.763] [trace] [t:96] Calling InitCallbackList
[17:07:54.763] [trace] [t:96] Received completion queue callback
[17:07:54.763] [trace] [t:96] Handling async callback 
[17:07:54.763] [trace] [t:96] Calling InitCallbackList
[17:07:54.764] [trace] [t:96] Received completion queue callback
[17:07:54.765] [trace] [t:96] Handling async callback 
[17:07:54.765] [trace] [t:96] Calling InitCallbackList
[17:07:54.765] [trace] [t:96] Received completion queue callback
[17:07:54.765] [trace] [t:96] Handling async callback 
[17:07:54.765] [trace] [t:96] Calling InitCallbackList
[17:07:54.766] [trace] [t:96] Received completion queue callback
[17:07:54.766] [trace] [t:96] Handling async callback 
[17:07:54.766] [trace] [t:96] Calling InitCallbackList
[17:07:54.767] [trace] [t:96] Received completion queue callback
[17:07:54.767] [trace] [t:96] Handling async callback 
[17:07:54.767] [trace] [t:96] Calling InitCallbackList
[17:07:54.768] [trace] [t:96] Received completion queue callback
[17:07:54.768] [trace] [t:96] Handling async callback 
[17:07:54.768] [trace] [t:96] Calling InitCallbackList
[17:07:54.769] [trace] [t:96] Received completion queue callback
[17:07:54.769] [trace] [t:96] Handling async callback 
[17:07:54.769] [trace] [t:96] Calling InitCallbackList
[17:07:54.770] [trace] [t:96] Received completion queue callback
[17:07:54.770] [trace] [t:96] Handling async callback 
[17:07:54.770] [trace] [t:96] Calling InitCallbackList
[17:07:54.771] [trace] [t:96] Received completion queue callback
[17:07:54.771] [trace] [t:96] Handling async callback 
[17:07:54.771] [trace] [t:96] Calling InitCallbackList
[17:07:54.772] [trace] [t:96] Received completion queue callback
[17:07:54.772] [trace] [t:96] Handling async callback 
[17:07:54.772] [trace] [t:96] Calling InitCallbackList
[17:07:54.773] [trace] [t:96] Received completion queue callback
[17:07:54.773] [trace] [t:96] Handling async callback 
[17:07:54.773] [trace] [t:96] Calling InitCallbackList
[17:07:54.774] [trace] [t:96] Received completion queue callback
[17:07:54.774] [trace] [t:96] Handling async callback 
[17:07:54.774] [trace] [t:96] Calling InitCallbackList
[17:07:54.775] [trace] [t:96] Received completion queue callback
[17:07:54.775] [trace] [t:96] Handling async callback 
[17:07:54.775] [trace] [t:96] Calling InitCallbackList
[17:07:54.776] [trace] [t:96] Received completion queue callback
[17:07:54.776] [trace] [t:96] Handling async callback 
[17:07:54.776] [trace] [t:96] Calling InitCallbackList
[17:07:54.777] [trace] [t:96] Received completion queue callback
[17:07:54.777] [trace] [t:96] Handling async callback 
[17:07:54.777] [trace] [t:96] Calling InitCallbackList
[17:07:54.777] [trace] [t:96] Received completion queue callback
[17:07:54.777] [trace] [t:96] Handling async callback 
[17:07:54.777] [trace] [t:96] Calling InitCallbackList
[17:07:54.778] [trace] [t:96] Received completion queue callback
[17:07:54.778] [trace] [t:96] Handling async callback 
[17:07:54.778] [trace] [t:96] Calling InitCallbackList
[17:07:54.779] [trace] [t:96] Received completion queue callback
[17:07:54.779] [trace] [t:96] Handling async callback 
[17:07:54.779] [trace] [t:96] Calling InitCallbackList
[17:07:54.780] [trace] [t:96] Received completion queue callback
[17:07:54.780] [trace] [t:96] Handling async callback 
[17:07:54.780] [trace] [t:96] Calling InitCallbackList
[17:07:54.782] [trace] [t:96] Received completion queue callback
[17:07:54.782] [trace] [t:96] Handling async callback 
[17:07:54.782] [trace] [t:96] Calling InitCallbackList
[17:07:54.783] [trace] [t:96] Received completion queue callback
[17:07:54.783] [trace] [t:96] Handling async callback 
[17:07:54.783] [trace] [t:96] Calling InitCallbackList
[17:07:54.785] [trace] [t:96] Received completion queue callback
[17:07:54.785] [trace] [t:96] Handling async callback 
[17:07:54.785] [trace] [t:96] Calling InitCallbackList
[17:07:54.786] [trace] [t:96] Received completion queue callback
[17:07:54.786] [trace] [t:96] Handling async callback 
[17:07:54.786] [trace] [t:96] Calling InitCallbackList
[17:07:54.787] [trace] [t:96] Received completion queue callback
[17:07:54.787] [trace] [t:96] Handling async callback 
[17:07:54.787] [trace] [t:96] Calling InitCallbackList
[17:07:54.788] [trace] [t:96] Received completion queue callback
[17:07:54.788] [trace] [t:96] Handling async callback 
[17:07:54.788] [trace] [t:96] Calling InitCallbackList
[17:07:54.789] [trace] [t:96] Received completion queue callback
[17:07:54.789] [trace] [t:96] Handling async callback 
[17:07:54.789] [trace] [t:96] Calling InitCallbackList
[17:07:54.791] [trace] [t:96] Received completion queue callback
[17:07:54.791] [trace] [t:96] Handling async callback 
[17:07:54.791] [trace] [t:96] Calling InitCallbackList
[17:07:54.792] [trace] [t:96] Received completion queue callback
[17:07:54.792] [trace] [t:96] Handling async callback 
[17:07:54.792] [trace] [t:96] Calling InitCallbackList
[17:07:54.793] [trace] [t:96] Received completion queue callback
[17:07:54.793] [trace] [t:96] Handling async callback 
[17:07:54.793] [trace] [t:96] Calling InitCallbackList
[17:07:54.794] [trace] [t:96] Received completion queue callback
[17:07:54.794] [trace] [t:96] Handling async callback 
[17:07:54.794] [trace] [t:96] Calling InitCallbackList
[17:07:54.795] [trace] [t:96] Received completion queue callback
[17:07:54.795] [trace] [t:96] Handling async callback 
[17:07:54.795] [trace] [t:96] Calling InitCallbackList
[17:07:54.796] [trace] [t:96] Received completion queue callback
[17:07:54.796] [trace] [t:96] Handling async callback 
[17:07:54.796] [trace] [t:96] Calling InitCallbackList
[17:07:54.797] [trace] [t:96] Received completion queue callback
[17:07:54.797] [trace] [t:96] Handling async callback 
[17:07:54.797] [trace] [t:96] Calling InitCallbackList
[17:07:54.798] [trace] [t:96] Received completion queue callback
[17:07:54.798] [trace] [t:96] Handling async callback 
[17:07:54.798] [trace] [t:96] Calling InitCallbackList
[17:07:54.799] [trace] [t:96] Received completion queue callback
[17:07:54.799] [trace] [t:96] Handling async callback 
[17:07:54.799] [trace] [t:96] Calling InitCallbackList
[17:07:54.800] [trace] [t:96] Received completion queue callback
[17:07:54.800] [trace] [t:96] Handling async callback 
[17:07:54.800] [trace] [t:96] Calling InitCallbackList
[17:07:54.801] [trace] [t:96] Received completion queue callback
[17:07:54.801] [trace] [t:96] Handling async callback 
[17:07:54.801] [trace] [t:96] Calling InitCallbackList
[17:07:54.802] [trace] [t:96] Received completion queue callback
[17:07:54.802] [trace] [t:96] Handling async callback 
[17:07:54.802] [trace] [t:96] Calling InitCallbackList
[17:07:54.802] [trace] [t:96] Received completion queue callback
[17:07:54.802] [trace] [t:96] Handling async callback 
[17:07:54.802] [trace] [t:96] Calling InitCallbackList
[17:07:54.803] [trace] [t:96] Received completion queue callback
[17:07:54.803] [trace] [t:96] Handling async callback 
[17:07:54.804] [trace] [t:96] Calling InitCallbackList
[17:07:54.804] [trace] [t:96] Received completion queue callback
[17:07:54.804] [trace] [t:96] Handling async callback 
[17:07:54.804] [trace] [t:96] Calling InitCallbackList
[17:07:54.805] [trace] [t:96] Received completion queue callback
[17:07:54.805] [trace] [t:96] Handling async callback 
[17:07:54.805] [trace] [t:96] Calling InitCallbackList
[17:07:54.806] [trace] [t:96] Received completion queue callback
[17:07:54.806] [trace] [t:96] Handling async callback 
[17:07:54.806] [trace] [t:96] Calling InitCallbackList
[17:07:54.807] [trace] [t:96] Received completion queue callback
[17:07:54.807] [trace] [t:96] Handling async callback 
[17:07:54.807] [trace] [t:96] Calling InitCallbackList
[17:07:54.808] [trace] [t:96] Received completion queue callback
[17:07:54.808] [trace] [t:96] Handling async callback 
[17:07:54.808] [trace] [t:96] Calling InitCallbackList
[17:07:54.810] [trace] [t:96] Received completion queue callback
[17:07:54.810] [trace] [t:96] Handling async callback 
[17:07:54.810] [trace] [t:96] Calling InitCallbackList
[17:07:54.811] [trace] [t:96] Received completion queue callback
[17:07:54.811] [trace] [t:96] Handling async callback 
[17:07:54.811] [trace] [t:96] Calling InitCallbackList
[17:07:54.812] [trace] [t:96] Received completion queue callback
[17:07:54.812] [trace] [t:96] Handling async callback 
[17:07:54.812] [trace] [t:96] Calling InitCallbackList
[17:07:54.812] [trace] [t:96] Received completion queue callback
[17:07:54.812] [trace] [t:96] Handling async callback 
[17:07:54.812] [trace] [t:96] Calling InitCallbackList
[17:07:54.813] [trace] [t:96] Received completion queue callback
[17:07:54.813] [trace] [t:96] Handling async callback 
[17:07:54.813] [trace] [t:96] Calling InitCallbackList
[17:07:54.814] [trace] [t:96] Received completion queue callback
[17:07:54.814] [trace] [t:96] Handling async callback 
[17:07:54.814] [trace] [t:96] Calling InitCallbackList
[17:07:54.816] [trace] [t:96] Received completion queue callback
[17:07:54.816] [trace] [t:96] Handling async callback 
[17:07:54.816] [trace] [t:96] Calling InitCallbackList
[17:07:54.817] [trace] [t:96] Received completion queue callback
[17:07:54.817] [trace] [t:96] Handling async callback 
[17:07:54.817] [trace] [t:96] Calling InitCallbackList
[17:07:54.818] [trace] [t:96] Received completion queue callback
[17:07:54.818] [trace] [t:96] Handling async callback 
[17:07:54.818] [trace] [t:96] Calling InitCallbackList
[17:07:54.819] [trace] [t:96] Received completion queue callback
[17:07:54.819] [trace] [t:96] Handling async callback 
[17:07:54.819] [trace] [t:96] Calling InitCallbackList
[17:07:54.820] [trace] [t:96] Received completion queue callback
[17:07:54.820] [trace] [t:96] Handling async callback 
[17:07:54.820] [trace] [t:96] Calling InitCallbackList
[17:07:54.821] [trace] [t:96] Received completion queue callback
[17:07:54.821] [trace] [t:96] Handling async callback 
[17:07:54.821] [trace] [t:96] Calling InitCallbackList
[17:07:54.822] [trace] [t:96] Received completion queue callback
[17:07:54.822] [trace] [t:96] Handling async callback 
[17:07:54.822] [trace] [t:96] Calling InitCallbackList
[17:07:54.822] [trace] [t:96] Received completion queue callback
[17:07:54.822] [trace] [t:96] Handling async callback 
[17:07:54.822] [trace] [t:96] Calling InitCallbackList
[17:07:54.823] [trace] [t:96] Received completion queue callback
[17:07:54.823] [trace] [t:96] Handling async callback 
[17:07:54.823] [trace] [t:96] Calling InitCallbackList
[17:07:54.824] [trace] [t:96] Received completion queue callback
[17:07:54.824] [trace] [t:96] Handling async callback 
[17:07:54.824] [trace] [t:96] Calling InitCallbackList
[17:07:54.825] [trace] [t:96] Received completion queue callback
[17:07:54.825] [trace] [t:96] Handling async callback 
[17:07:54.825] [trace] [t:96] Calling InitCallbackList
[17:07:54.826] [trace] [t:96] Received completion queue callback
[17:07:54.826] [trace] [t:96] Handling async callback 
[17:07:54.826] [trace] [t:96] Calling InitCallbackList
[17:07:54.827] [trace] [t:96] Received completion queue callback
[17:07:54.827] [trace] [t:96] Handling async callback 
[17:07:54.827] [trace] [t:96] Calling InitCallbackList
[17:07:54.828] [trace] [t:96] Received completion queue callback
[17:07:54.828] [trace] [t:96] Handling async callback 
[17:07:54.828] [trace] [t:96] Calling InitCallbackList
[17:07:54.829] [trace] [t:96] Received completion queue callback
[17:07:54.829] [trace] [t:96] Handling async callback 
[17:07:54.829] [trace] [t:96] Calling InitCallbackList
[17:07:54.830] [trace] [t:96] Received completion queue callback
[17:07:54.830] [trace] [t:96] Handling async callback 
[17:07:54.830] [trace] [t:96] Calling InitCallbackList
[17:07:54.831] [trace] [t:96] Received completion queue callback
[17:07:54.831] [trace] [t:96] Handling async callback 
[17:07:54.831] [trace] [t:96] Calling InitCallbackList
[17:07:54.832] [trace] [t:96] Received completion queue callback
[17:07:54.832] [trace] [t:96] Handling async callback 
[17:07:54.832] [trace] [t:96] Calling InitCallbackList
[17:07:54.833] [trace] [t:96] Received completion queue callback
[17:07:54.833] [trace] [t:96] Handling async callback 
[17:07:54.833] [trace] [t:96] Calling InitCallbackList
[17:07:54.833] [trace] [t:96] Received completion queue callback
[17:07:54.833] [trace] [t:96] Handling async callback 
[17:07:54.833] [trace] [t:96] Calling InitCallbackList
[17:07:54.834] [trace] [t:96] Received completion queue callback
[17:07:54.834] [trace] [t:96] Handling async callback 
[17:07:54.834] [trace] [t:96] Calling InitCallbackList
[17:07:54.835] [trace] [t:96] Received completion queue callback
[17:07:54.835] [trace] [t:96] Handling async callback 
[17:07:54.835] [trace] [t:96] Calling InitCallbackList
[17:07:54.836] [trace] [t:96] Received completion queue callback
[17:07:54.836] [trace] [t:96] Handling async callback 
[17:07:54.836] [trace] [t:96] Calling InitCallbackList
[17:07:54.837] [trace] [t:96] Received completion queue callback
[17:07:54.837] [trace] [t:96] Handling async callback 
[17:07:54.837] [trace] [t:96] Calling InitCallbackList
[17:07:54.838] [trace] [t:96] Received completion queue callback
[17:07:54.838] [trace] [t:96] Handling async callback 
[17:07:54.838] [trace] [t:96] Calling InitCallbackList
[17:07:54.839] [trace] [t:96] Received completion queue callback
[17:07:54.839] [trace] [t:96] Handling async callback 
[17:07:54.839] [trace] [t:96] Calling InitCallbackList
[17:07:54.840] [trace] [t:96] Received completion queue callback
[17:07:54.840] [trace] [t:96] Handling async callback 
[17:07:54.840] [trace] [t:96] Calling InitCallbackList
[17:07:54.841] [trace] [t:96] Received completion queue callback
[17:07:54.841] [trace] [t:96] Handling async callback 
[17:07:54.841] [trace] [t:96] Calling InitCallbackList
[17:07:54.842] [trace] [t:96] Received completion queue callback
[17:07:54.842] [trace] [t:96] Handling async callback 
[17:07:54.842] [trace] [t:96] Calling InitCallbackList
[17:07:54.843] [trace] [t:96] Received completion queue callback
[17:07:54.843] [trace] [t:96] Handling async callback 
[17:07:54.843] [trace] [t:96] Calling InitCallbackList
[17:07:54.844] [trace] [t:96] Received completion queue callback
[17:07:54.844] [trace] [t:96] Handling async callback 
[17:07:54.844] [trace] [t:96] Calling InitCallbackList
[17:07:54.844] [trace] [t:96] Received completion queue callback
[17:07:54.845] [trace] [t:96] Handling async callback 
[17:07:54.845] [trace] [t:96] Calling InitCallbackList
[17:07:54.845] [trace] [t:96] Received completion queue callback
[17:07:54.845] [trace] [t:96] Handling async callback 
[17:07:54.845] [trace] [t:96] Calling InitCallbackList
[17:07:54.846] [trace] [t:96] Received completion queue callback
[17:07:54.846] [trace] [t:96] Handling async callback 
[17:07:54.846] [trace] [t:96] Calling InitCallbackList
[17:07:54.847] [trace] [t:96] Received completion queue callback
[17:07:54.847] [trace] [t:96] Handling async callback 
[17:07:54.847] [trace] [t:96] Calling InitCallbackList
[17:07:54.848] [trace] [t:96] Received completion queue callback
[17:07:54.848] [trace] [t:96] Handling async callback 
[17:07:54.848] [trace] [t:96] Calling InitCallbackList
[17:07:54.849] [trace] [t:96] Received completion queue callback
[17:07:54.849] [trace] [t:96] Handling async callback 
[17:07:54.849] [trace] [t:96] Calling InitCallbackList
[17:07:54.849] [trace] [t:96] Received completion queue callback
[17:07:54.849] [trace] [t:96] Handling async callback 
[17:07:54.849] [trace] [t:96] Calling InitCallbackList
[17:07:54.850] [trace] [t:96] Received completion queue callback
[17:07:54.850] [trace] [t:96] Handling async callback 
[17:07:54.850] [trace] [t:96] Calling InitCallbackList
[17:07:54.851] [trace] [t:96] Received completion queue callback
[17:07:54.851] [trace] [t:96] Handling async callback 
[17:07:54.851] [trace] [t:96] Calling InitCallbackList
[17:07:54.852] [trace] [t:96] Received completion queue callback
[17:07:54.852] [trace] [t:96] Handling async callback 
[17:07:54.852] [trace] [t:96] Calling InitCallbackList
[17:07:54.853] [trace] [t:96] Received completion queue callback
[17:07:54.853] [trace] [t:96] Handling async callback 
[17:07:54.853] [trace] [t:96] Calling InitCallbackList
[17:07:54.854] [trace] [t:96] Received completion queue callback
[17:07:54.854] [trace] [t:96] Handling async callback 
[17:07:54.854] [trace] [t:96] Calling InitCallbackList
[17:07:54.855] [trace] [t:96] Received completion queue callback
[17:07:54.855] [trace] [t:96] Handling async callback 
[17:07:54.855] [trace] [t:96] Calling InitCallbackList
[17:07:54.856] [trace] [t:96] Received completion queue callback
[17:07:54.856] [trace] [t:96] Handling async callback 
[17:07:54.856] [trace] [t:96] Calling InitCallbackList
[17:07:54.857] [trace] [t:96] Received completion queue callback
[17:07:54.857] [trace] [t:96] Handling async callback 
[17:07:54.857] [trace] [t:96] Calling InitCallbackList
[17:07:54.858] [trace] [t:96] Received completion queue callback
[17:07:54.858] [trace] [t:96] Handling async callback 
[17:07:54.858] [trace] [t:96] Calling InitCallbackList
[17:07:54.858] [trace] [t:96] Received completion queue callback
[17:07:54.858] [trace] [t:96] Handling async callback 
[17:07:54.858] [trace] [t:96] Calling InitCallbackList
[17:07:54.859] [trace] [t:96] Received completion queue callback
[17:07:54.859] [trace] [t:96] Handling async callback 
[17:07:54.859] [trace] [t:96] Calling InitCallbackList
[17:07:54.860] [trace] [t:96] Received completion queue callback
[17:07:54.860] [trace] [t:96] Handling async callback 
[17:07:54.860] [trace] [t:96] Calling InitCallbackList
[17:07:54.861] [trace] [t:96] Received completion queue callback
[17:07:54.861] [trace] [t:96] Handling async callback 
[17:07:54.861] [trace] [t:96] Calling InitCallbackList
[17:07:54.862] [trace] [t:96] Received completion queue callback
[17:07:54.862] [trace] [t:96] Handling async callback 
[17:07:54.862] [trace] [t:96] Calling InitCallbackList
[17:07:54.863] [trace] [t:96] Received completion queue callback
[17:07:54.863] [trace] [t:96] Handling async callback 
[17:07:54.863] [trace] [t:96] Calling InitCallbackList
[17:07:54.863] [trace] [t:96] Received completion queue callback
[17:07:54.863] [trace] [t:96] Handling async callback 
[17:07:54.863] [trace] [t:96] Calling InitCallbackList
[17:07:54.864] [trace] [t:96] Received completion queue callback
[17:07:54.864] [trace] [t:96] Handling async callback 
[17:07:54.864] [trace] [t:96] Calling InitCallbackList
[17:07:54.865] [trace] [t:96] Received completion queue callback
[17:07:54.865] [trace] [t:96] Handling async callback 
[17:07:54.865] [trace] [t:96] Calling InitCallbackList
[17:07:54.866] [trace] [t:96] Received completion queue callback
[17:07:54.866] [trace] [t:96] Handling async callback 
[17:07:54.866] [trace] [t:96] Calling InitCallbackList
[17:07:54.867] [trace] [t:96] Received completion queue callback
[17:07:54.867] [trace] [t:96] Handling async callback 
[17:07:54.867] [trace] [t:96] Calling InitCallbackList
[17:07:54.868] [trace] [t:96] Received completion queue callback
[17:07:54.868] [trace] [t:96] Handling async callback 
[17:07:54.868] [trace] [t:96] Calling InitCallbackList
[17:07:54.869] [trace] [t:96] Received completion queue callback
[17:07:54.869] [trace] [t:96] Handling async callback 
[17:07:54.869] [trace] [t:96] Calling InitCallbackList
[17:07:54.870] [trace] [t:96] Received completion queue callback
[17:07:54.870] [trace] [t:96] Handling async callback 
[17:07:54.870] [trace] [t:96] Calling InitCallbackList
[17:07:54.871] [trace] [t:96] Received completion queue callback
[17:07:54.871] [trace] [t:96] Handling async callback 
[17:07:54.871] [trace] [t:96] Calling InitCallbackList
[17:07:54.872] [trace] [t:96] Received completion queue callback
[17:07:54.872] [trace] [t:96] Handling async callback 
[17:07:54.872] [trace] [t:96] Calling InitCallbackList
[17:07:54.873] [trace] [t:96] Received completion queue callback
[17:07:54.873] [trace] [t:96] Handling async callback 
[17:07:54.873] [trace] [t:96] Calling InitCallbackList
[17:07:54.874] [trace] [t:96] Received completion queue callback
[17:07:54.874] [trace] [t:96] Handling async callback 
[17:07:54.874] [trace] [t:96] Calling InitCallbackList
[17:07:54.875] [trace] [t:96] Received completion queue callback
[17:07:54.875] [trace] [t:96] Handling async callback 
[17:07:54.875] [trace] [t:96] Calling InitCallbackList
[17:07:54.876] [trace] [t:96] Received completion queue callback
[17:07:54.876] [trace] [t:96] Handling async callback 
[17:07:54.876] [trace] [t:96] Calling InitCallbackList
[17:07:54.876] [trace] [t:96] Received completion queue callback
[17:07:54.876] [trace] [t:96] Handling async callback 
[17:07:54.876] [trace] [t:96] Calling InitCallbackList
[17:07:54.877] [trace] [t:96] Received completion queue callback
[17:07:54.878] [trace] [t:96] Handling async callback 
[17:07:54.878] [trace] [t:96] Calling InitCallbackList
[17:07:54.878] [trace] [t:96] Received completion queue callback
[17:07:54.878] [trace] [t:96] Handling async callback 
[17:07:54.878] [trace] [t:96] Calling InitCallbackList
[17:07:54.879] [trace] [t:96] Received completion queue callback
[17:07:54.879] [trace] [t:96] Handling async callback 
[17:07:54.879] [trace] [t:96] Calling InitCallbackList
[17:07:54.880] [trace] [t:96] Received completion queue callback
[17:07:54.881] [trace] [t:96] Handling async callback 
[17:07:54.881] [trace] [t:96] Calling InitCallbackList
[17:07:54.882] [trace] [t:96] Received completion queue callback
[17:07:54.882] [trace] [t:96] Handling async callback 
[17:07:54.882] [trace] [t:96] Calling InitCallbackList
[17:07:54.883] [trace] [t:96] Received completion queue callback
[17:07:54.883] [trace] [t:96] Handling async callback 
[17:07:54.883] [trace] [t:96] Calling InitCallbackList
[17:07:54.883] [trace] [t:96] Received completion queue callback
[17:07:54.883] [trace] [t:96] Handling async callback 
[17:07:54.883] [trace] [t:96] Calling InitCallbackList
[17:07:54.884] [trace] [t:96] Received completion queue callback
[17:07:54.884] [trace] [t:96] Handling async callback 
[17:07:54.884] [trace] [t:96] Calling InitCallbackList
[17:07:54.885] [trace] [t:96] Received completion queue callback
[17:07:54.885] [trace] [t:96] Handling async callback 
[17:07:54.885] [trace] [t:96] Calling InitCallbackList
[17:07:54.886] [trace] [t:96] Received completion queue callback
[17:07:54.886] [trace] [t:96] Handling async callback 
[17:07:54.886] [trace] [t:96] Calling InitCallbackList
[17:07:54.887] [trace] [t:96] Received completion queue callback
[17:07:54.887] [trace] [t:96] Handling async callback 
[17:07:54.887] [trace] [t:96] Calling InitCallbackList
[17:07:54.888] [trace] [t:96] Received completion queue callback
[17:07:54.888] [trace] [t:96] Handling async callback 
[17:07:54.888] [trace] [t:96] Calling InitCallbackList
[17:07:54.888] [trace] [t:96] Received completion queue callback
[17:07:54.889] [trace] [t:96] Handling async callback 
[17:07:54.889] [trace] [t:96] Calling InitCallbackList
[17:07:54.890] [trace] [t:96] Received completion queue callback
[17:07:54.890] [trace] [t:96] Handling async callback 
[17:07:54.890] [trace] [t:96] Calling InitCallbackList
[17:07:54.891] [trace] [t:96] Received completion queue callback
[17:07:54.891] [trace] [t:96] Handling async callback 
[17:07:54.891] [trace] [t:96] Calling InitCallbackList
[17:07:54.892] [trace] [t:96] Received completion queue callback
[17:07:54.892] [trace] [t:96] Handling async callback 
[17:07:54.892] [trace] [t:96] Calling InitCallbackList
[17:07:54.893] [trace] [t:96] Received completion queue callback
[17:07:54.893] [trace] [t:96] Handling async callback 
[17:07:54.893] [trace] [t:96] Calling InitCallbackList
[17:07:54.893] [trace] [t:96] Received completion queue callback
[17:07:54.893] [trace] [t:96] Handling async callback 
[17:07:54.893] [trace] [t:96] Calling InitCallbackList
[17:07:54.894] [trace] [t:96] Received completion queue callback
[17:07:54.894] [trace] [t:96] Handling async callback 
[17:07:54.894] [trace] [t:96] Calling InitCallbackList
[17:07:54.895] [trace] [t:96] Received completion queue callback
[17:07:54.895] [trace] [t:96] Handling async callback 
[17:07:54.895] [trace] [t:96] Calling InitCallbackList
[17:07:54.896] [trace] [t:96] Received completion queue callback
[17:07:54.896] [trace] [t:96] Handling async callback 
[17:07:54.896] [trace] [t:96] Calling InitCallbackList
[17:07:54.897] [trace] [t:96] Received completion queue callback
[17:07:54.897] [trace] [t:96] Handling async callback 
[17:07:54.897] [trace] [t:96] Calling InitCallbackList
[17:07:54.898] [trace] [t:96] Received completion queue callback
[17:07:54.898] [trace] [t:96] Handling async callback 
[17:07:54.898] [trace] [t:96] Calling InitCallbackList
[17:07:54.899] [trace] [t:96] Received completion queue callback
[17:07:54.899] [trace] [t:96] Handling async callback 
[17:07:54.899] [trace] [t:96] Calling InitCallbackList
[17:07:54.900] [trace] [t:96] Received completion queue callback
[17:07:54.900] [trace] [t:96] Handling async callback 
[17:07:54.900] [trace] [t:96] Calling InitCallbackList
[17:07:54.901] [trace] [t:96] Received completion queue callback
[17:07:54.901] [trace] [t:96] Handling async callback 
[17:07:54.901] [trace] [t:96] Calling InitCallbackList
[17:07:54.902] [trace] [t:96] Received completion queue callback
[17:07:54.902] [trace] [t:96] Handling async callback 
[17:07:54.902] [trace] [t:96] Calling InitCallbackList
[17:07:54.902] [trace] [t:96] Received completion queue callback
[17:07:54.902] [trace] [t:96] Handling async callback 
[17:07:54.902] [trace] [t:96] Calling InitCallbackList
[17:07:54.903] [trace] [t:96] Received completion queue callback
[17:07:54.903] [trace] [t:96] Handling async callback 
[17:07:54.903] [trace] [t:96] Calling InitCallbackList
[17:07:54.904] [trace] [t:96] Received completion queue callback
[17:07:54.904] [trace] [t:96] Handling async callback 
[17:07:54.904] [trace] [t:96] Calling InitCallbackList
[17:07:54.905] [trace] [t:96] Received completion queue callback
[17:07:54.905] [trace] [t:96] Handling async callback 
[17:07:54.905] [trace] [t:96] Calling InitCallbackList
[17:07:54.905] [trace] [t:96] Received completion queue callback
[17:07:54.905] [trace] [t:96] Handling async callback 
[17:07:54.906] [trace] [t:96] Calling InitCallbackList
[17:07:54.906] [trace] [t:96] Received completion queue callback
[17:07:54.906] [trace] [t:96] Handling async callback 
[17:07:54.906] [trace] [t:96] Calling InitCallbackList
[17:07:54.907] [trace] [t:96] Received completion queue callback
[17:07:54.907] [trace] [t:96] Handling async callback 
[17:07:54.907] [trace] [t:96] Calling InitCallbackList
[17:07:54.908] [trace] [t:96] Received completion queue callback
[17:07:54.908] [trace] [t:96] Handling async callback 
[17:07:54.908] [trace] [t:96] Calling InitCallbackList
[17:07:54.909] [trace] [t:96] Received completion queue callback
[17:07:54.909] [trace] [t:96] Handling async callback 
[17:07:54.909] [trace] [t:96] Calling InitCallbackList
[17:07:54.910] [trace] [t:96] Received completion queue callback
[17:07:54.910] [trace] [t:96] Handling async callback 
[17:07:54.910] [trace] [t:96] Calling InitCallbackList
[17:07:54.911] [trace] [t:96] Received completion queue callback
[17:07:54.911] [trace] [t:96] Handling async callback 
[17:07:54.911] [trace] [t:96] Calling InitCallbackList
[17:07:54.911] [trace] [t:96] Received completion queue callback
[17:07:54.911] [trace] [t:96] Handling async callback 
[17:07:54.911] [trace] [t:96] Calling InitCallbackList
[17:07:54.912] [trace] [t:96] Received completion queue callback
[17:07:54.912] [trace] [t:96] Handling async callback 
[17:07:54.912] [trace] [t:96] Calling InitCallbackList
[17:07:54.913] [trace] [t:96] Received completion queue callback
[17:07:54.913] [trace] [t:96] Handling async callback 
[17:07:54.913] [trace] [t:96] Calling InitCallbackList
[17:07:54.914] [trace] [t:96] Received completion queue callback
[17:07:54.914] [trace] [t:96] Handling async callback 
[17:07:54.914] [trace] [t:96] Calling InitCallbackList
[17:07:54.915] [trace] [t:96] Received completion queue callback
[17:07:54.915] [trace] [t:96] Handling async callback 
[17:07:54.915] [trace] [t:96] Calling InitCallbackList
[17:07:54.915] [trace] [t:96] Received completion queue callback
[17:07:54.915] [trace] [t:96] Handling async callback 
[17:07:54.915] [trace] [t:96] Calling InitCallbackList
[17:07:54.916] [trace] [t:96] Received completion queue callback
[17:07:54.916] [trace] [t:96] Handling async callback 
[17:07:54.916] [trace] [t:96] Calling InitCallbackList
[17:07:54.917] [trace] [t:96] Received completion queue callback
[17:07:54.917] [trace] [t:96] Handling async callback 
[17:07:54.917] [trace] [t:96] Calling InitCallbackList
[17:07:54.918] [trace] [t:96] Received completion queue callback
[17:07:54.918] [trace] [t:96] Handling async callback 
[17:07:54.918] [trace] [t:96] Calling InitCallbackList
[17:07:54.919] [trace] [t:96] Received completion queue callback
[17:07:54.919] [trace] [t:96] Handling async callback 
[17:07:54.919] [trace] [t:96] Calling InitCallbackList
[17:07:54.919] [trace] [t:96] Received completion queue callback
[17:07:54.920] [trace] [t:96] Handling async callback 
[17:07:54.920] [trace] [t:96] Calling InitCallbackList
[17:07:54.920] [trace] [t:96] Received completion queue callback
[17:07:54.920] [trace] [t:96] Handling async callback 
[17:07:54.920] [trace] [t:96] Calling InitCallbackList
[17:07:54.921] [trace] [t:96] Received completion queue callback
[17:07:54.921] [trace] [t:96] Handling async callback 
[17:07:54.921] [trace] [t:96] Calling InitCallbackList
[17:07:54.922] [trace] [t:96] Received completion queue callback
[17:07:54.922] [trace] [t:96] Handling async callback 
[17:07:54.922] [trace] [t:96] Calling InitCallbackList
[17:07:54.923] [trace] [t:96] Received completion queue callback
[17:07:54.923] [trace] [t:96] Handling async callback 
[17:07:54.923] [trace] [t:96] Calling InitCallbackList
[17:07:54.924] [trace] [t:96] Received completion queue callback
[17:07:54.924] [trace] [t:96] Handling async callback 
[17:07:54.924] [trace] [t:96] Calling InitCallbackList
[17:07:54.925] [trace] [t:96] Received completion queue callback
[17:07:54.925] [trace] [t:96] Handling async callback 
[17:07:54.925] [trace] [t:96] Calling InitCallbackList
[17:07:54.926] [trace] [t:96] Received completion queue callback
[17:07:54.926] [trace] [t:96] Handling async callback 
[17:07:54.926] [trace] [t:96] Calling InitCallbackList
[17:07:54.927] [trace] [t:96] Received completion queue callback
[17:07:54.927] [trace] [t:96] Handling async callback 
[17:07:54.927] [trace] [t:96] Calling InitCallbackList
[17:07:54.928] [trace] [t:96] Received completion queue callback
[17:07:54.928] [trace] [t:96] Handling async callback 
[17:07:54.928] [trace] [t:96] Calling InitCallbackList
[17:07:54.928] [trace] [t:96] Received completion queue callback
[17:07:54.928] [trace] [t:96] Handling async callback 
[17:07:54.929] [trace] [t:96] Calling InitCallbackList
[17:07:54.929] [trace] [t:96] Received completion queue callback
[17:07:54.929] [trace] [t:96] Handling async callback 
[17:07:54.929] [trace] [t:96] Calling InitCallbackList
[17:07:54.930] [trace] [t:96] Received completion queue callback
[17:07:54.930] [trace] [t:96] Handling async callback 
[17:07:54.930] [trace] [t:96] Calling InitCallbackList
[17:07:54.931] [trace] [t:96] Received completion queue callback
[17:07:54.931] [trace] [t:96] Handling async callback 
[17:07:54.931] [trace] [t:96] Calling InitCallbackList
[17:07:54.932] [trace] [t:96] Received completion queue callback
[17:07:54.932] [trace] [t:96] Handling async callback 
[17:07:54.932] [trace] [t:96] Calling InitCallbackList
[17:07:54.932] [trace] [t:96] Received completion queue callback
[17:07:54.932] [trace] [t:96] Handling async callback 
[17:07:54.932] [trace] [t:96] Calling InitCallbackList
[17:07:54.933] [trace] [t:96] Received completion queue callback
[17:07:54.933] [trace] [t:96] Handling async callback 
[17:07:54.933] [trace] [t:96] Calling InitCallbackList
[17:07:54.934] [trace] [t:96] Received completion queue callback
[17:07:54.934] [trace] [t:96] Handling async callback 
[17:07:54.934] [trace] [t:96] Calling InitCallbackList
[17:07:54.935] [trace] [t:96] Received completion queue callback
[17:07:54.935] [trace] [t:96] Handling async callback 
[17:07:54.935] [trace] [t:96] Calling InitCallbackList
[17:07:54.935] [trace] [t:96] Received completion queue callback
[17:07:54.935] [trace] [t:96] Handling async callback 
[17:07:54.935] [trace] [t:96] Calling InitCallbackList
[17:07:54.936] [trace] [t:96] Received completion queue callback
[17:07:54.936] [trace] [t:96] Handling async callback 
[17:07:54.936] [trace] [t:96] Calling InitCallbackList
[17:07:54.937] [trace] [t:96] Received completion queue callback
[17:07:54.937] [trace] [t:96] Handling async callback 
[17:07:54.937] [trace] [t:96] Calling InitCallbackList
[17:07:54.938] [trace] [t:96] Received completion queue callback
[17:07:54.938] [trace] [t:96] Handling async callback 
[17:07:54.938] [trace] [t:96] Calling InitCallbackList
[17:07:54.939] [trace] [t:96] Received completion queue callback
[17:07:54.939] [trace] [t:96] Handling async callback 
[17:07:54.939] [trace] [t:96] Calling InitCallbackList
[17:07:54.940] [trace] [t:96] Received completion queue callback
[17:07:54.940] [trace] [t:96] Handling async callback 
[17:07:54.940] [trace] [t:96] Calling InitCallbackList
[17:07:54.941] [trace] [t:96] Received completion queue callback
[17:07:54.941] [trace] [t:96] Handling async callback 
[17:07:54.941] [trace] [t:96] Calling InitCallbackList
[17:07:54.942] [trace] [t:96] Received completion queue callback
[17:07:54.942] [trace] [t:96] Handling async callback 
[17:07:54.942] [trace] [t:96] Calling InitCallbackList
[17:07:54.943] [trace] [t:96] Received completion queue callback
[17:07:54.943] [trace] [t:96] Handling async callback 
[17:07:54.943] [trace] [t:96] Calling InitCallbackList
[17:07:54.944] [trace] [t:96] Received completion queue callback
[17:07:54.944] [trace] [t:96] Handling async callback 
[17:07:54.944] [trace] [t:96] Calling InitCallbackList
[17:07:54.945] [trace] [t:96] Received completion queue callback
[17:07:54.945] [trace] [t:96] Handling async callback 
[17:07:54.945] [trace] [t:96] Calling InitCallbackList
[17:07:54.945] [trace] [t:96] Received completion queue callback
[17:07:54.945] [trace] [t:96] Handling async callback 
[17:07:54.945] [trace] [t:96] Calling InitCallbackList
[17:07:54.946] [trace] [t:96] Received completion queue callback
[17:07:54.946] [trace] [t:96] Handling async callback 
[17:07:54.946] [trace] [t:96] Calling InitCallbackList
[17:07:54.947] [trace] [t:96] Received completion queue callback
[17:07:54.947] [trace] [t:96] Handling async callback 
[17:07:54.947] [trace] [t:96] Calling InitCallbackList
[17:07:54.948] [trace] [t:96] Received completion queue callback
[17:07:54.948] [trace] [t:96] Handling async callback 
[17:07:54.948] [trace] [t:96] Calling InitCallbackList
[17:07:54.949] [trace] [t:96] Received completion queue callback
[17:07:54.949] [trace] [t:96] Handling async callback 
[17:07:54.949] [trace] [t:96] Calling InitCallbackList
[17:07:54.950] [trace] [t:96] Received completion queue callback
[17:07:54.950] [trace] [t:96] Handling async callback 
[17:07:54.950] [trace] [t:96] Calling InitCallbackList
[17:07:54.951] [trace] [t:96] Received completion queue callback
[17:07:54.951] [trace] [t:96] Handling async callback 
[17:07:54.951] [trace] [t:96] Calling InitCallbackList
[17:07:54.951] [trace] [t:96] Received completion queue callback
[17:07:54.951] [trace] [t:96] Handling async callback 
[17:07:54.951] [trace] [t:96] Calling InitCallbackList
[17:07:54.952] [trace] [t:96] Received completion queue callback
[17:07:54.952] [trace] [t:96] Handling async callback 
[17:07:54.952] [trace] [t:96] Calling InitCallbackList
[17:07:54.953] [trace] [t:96] Received completion queue callback
[17:07:54.953] [trace] [t:96] Handling async callback 
[17:07:54.953] [trace] [t:96] Calling InitCallbackList
[17:07:54.954] [trace] [t:96] Received completion queue callback
[17:07:54.954] [trace] [t:96] Handling async callback 
[17:07:54.955] [trace] [t:96] Calling InitCallbackList
[17:07:54.955] [trace] [t:96] Received completion queue callback
[17:07:54.955] [trace] [t:96] Handling async callback 
[17:07:54.955] [trace] [t:96] Calling InitCallbackList
[17:07:54.956] [trace] [t:96] Received completion queue callback
[17:07:54.956] [trace] [t:96] Handling async callback 
[17:07:54.956] [trace] [t:96] Calling InitCallbackList
[17:07:54.957] [trace] [t:96] Received completion queue callback
[17:07:54.957] [trace] [t:96] Handling async callback 
[17:07:54.957] [trace] [t:96] Calling InitCallbackList
[17:07:54.957] [trace] [t:96] Received completion queue callback
[17:07:54.957] [trace] [t:96] Handling async callback 
[17:07:54.957] [trace] [t:96] Calling InitCallbackList
[17:07:54.958] [trace] [t:96] Received completion queue callback
[17:07:54.958] [trace] [t:96] Handling async callback 
[17:07:54.958] [trace] [t:96] Calling InitCallbackList
[17:07:54.959] [trace] [t:96] Received completion queue callback
[17:07:54.959] [trace] [t:96] Handling async callback 
[17:07:54.959] [trace] [t:96] Calling InitCallbackList
[17:07:54.960] [trace] [t:96] Received completion queue callback
[17:07:54.960] [trace] [t:96] Handling async callback 
[17:07:54.960] [trace] [t:96] Calling InitCallbackList
[17:07:54.961] [trace] [t:96] Received completion queue callback
[17:07:54.961] [trace] [t:96] Handling async callback 
[17:07:54.961] [trace] [t:96] Calling InitCallbackList
[17:07:54.962] [trace] [t:96] Received completion queue callback
[17:07:54.962] [trace] [t:96] Handling async callback 
[17:07:54.962] [trace] [t:96] Calling InitCallbackList
[17:07:54.963] [trace] [t:96] Received completion queue callback
[17:07:54.963] [trace] [t:96] Handling async callback 
[17:07:54.963] [trace] [t:96] Calling InitCallbackList
[17:07:54.963] [trace] [t:96] Received completion queue callback
[17:07:54.963] [trace] [t:96] Handling async callback 
[17:07:54.963] [trace] [t:96] Calling InitCallbackList
[17:07:54.964] [trace] [t:96] Received completion queue callback
[17:07:54.964] [trace] [t:96] Handling async callback 
[17:07:54.965] [trace] [t:96] Calling InitCallbackList
[17:07:54.965] [trace] [t:96] Received completion queue callback
[17:07:54.965] [trace] [t:96] Handling async callback 
[17:07:54.965] [trace] [t:96] Calling InitCallbackList
[17:07:54.966] [trace] [t:96] Received completion queue callback
[17:07:54.966] [trace] [t:96] Handling async callback 
[17:07:54.966] [trace] [t:96] Calling InitCallbackList
[17:07:54.967] [trace] [t:96] Received completion queue callback
[17:07:54.967] [trace] [t:96] Handling async callback 
[17:07:54.967] [trace] [t:96] Calling InitCallbackList
[17:07:54.968] [trace] [t:96] Received completion queue callback
[17:07:54.968] [trace] [t:96] Handling async callback 
[17:07:54.968] [trace] [t:96] Calling InitCallbackList
[17:07:54.969] [trace] [t:96] Received completion queue callback
[17:07:54.969] [trace] [t:96] Handling async callback 
[17:07:54.969] [trace] [t:96] Calling InitCallbackList
[17:07:54.970] [trace] [t:96] Received completion queue callback
[17:07:54.970] [trace] [t:96] Handling async callback 
[17:07:54.970] [trace] [t:96] Calling InitCallbackList
[17:07:54.971] [trace] [t:96] Received completion queue callback
[17:07:54.971] [trace] [t:96] Handling async callback 
[17:07:54.971] [trace] [t:96] Calling InitCallbackList
[17:07:54.971] [trace] [t:96] Received completion queue callback
[17:07:54.971] [trace] [t:96] Handling async callback 
[17:07:54.971] [trace] [t:96] Calling InitCallbackList
[17:07:54.972] [trace] [t:96] Received completion queue callback
[17:07:54.972] [trace] [t:96] Handling async callback 
[17:07:54.972] [trace] [t:96] Calling InitCallbackList
[17:07:54.973] [trace] [t:96] Received completion queue callback
[17:07:54.973] [trace] [t:96] Handling async callback 
[17:07:54.973] [trace] [t:96] Calling InitCallbackList
[17:07:54.974] [trace] [t:96] Received completion queue callback
[17:07:54.974] [trace] [t:96] Handling async callback 
[17:07:54.974] [trace] [t:96] Calling InitCallbackList
[17:07:54.974] [trace] [t:96] Received completion queue callback
[17:07:54.974] [trace] [t:96] Handling async callback 
[17:07:54.974] [trace] [t:96] Calling InitCallbackList
[17:07:54.975] [trace] [t:96] Received completion queue callback
[17:07:54.975] [trace] [t:96] Handling async callback 
[17:07:54.975] [trace] [t:96] Calling InitCallbackList
[17:07:54.976] [trace] [t:96] Received completion queue callback
[17:07:54.976] [trace] [t:96] Handling async callback 
[17:07:54.976] [trace] [t:96] Calling InitCallbackList
[17:07:54.977] [trace] [t:96] Received completion queue callback
[17:07:54.977] [trace] [t:96] Handling async callback 
[17:07:54.977] [trace] [t:96] Calling InitCallbackList
[17:07:54.978] [trace] [t:96] Received completion queue callback
[17:07:54.978] [trace] [t:96] Handling async callback 
[17:07:54.978] [trace] [t:96] Calling InitCallbackList
[17:07:54.979] [trace] [t:96] Received completion queue callback
[17:07:54.979] [trace] [t:96] Handling async callback 
[17:07:54.979] [trace] [t:96] Calling InitCallbackList
[17:07:54.979] [trace] [t:96] Received completion queue callback
[17:07:54.980] [trace] [t:96] Handling async callback 
[17:07:54.980] [trace] [t:96] Calling InitCallbackList
[17:07:54.980] [trace] [t:96] Received completion queue callback
[17:07:54.980] [trace] [t:96] Handling async callback 
[17:07:54.980] [trace] [t:96] Calling InitCallbackList
[17:07:54.981] [trace] [t:96] Received completion queue callback
[17:07:54.981] [trace] [t:96] Handling async callback 
[17:07:54.981] [trace] [t:96] Calling InitCallbackList
[17:07:54.981] [trace] [t:96] Received completion queue callback
[17:07:54.981] [trace] [t:96] Handling async callback 
[17:07:54.982] [trace] [t:96] Calling InitCallbackList
[17:07:54.982] [trace] [t:96] Received completion queue callback
[17:07:54.982] [trace] [t:96] Handling async callback 
[17:07:54.982] [trace] [t:96] Calling InitCallbackList
[17:07:54.983] [trace] [t:96] Received completion queue callback
[17:07:54.983] [trace] [t:96] Handling async callback 
[17:07:54.983] [trace] [t:96] Calling InitCallbackList
[17:07:54.984] [trace] [t:96] Received completion queue callback
[17:07:54.984] [trace] [t:96] Handling async callback 
[17:07:54.984] [trace] [t:96] Calling InitCallbackList
[17:07:54.985] [trace] [t:96] Received completion queue callback
[17:07:54.985] [trace] [t:96] Handling async callback 
[17:07:54.985] [trace] [t:96] Calling InitCallbackList
[17:07:54.986] [trace] [t:96] Received completion queue callback
[17:07:54.986] [trace] [t:96] Handling async callback 
[17:07:54.986] [trace] [t:96] Calling InitCallbackList
[17:07:54.986] [trace] [t:96] Received completion queue callback
[17:07:54.986] [trace] [t:96] Handling async callback 
[17:07:54.986] [trace] [t:96] Calling InitCallbackList
[17:07:54.987] [trace] [t:96] Received completion queue callback
[17:07:54.987] [trace] [t:96] Handling async callback 
[17:07:54.987] [trace] [t:96] Calling InitCallbackList
[17:07:54.988] [trace] [t:96] Received completion queue callback
[17:07:54.988] [trace] [t:96] Handling async callback 
[17:07:54.988] [trace] [t:96] Calling InitCallbackList
[17:07:54.989] [trace] [t:96] Received completion queue callback
[17:07:54.989] [trace] [t:96] Handling async callback 
[17:07:54.989] [trace] [t:96] Calling InitCallbackList
[17:07:54.989] [trace] [t:96] Received completion queue callback
[17:07:54.989] [trace] [t:96] Handling async callback 
[17:07:54.989] [trace] [t:96] Calling InitCallbackList
[17:07:54.991] [trace] [t:96] Received completion queue callback
[17:07:54.991] [trace] [t:96] Handling async callback 
[17:07:54.991] [trace] [t:96] Calling InitCallbackList
[17:07:54.992] [trace] [t:96] Received completion queue callback
[17:07:54.993] [trace] [t:96] Handling async callback 
[17:07:54.993] [trace] [t:96] Calling InitCallbackList
[17:07:54.993] [trace] [t:96] Received completion queue callback
[17:07:54.993] [trace] [t:96] Handling async callback 
[17:07:54.994] [trace] [t:96] Calling InitCallbackList
[17:07:54.995] [trace] [t:96] Received completion queue callback
[17:07:54.995] [trace] [t:96] Handling async callback 
[17:07:54.995] [trace] [t:96] Calling InitCallbackList
[17:07:54.997] [trace] [t:96] Received completion queue callback
[17:07:54.997] [trace] [t:96] Handling async callback 
[17:07:54.997] [trace] [t:96] Calling InitCallbackList
[17:07:54.998] [trace] [t:96] Received completion queue callback
[17:07:54.998] [trace] [t:96] Handling async callback 
[17:07:54.998] [trace] [t:96] Calling InitCallbackList
[17:07:54.999] [trace] [t:96] Received completion queue callback
[17:07:54.999] [trace] [t:96] Handling async callback 
[17:07:54.999] [trace] [t:96] Calling InitCallbackList
[17:07:55.002] [trace] [t:96] Received completion queue callback
[17:07:55.002] [trace] [t:96] Handling async callback 
[17:07:55.002] [trace] [t:96] Calling InitCallbackList
[17:07:55.004] [trace] [t:96] Received completion queue callback
[17:07:55.004] [trace] [t:96] Handling async callback 
[17:07:55.004] [trace] [t:96] Calling InitCallbackList
[17:07:55.005] [trace] [t:96] Received completion queue callback
[17:07:55.005] [trace] [t:96] Handling async callback 
[17:07:55.005] [trace] [t:96] Calling InitCallbackList
[17:07:55.007] [trace] [t:96] Received completion queue callback
[17:07:55.007] [trace] [t:96] Handling async callback 
[17:07:55.007] [trace] [t:96] Calling InitCallbackList
[17:07:55.008] [trace] [t:96] Received completion queue callback
[17:07:55.008] [trace] [t:96] Handling async callback 
[17:07:55.008] [trace] [t:96] Calling InitCallbackList
[17:07:55.011] [trace] [t:96] Received completion queue callback
[17:07:55.011] [trace] [t:96] Handling async callback 
[17:07:55.011] [trace] [t:96] Calling InitCallbackList
[17:07:55.012] [trace] [t:96] Received completion queue callback
[17:07:55.012] [trace] [t:96] Handling async callback 
[17:07:55.012] [trace] [t:96] Calling InitCallbackList
[17:07:55.014] [trace] [t:96] Received completion queue callback
[17:07:55.015] [trace] [t:96] Handling async callback 
[17:07:55.015] [trace] [t:96] Calling InitCallbackList
[17:07:55.017] [trace] [t:96] Received completion queue callback
[17:07:55.017] [trace] [t:96] Handling async callback 
[17:07:55.018] [trace] [t:96] Calling InitCallbackList
[17:07:55.020] [trace] [t:96] Received completion queue callback
[17:07:55.020] [trace] [t:96] Handling async callback 
[17:07:55.020] [trace] [t:96] Calling InitCallbackList
[17:07:55.023] [trace] [t:96] Received completion queue callback
[17:07:55.023] [trace] [t:96] Handling async callback 
[17:07:55.023] [trace] [t:96] Calling InitCallbackList
[17:07:55.025] [trace] [t:96] Received completion queue callback
[17:07:55.025] [trace] [t:96] Handling async callback 
[17:07:55.025] [trace] [t:96] Calling InitCallbackList
[17:07:55.027] [trace] [t:96] Received completion queue callback
[17:07:55.027] [trace] [t:96] Handling async callback 
[17:07:55.027] [trace] [t:96] Calling InitCallbackList
[17:07:55.029] [trace] [t:96] Received completion queue callback
[17:07:55.029] [trace] [t:96] Handling async callback 
[17:07:55.029] [trace] [t:96] Calling InitCallbackList
[17:07:55.031] [trace] [t:96] Received completion queue callback
[17:07:55.031] [trace] [t:96] Handling async callback 
[17:07:55.031] [trace] [t:96] Calling InitCallbackList
[17:07:55.033] [trace] [t:96] Received completion queue callback
[17:07:55.033] [trace] [t:96] Handling async callback 
[17:07:55.033] [trace] [t:96] Calling InitCallbackList
[17:07:55.035] [trace] [t:96] Received completion queue callback
[17:07:55.035] [trace] [t:96] Handling async callback 
[17:07:55.035] [trace] [t:96] Calling InitCallbackList
[17:07:55.036] [trace] [t:96] Received completion queue callback
[17:07:55.036] [trace] [t:96] Handling async callback 
[17:07:55.036] [trace] [t:96] Calling InitCallbackList
[17:07:55.037] [trace] [t:96] Received completion queue callback
[17:07:55.037] [trace] [t:96] Handling async callback 
[17:07:55.037] [trace] [t:96] Calling InitCallbackList
[17:07:55.039] [trace] [t:96] Received completion queue callback
[17:07:55.039] [trace] [t:96] Handling async callback 
[17:07:55.039] [trace] [t:96] Calling InitCallbackList
[17:07:55.041] [trace] [t:96] Received completion queue callback
[17:07:55.041] [trace] [t:96] Handling async callback 
[17:07:55.041] [trace] [t:96] Calling InitCallbackList
[17:07:55.044] [trace] [t:96] Received completion queue callback
[17:07:55.044] [trace] [t:96] Handling async callback 
[17:07:55.044] [trace] [t:96] Calling InitCallbackList
[17:07:55.045] [trace] [t:96] Received completion queue callback
[17:07:55.045] [trace] [t:96] Handling async callback 
[17:07:55.045] [trace] [t:96] Calling InitCallbackList
[17:07:55.047] [trace] [t:96] Received completion queue callback
[17:07:55.047] [trace] [t:96] Handling async callback 
[17:07:55.047] [trace] [t:96] Calling InitCallbackList
[17:07:55.049] [trace] [t:96] Received completion queue callback
[17:07:55.049] [trace] [t:96] Handling async callback 
[17:07:55.049] [trace] [t:96] Calling InitCallbackList
[17:07:55.051] [trace] [t:96] Received completion queue callback
[17:07:55.051] [trace] [t:96] Handling async callback 
[17:07:55.051] [trace] [t:96] Calling InitCallbackList
[17:07:55.052] [trace] [t:96] Received completion queue callback
[17:07:55.052] [trace] [t:96] Handling async callback 
[17:07:55.052] [trace] [t:96] Calling InitCallbackList
[17:07:55.054] [trace] [t:96] Received completion queue callback
[17:07:55.054] [trace] [t:96] Handling async callback 
[17:07:55.054] [trace] [t:96] Calling InitCallbackList
[17:07:55.056] [trace] [t:96] Received completion queue callback
[17:07:55.056] [trace] [t:96] Handling async callback 
[17:07:55.056] [trace] [t:96] Calling InitCallbackList
[17:07:55.058] [trace] [t:96] Received completion queue callback
[17:07:55.058] [trace] [t:96] Handling async callback 
[17:07:55.058] [trace] [t:96] Calling InitCallbackList
[17:07:55.059] [trace] [t:96] Received completion queue callback
[17:07:55.059] [trace] [t:96] Handling async callback 
[17:07:55.059] [trace] [t:96] Calling InitCallbackList
[17:07:55.062] [trace] [t:96] Received completion queue callback
[17:07:55.062] [trace] [t:96] Handling async callback 
[17:07:55.062] [trace] [t:96] Calling InitCallbackList
[17:07:55.063] [trace] [t:96] Received completion queue callback
[17:07:55.063] [trace] [t:96] Handling async callback 
[17:07:55.063] [trace] [t:96] Calling InitCallbackList
[17:07:55.064] [trace] [t:96] Received completion queue callback
[17:07:55.064] [trace] [t:96] Handling async callback 
[17:07:55.064] [trace] [t:96] Calling InitCallbackList
[17:07:55.066] [trace] [t:96] Received completion queue callback
[17:07:55.066] [trace] [t:96] Handling async callback 
[17:07:55.066] [trace] [t:96] Calling InitCallbackList
[17:07:55.068] [trace] [t:96] Received completion queue callback
[17:07:55.068] [trace] [t:96] Handling async callback 
[17:07:55.068] [trace] [t:96] Calling InitCallbackList
[17:07:55.070] [trace] [t:96] Received completion queue callback
[17:07:55.070] [trace] [t:96] Handling async callback 
[17:07:55.070] [trace] [t:96] Calling InitCallbackList
[17:07:55.072] [trace] [t:96] Received completion queue callback
[17:07:55.072] [trace] [t:96] Handling async callback 
[17:07:55.072] [trace] [t:96] Calling InitCallbackList
[17:07:55.074] [trace] [t:96] Received completion queue callback
[17:07:55.074] [trace] [t:96] Handling async callback 
[17:07:55.074] [trace] [t:96] Calling InitCallbackList
[17:07:55.075] [trace] [t:96] Received completion queue callback
[17:07:55.075] [trace] [t:96] Handling async callback 
[17:07:55.075] [trace] [t:96] Calling InitCallbackList
[17:07:55.077] [trace] [t:96] Received completion queue callback
[17:07:55.077] [trace] [t:96] Handling async callback 
[17:07:55.077] [trace] [t:96] Calling InitCallbackList
[17:07:55.079] [trace] [t:96] Received completion queue callback
[17:07:55.079] [trace] [t:96] Handling async callback 
[17:07:55.079] [trace] [t:96] Calling InitCallbackList
[17:07:55.080] [trace] [t:96] Received completion queue callback
[17:07:55.080] [trace] [t:96] Handling async callback 
[17:07:55.080] [trace] [t:96] Calling InitCallbackList
[17:07:55.081] [trace] [t:96] Received completion queue callback
[17:07:55.081] [trace] [t:96] Handling async callback 
[17:07:55.081] [trace] [t:96] Calling InitCallbackList
[17:07:55.083] [trace] [t:96] Received completion queue callback
[17:07:55.083] [trace] [t:96] Handling async callback 
[17:07:55.083] [trace] [t:96] Calling InitCallbackList
[17:07:55.086] [trace] [t:96] Received completion queue callback
[17:07:55.086] [trace] [t:96] Handling async callback 
[17:07:55.086] [trace] [t:96] Calling InitCallbackList
[17:07:55.089] [trace] [t:96] Received completion queue callback
[17:07:55.089] [trace] [t:96] Handling async callback 
[17:07:55.089] [trace] [t:96] Calling InitCallbackList
[17:07:55.091] [trace] [t:96] Received completion queue callback
[17:07:55.091] [trace] [t:96] Handling async callback 
[17:07:55.091] [trace] [t:96] Calling InitCallbackList
[17:07:55.093] [trace] [t:96] Received completion queue callback
[17:07:55.093] [trace] [t:96] Handling async callback 
[17:07:55.093] [trace] [t:96] Calling InitCallbackList
[17:07:55.095] [trace] [t:96] Received completion queue callback
[17:07:55.095] [trace] [t:96] Handling async callback 
[17:07:55.095] [trace] [t:96] Calling InitCallbackList
[17:07:55.097] [trace] [t:96] Received completion queue callback
[17:07:55.097] [trace] [t:96] Handling async callback 
[17:07:55.097] [trace] [t:96] Calling InitCallbackList
[17:07:55.100] [trace] [t:96] Received completion queue callback
[17:07:55.100] [trace] [t:96] Handling async callback 
[17:07:55.100] [trace] [t:96] Calling InitCallbackList
[17:07:55.101] [trace] [t:96] Received completion queue callback
[17:07:55.101] [trace] [t:96] Handling async callback 
[17:07:55.101] [trace] [t:96] Calling InitCallbackList
[17:07:55.102] [trace] [t:96] Received completion queue callback
[17:07:55.102] [trace] [t:96] Handling async callback 
[17:07:55.102] [trace] [t:96] Calling InitCallbackList
[17:07:55.106] [trace] [t:96] Received completion queue callback
[17:07:55.106] [trace] [t:96] Handling async callback 
[17:07:55.107] [trace] [t:96] Calling InitCallbackList
[17:07:55.109] [trace] [t:96] Received completion queue callback
[17:07:55.109] [trace] [t:96] Handling async callback 
[17:07:55.109] [trace] [t:96] Calling InitCallbackList
[17:07:55.112] [trace] [t:96] Received completion queue callback
[17:07:55.112] [trace] [t:96] Handling async callback 
[17:07:55.113] [trace] [t:96] Calling InitCallbackList
[17:07:55.115] [trace] [t:96] Received completion queue callback
[17:07:55.115] [trace] [t:96] Handling async callback 
[17:07:55.115] [trace] [t:96] Calling InitCallbackList
[17:07:55.117] [trace] [t:96] Received completion queue callback
[17:07:55.117] [trace] [t:96] Handling async callback 
[17:07:55.117] [trace] [t:96] Calling InitCallbackList
[17:07:55.119] [trace] [t:96] Received completion queue callback
[17:07:55.119] [trace] [t:96] Handling async callback 
[17:07:55.119] [trace] [t:96] Calling InitCallbackList
[17:07:55.121] [trace] [t:96] Received completion queue callback
[17:07:55.121] [trace] [t:96] Handling async callback 
[17:07:55.121] [trace] [t:96] Calling InitCallbackList
[17:07:55.124] [trace] [t:96] Received completion queue callback
[17:07:55.124] [trace] [t:96] Handling async callback 
[17:07:55.124] [trace] [t:96] Calling InitCallbackList
[17:07:55.126] [trace] [t:96] Received completion queue callback
[17:07:55.126] [trace] [t:96] Handling async callback 
[17:07:55.127] [trace] [t:96] Calling InitCallbackList
[17:07:55.129] [trace] [t:96] Received completion queue callback
[17:07:55.129] [trace] [t:96] Handling async callback 
[17:07:55.129] [trace] [t:96] Calling InitCallbackList
[17:07:55.130] [trace] [t:96] Received completion queue callback
[17:07:55.130] [trace] [t:96] Handling async callback 
[17:07:55.130] [trace] [t:96] Calling InitCallbackList
[17:07:55.132] [trace] [t:96] Received completion queue callback
[17:07:55.132] [trace] [t:96] Handling async callback 
[17:07:55.132] [trace] [t:96] Calling InitCallbackList
[17:07:55.133] [trace] [t:96] Received completion queue callback
[17:07:55.133] [trace] [t:96] Handling async callback 
[17:07:55.133] [trace] [t:96] Calling InitCallbackList
[17:07:55.135] [trace] [t:96] Received completion queue callback
[17:07:55.135] [trace] [t:96] Handling async callback 
[17:07:55.135] [trace] [t:96] Calling InitCallbackList
[17:07:55.136] [trace] [t:96] Received completion queue callback
[17:07:55.136] [trace] [t:96] Handling async callback 
[17:07:55.136] [trace] [t:96] Calling InitCallbackList
[17:07:55.138] [trace] [t:96] Received completion queue callback
[17:07:55.138] [trace] [t:96] Handling async callback 
[17:07:55.138] [trace] [t:96] Calling InitCallbackList
[17:07:55.140] [trace] [t:96] Received completion queue callback
[17:07:55.140] [trace] [t:96] Handling async callback 
[17:07:55.141] [trace] [t:96] Calling InitCallbackList
[17:07:55.142] [trace] [t:96] Received completion queue callback
[17:07:55.142] [trace] [t:96] Handling async callback 
[17:07:55.142] [trace] [t:96] Calling InitCallbackList
[17:07:55.144] [trace] [t:96] Received completion queue callback
[17:07:55.144] [trace] [t:96] Handling async callback 
[17:07:55.144] [trace] [t:96] Calling InitCallbackList
[17:07:55.145] [trace] [t:96] Received completion queue callback
[17:07:55.145] [trace] [t:96] Handling async callback 
[17:07:55.145] [trace] [t:96] Calling InitCallbackList
[17:07:55.146] [trace] [t:96] Received completion queue callback
[17:07:55.146] [trace] [t:96] Handling async callback 
[17:07:55.147] [trace] [t:96] Calling InitCallbackList
[17:07:55.148] [trace] [t:96] Received completion queue callback
[17:07:55.148] [trace] [t:96] Handling async callback 
[17:07:55.148] [trace] [t:96] Calling InitCallbackList
[17:07:55.149] [trace] [t:96] Received completion queue callback
[17:07:55.149] [trace] [t:96] Handling async callback 
[17:07:55.149] [trace] [t:96] Calling InitCallbackList
[17:07:55.151] [trace] [t:96] Received completion queue callback
[17:07:55.151] [trace] [t:96] Handling async callback 
[17:07:55.151] [trace] [t:96] Calling InitCallbackList
[17:07:55.152] [trace] [t:96] Received completion queue callback
[17:07:55.152] [trace] [t:96] Handling async callback 
[17:07:55.153] [trace] [t:96] Calling InitCallbackList
[17:07:55.155] [trace] [t:96] Received completion queue callback
[17:07:55.155] [trace] [t:96] Handling async callback 
[17:07:55.156] [trace] [t:96] Calling InitCallbackList
[17:07:55.157] [trace] [t:96] Received completion queue callback
[17:07:55.157] [trace] [t:96] Handling async callback 
[17:07:55.157] [trace] [t:96] Calling InitCallbackList
[17:07:55.159] [trace] [t:96] Received completion queue callback
[17:07:55.159] [trace] [t:96] Handling async callback 
[17:07:55.160] [trace] [t:96] Calling InitCallbackList
[17:07:55.161] [trace] [t:96] Received completion queue callback
[17:07:55.161] [trace] [t:96] Handling async callback 
[17:07:55.161] [trace] [t:96] Calling InitCallbackList
[17:07:55.161] [trace] [t:96] Received completion queue callback
[17:07:55.161] [trace] [t:96] Handling async callback 
[17:07:55.161] [trace] [t:96] Calling InitCallbackList
[17:07:55.162] [trace] [t:96] Received completion queue callback
[17:07:55.162] [trace] [t:96] Handling async callback 
[17:07:55.162] [trace] [t:96] Calling InitCallbackList
[17:07:55.163] [trace] [t:96] Received completion queue callback
[17:07:55.163] [trace] [t:96] Handling async callback 
[17:07:55.163] [trace] [t:96] Calling InitCallbackList
[17:07:55.164] [trace] [t:96] Received completion queue callback
[17:07:55.164] [trace] [t:96] Handling async callback 
[17:07:55.164] [trace] [t:96] Calling InitCallbackList
[17:07:55.165] [trace] [t:96] Received completion queue callback
[17:07:55.165] [trace] [t:96] Handling async callback 
[17:07:55.165] [trace] [t:96] Calling InitCallbackList
[17:07:55.167] [trace] [t:96] Received completion queue callback
[17:07:55.167] [trace] [t:96] Handling async callback 
[17:07:55.167] [trace] [t:96] Calling InitCallbackList
[17:07:55.168] [trace] [t:96] Received completion queue callback
[17:07:55.168] [trace] [t:96] Handling async callback 
[17:07:55.168] [trace] [t:96] Calling InitCallbackList
[17:07:55.169] [trace] [t:96] Received completion queue callback
[17:07:55.169] [trace] [t:96] Handling async callback 
[17:07:55.169] [trace] [t:96] Calling InitCallbackList
[17:07:55.170] [trace] [t:96] Received completion queue callback
[17:07:55.170] [trace] [t:96] Handling async callback 
[17:07:55.170] [trace] [t:96] Calling InitCallbackList
[17:07:55.171] [trace] [t:96] Received completion queue callback
[17:07:55.171] [trace] [t:96] Handling async callback 
[17:07:55.171] [trace] [t:96] Calling InitCallbackList
[17:07:55.172] [trace] [t:96] Received completion queue callback
[17:07:55.172] [trace] [t:96] Handling async callback 
[17:07:55.172] [trace] [t:96] Calling InitCallbackList
[17:07:55.173] [trace] [t:96] Received completion queue callback
[17:07:55.173] [trace] [t:96] Handling async callback 
[17:07:55.173] [trace] [t:96] Calling InitCallbackList
[17:07:55.174] [trace] [t:96] Received completion queue callback
[17:07:55.174] [trace] [t:96] Handling async callback 
[17:07:55.174] [trace] [t:96] Calling InitCallbackList
[17:07:55.174] [trace] [t:96] Received completion queue callback
[17:07:55.174] [trace] [t:96] Handling async callback 
[17:07:55.174] [trace] [t:96] Calling InitCallbackList
[17:07:55.175] [trace] [t:96] Received completion queue callback
[17:07:55.175] [trace] [t:96] Handling async callback 
[17:07:55.175] [trace] [t:96] Calling InitCallbackList
[17:07:55.176] [trace] [t:96] Received completion queue callback
[17:07:55.176] [trace] [t:96] Handling async callback 
[17:07:55.176] [trace] [t:96] Calling InitCallbackList
[17:07:55.176] [trace] [t:96] Received completion queue callback
[17:07:55.176] [trace] [t:96] Handling async callback 
[17:07:55.176] [trace] [t:96] Calling InitCallbackList
[17:07:55.177] [trace] [t:96] Received completion queue callback
[17:07:55.177] [trace] [t:96] Handling async callback 
[17:07:55.177] [trace] [t:96] Calling InitCallbackList
[17:07:55.178] [trace] [t:96] Received completion queue callback
[17:07:55.178] [trace] [t:96] Handling async callback 
[17:07:55.178] [trace] [t:96] Calling InitCallbackList
[17:07:55.179] [trace] [t:96] Received completion queue callback
[17:07:55.179] [trace] [t:96] Handling async callback 
[17:07:55.179] [trace] [t:96] Calling InitCallbackList
[17:07:55.179] [trace] [t:96] Received completion queue callback
[17:07:55.179] [trace] [t:96] Handling async callback 
[17:07:55.179] [trace] [t:96] Calling InitCallbackList
[17:07:55.180] [trace] [t:96] Received completion queue callback
[17:07:55.180] [trace] [t:96] Handling async callback 
[17:07:55.180] [trace] [t:96] Calling InitCallbackList
[17:07:55.181] [trace] [t:96] Received completion queue callback
[17:07:55.181] [trace] [t:96] Handling async callback 
[17:07:55.181] [trace] [t:96] Calling InitCallbackList
[17:07:55.182] [trace] [t:96] Received completion queue callback
[17:07:55.182] [trace] [t:96] Handling async callback 
[17:07:55.182] [trace] [t:96] Calling InitCallbackList
[17:07:55.184] [trace] [t:96] Received completion queue callback
[17:07:55.184] [trace] [t:96] Handling async callback 
[17:07:55.184] [trace] [t:96] Calling InitCallbackList
[17:07:55.185] [trace] [t:96] Received completion queue callback
[17:07:55.185] [trace] [t:96] Handling async callback 
[17:07:55.185] [trace] [t:96] Calling InitCallbackList
[17:07:55.186] [trace] [t:96] Received completion queue callback
[17:07:55.186] [trace] [t:96] Handling async callback 
[17:07:55.186] [trace] [t:96] Calling InitCallbackList
[17:07:55.187] [trace] [t:96] Received completion queue callback
[17:07:55.187] [trace] [t:96] Handling async callback 
[17:07:55.187] [trace] [t:96] Calling InitCallbackList
[17:07:55.188] [trace] [t:96] Received completion queue callback
[17:07:55.188] [trace] [t:96] Handling async callback 
[17:07:55.188] [trace] [t:96] Calling InitCallbackList
[17:07:55.189] [trace] [t:96] Received completion queue callback
[17:07:55.189] [trace] [t:96] Handling async callback 
[17:07:55.189] [trace] [t:96] Calling InitCallbackList
[17:07:55.191] [trace] [t:96] Received completion queue callback
[17:07:55.191] [trace] [t:96] Handling async callback 
[17:07:55.191] [trace] [t:96] Calling InitCallbackList
[17:07:55.192] [trace] [t:96] Received completion queue callback
[17:07:55.192] [trace] [t:96] Handling async callback 
[17:07:55.192] [trace] [t:96] Calling InitCallbackList
[17:07:55.192] [trace] [t:96] Received completion queue callback
[17:07:55.192] [trace] [t:96] Handling async callback 
[17:07:55.192] [trace] [t:96] Calling InitCallbackList
[17:07:55.193] [trace] [t:96] Received completion queue callback
[17:07:55.193] [trace] [t:96] Handling async callback 
[17:07:55.193] [trace] [t:96] Calling InitCallbackList
[17:07:55.194] [trace] [t:96] Received completion queue callback
[17:07:55.194] [trace] [t:96] Handling async callback 
[17:07:55.194] [trace] [t:96] Calling InitCallbackList
[17:07:55.196] [trace] [t:96] Received completion queue callback
[17:07:55.196] [trace] [t:96] Handling async callback 
[17:07:55.196] [trace] [t:96] Calling InitCallbackList
[17:07:55.197] [trace] [t:96] Received completion queue callback
[17:07:55.197] [trace] [t:96] Handling async callback 
[17:07:55.197] [trace] [t:96] Calling InitCallbackList
[17:07:55.198] [trace] [t:96] Received completion queue callback
[17:07:55.198] [trace] [t:96] Handling async callback 
[17:07:55.198] [trace] [t:96] Calling InitCallbackList
[17:07:55.199] [trace] [t:96] Received completion queue callback
[17:07:55.199] [trace] [t:96] Handling async callback 
[17:07:55.199] [trace] [t:96] Calling InitCallbackList
[17:07:55.200] [trace] [t:96] Received completion queue callback
[17:07:55.200] [trace] [t:96] Handling async callback 
[17:07:55.200] [trace] [t:96] Calling InitCallbackList
[17:07:55.201] [trace] [t:96] Received completion queue callback
[17:07:55.201] [trace] [t:96] Handling async callback 
[17:07:55.201] [trace] [t:96] Calling InitCallbackList
[17:07:55.202] [trace] [t:96] Received completion queue callback
[17:07:55.202] [trace] [t:96] Handling async callback 
[17:07:55.202] [trace] [t:96] Calling InitCallbackList
[17:07:55.203] [trace] [t:96] Received completion queue callback
[17:07:55.203] [trace] [t:96] Handling async callback 
[17:07:55.203] [trace] [t:96] Calling InitCallbackList
[17:07:55.205] [trace] [t:96] Received completion queue callback
[17:07:55.205] [trace] [t:96] Handling async callback 
[17:07:55.205] [trace] [t:96] Calling InitCallbackList
[17:07:55.206] [trace] [t:96] Received completion queue callback
[17:07:55.206] [trace] [t:96] Handling async callback 
[17:07:55.206] [trace] [t:96] Calling InitCallbackList
[17:07:55.207] [trace] [t:96] Received completion queue callback
[17:07:55.207] [trace] [t:96] Handling async callback 
[17:07:55.208] [trace] [t:96] Calling InitCallbackList
[17:07:55.209] [trace] [t:96] Received completion queue callback
[17:07:55.209] [trace] [t:96] Handling async callback 
[17:07:55.209] [trace] [t:96] Calling InitCallbackList
[17:07:55.210] [trace] [t:96] Received completion queue callback
[17:07:55.210] [trace] [t:96] Handling async callback 
[17:07:55.210] [trace] [t:96] Calling InitCallbackList
[17:07:55.211] [trace] [t:96] Received completion queue callback
[17:07:55.211] [trace] [t:96] Handling async callback 
[17:07:55.211] [trace] [t:96] Calling InitCallbackList
[17:07:55.212] [trace] [t:96] Received completion queue callback
[17:07:55.212] [trace] [t:96] Handling async callback 
[17:07:55.212] [trace] [t:96] Calling InitCallbackList
[17:07:55.213] [trace] [t:96] Received completion queue callback
[17:07:55.213] [trace] [t:96] Handling async callback 
[17:07:55.214] [trace] [t:96] Calling InitCallbackList
[17:07:55.214] [trace] [t:96] Received completion queue callback
[17:07:55.214] [trace] [t:96] Handling async callback 
[17:07:55.214] [trace] [t:96] Calling InitCallbackList
[17:07:55.215] [trace] [t:96] Received completion queue callback
[17:07:55.215] [trace] [t:96] Handling async callback 
[17:07:55.215] [trace] [t:96] Calling InitCallbackList
[17:07:55.216] [trace] [t:96] Received completion queue callback
[17:07:55.216] [trace] [t:96] Handling async callback 
[17:07:55.216] [trace] [t:96] Calling InitCallbackList
[17:07:55.217] [trace] [t:96] Received completion queue callback
[17:07:55.217] [trace] [t:96] Handling async callback 
[17:07:55.217] [trace] [t:96] Calling InitCallbackList
[17:07:55.218] [trace] [t:96] Received completion queue callback
[17:07:55.218] [trace] [t:96] Handling async callback 
[17:07:55.218] [trace] [t:96] Calling InitCallbackList
[17:07:55.219] [trace] [t:96] Received completion queue callback
[17:07:55.219] [trace] [t:96] Handling async callback 
[17:07:55.219] [trace] [t:96] Calling InitCallbackList
[17:07:55.220] [trace] [t:96] Received completion queue callback
[17:07:55.220] [trace] [t:96] Handling async callback 
[17:07:55.220] [trace] [t:96] Calling InitCallbackList
[17:07:55.221] [trace] [t:96] Received completion queue callback
[17:07:55.221] [trace] [t:96] Handling async callback 
[17:07:55.221] [trace] [t:96] Calling InitCallbackList
[17:07:55.221] [trace] [t:96] Received completion queue callback
[17:07:55.222] [trace] [t:96] Handling async callback 
[17:07:55.222] [trace] [t:96] Calling InitCallbackList
[17:07:55.222] [trace] [t:96] Received completion queue callback
[17:07:55.222] [trace] [t:96] Handling async callback 
[17:07:55.222] [trace] [t:96] Calling InitCallbackList
[17:07:55.223] [trace] [t:96] Received completion queue callback
[17:07:55.223] [trace] [t:96] Handling async callback 
[17:07:55.223] [trace] [t:96] Calling InitCallbackList
[17:07:55.224] [trace] [t:96] Received completion queue callback
[17:07:55.224] [trace] [t:96] Handling async callback 
[17:07:55.224] [trace] [t:96] Calling InitCallbackList
[17:07:55.225] [trace] [t:96] Received completion queue callback
[17:07:55.225] [trace] [t:96] Handling async callback 
[17:07:55.225] [trace] [t:96] Calling InitCallbackList
[17:07:55.225] [trace] [t:96] Received completion queue callback
[17:07:55.225] [trace] [t:96] Handling async callback 
[17:07:55.225] [trace] [t:96] Calling InitCallbackList
[17:07:55.227] [trace] [t:96] Received completion queue callback
[17:07:55.227] [trace] [t:96] Handling async callback 
[17:07:55.227] [trace] [t:96] Calling InitCallbackList
[17:07:55.228] [trace] [t:96] Received completion queue callback
[17:07:55.228] [trace] [t:96] Handling async callback 
[17:07:55.228] [trace] [t:96] Calling InitCallbackList
[17:07:55.229] [trace] [t:96] Received completion queue callback
[17:07:55.229] [trace] [t:96] Handling async callback 
[17:07:55.229] [trace] [t:96] Calling InitCallbackList
[17:07:55.230] [trace] [t:96] Received completion queue callback
[17:07:55.230] [trace] [t:96] Handling async callback 
[17:07:55.230] [trace] [t:96] Calling InitCallbackList
[17:07:55.231] [trace] [t:96] Received completion queue callback
[17:07:55.232] [trace] [t:96] Handling async callback 
[17:07:55.232] [trace] [t:96] Calling InitCallbackList
[17:07:55.232] [trace] [t:96] Received completion queue callback
[17:07:55.232] [trace] [t:96] Handling async callback 
[17:07:55.232] [trace] [t:96] Calling InitCallbackList
[17:07:55.233] [trace] [t:96] Received completion queue callback
[17:07:55.234] [trace] [t:96] Handling async callback 
[17:07:55.234] [trace] [t:96] Calling InitCallbackList
[17:07:55.234] [trace] [t:96] Received completion queue callback
[17:07:55.234] [trace] [t:96] Handling async callback 
[17:07:55.234] [trace] [t:96] Calling InitCallbackList
[17:07:55.235] [trace] [t:96] Received completion queue callback
[17:07:55.235] [trace] [t:96] Handling async callback 
[17:07:55.235] [trace] [t:96] Calling InitCallbackList
[17:07:55.237] [trace] [t:96] Received completion queue callback
[17:07:55.237] [trace] [t:96] Handling async callback 
[17:07:55.237] [trace] [t:96] Calling InitCallbackList
[17:07:55.238] [trace] [t:96] Received completion queue callback
[17:07:55.238] [trace] [t:96] Handling async callback 
[17:07:55.238] [trace] [t:96] Calling InitCallbackList
[17:07:55.239] [trace] [t:96] Received completion queue callback
[17:07:55.239] [trace] [t:96] Handling async callback 
[17:07:55.239] [trace] [t:96] Calling InitCallbackList
[17:07:55.240] [trace] [t:96] Received completion queue callback
[17:07:55.240] [trace] [t:96] Handling async callback 
[17:07:55.240] [trace] [t:96] Calling InitCallbackList
[17:07:55.241] [trace] [t:96] Received completion queue callback
[17:07:55.241] [trace] [t:96] Handling async callback 
[17:07:55.241] [trace] [t:96] Calling InitCallbackList
[17:07:55.241] [trace] [t:96] Received completion queue callback
[17:07:55.241] [trace] [t:96] Handling async callback 
[17:07:55.242] [trace] [t:96] Calling InitCallbackList
[17:07:55.242] [trace] [t:96] Received completion queue callback
[17:07:55.242] [trace] [t:96] Handling async callback 
[17:07:55.242] [trace] [t:96] Calling InitCallbackList
[17:07:55.243] [trace] [t:96] Received completion queue callback
[17:07:55.243] [trace] [t:96] Handling async callback 
[17:07:55.243] [trace] [t:96] Calling InitCallbackList
[17:07:55.244] [trace] [t:96] Received completion queue callback
[17:07:55.244] [trace] [t:96] Handling async callback 
[17:07:55.244] [trace] [t:96] Calling InitCallbackList
[17:07:55.245] [trace] [t:96] Received completion queue callback
[17:07:55.245] [trace] [t:96] Handling async callback 
[17:07:55.245] [trace] [t:96] Calling InitCallbackList
[17:07:55.246] [trace] [t:96] Received completion queue callback
[17:07:55.246] [trace] [t:96] Handling async callback 
[17:07:55.246] [trace] [t:96] Calling InitCallbackList
[17:07:55.247] [trace] [t:96] Received completion queue callback
[17:07:55.247] [trace] [t:96] Handling async callback 
[17:07:55.247] [trace] [t:96] Calling InitCallbackList
[17:07:55.248] [trace] [t:96] Received completion queue callback
[17:07:55.248] [trace] [t:96] Handling async callback 
[17:07:55.248] [trace] [t:96] Calling InitCallbackList
[17:07:55.248] [trace] [t:96] Received completion queue callback
[17:07:55.248] [trace] [t:96] Handling async callback 
[17:07:55.248] [trace] [t:96] Calling InitCallbackList
[17:07:55.249] [trace] [t:96] Received completion queue callback
[17:07:55.249] [trace] [t:96] Handling async callback 
[17:07:55.249] [trace] [t:96] Calling InitCallbackList
[17:07:55.250] [trace] [t:96] Received completion queue callback
[17:07:55.250] [trace] [t:96] Handling async callback 
[17:07:55.250] [trace] [t:96] Calling InitCallbackList
[17:07:55.251] [trace] [t:96] Received completion queue callback
[17:07:55.251] [trace] [t:96] Handling async callback 
[17:07:55.251] [trace] [t:96] Calling InitCallbackList
[17:07:55.252] [trace] [t:96] Received completion queue callback
[17:07:55.252] [trace] [t:96] Handling async callback 
[17:07:55.252] [trace] [t:96] Calling InitCallbackList
[17:07:55.253] [trace] [t:96] Received completion queue callback
[17:07:55.253] [trace] [t:96] Handling async callback 
[17:07:55.253] [trace] [t:96] Calling InitCallbackList
[17:07:55.253] [trace] [t:96] Received completion queue callback
[17:07:55.253] [trace] [t:96] Handling async callback 
[17:07:55.253] [trace] [t:96] Calling InitCallbackList
[17:07:55.254] [trace] [t:96] Received completion queue callback
[17:07:55.254] [trace] [t:96] Handling async callback 
[17:07:55.254] [trace] [t:96] Calling InitCallbackList
[17:07:55.255] [trace] [t:96] Received completion queue callback
[17:07:55.255] [trace] [t:96] Handling async callback 
[17:07:55.255] [trace] [t:96] Calling InitCallbackList
[17:07:55.256] [trace] [t:96] Received completion queue callback
[17:07:55.256] [trace] [t:96] Handling async callback 
[17:07:55.256] [trace] [t:96] Calling InitCallbackList
[17:07:55.257] [trace] [t:96] Received completion queue callback
[17:07:55.257] [trace] [t:96] Handling async callback 
[17:07:55.257] [trace] [t:96] Calling InitCallbackList
[17:07:55.258] [trace] [t:96] Received completion queue callback
[17:07:55.258] [trace] [t:96] Handling async callback 
[17:07:55.258] [trace] [t:96] Calling InitCallbackList
[17:07:55.258] [trace] [t:96] Received completion queue callback
[17:07:55.258] [trace] [t:96] Handling async callback 
[17:07:55.258] [trace] [t:96] Calling InitCallbackList
[17:07:55.259] [trace] [t:96] Received completion queue callback
[17:07:55.260] [trace] [t:96] Handling async callback 
[17:07:55.260] [trace] [t:96] Calling InitCallbackList
[17:07:55.261] [trace] [t:96] Received completion queue callback
[17:07:55.261] [trace] [t:96] Handling async callback 
[17:07:55.261] [trace] [t:96] Calling InitCallbackList
[17:07:55.262] [trace] [t:96] Received completion queue callback
[17:07:55.262] [trace] [t:96] Handling async callback 
[17:07:55.262] [trace] [t:96] Calling InitCallbackList
[17:07:55.262] [trace] [t:96] Received completion queue callback
[17:07:55.262] [trace] [t:96] Handling async callback 
[17:07:55.262] [trace] [t:96] Calling InitCallbackList
[17:07:55.263] [trace] [t:96] Received completion queue callback
[17:07:55.263] [trace] [t:96] Handling async callback 
[17:07:55.263] [trace] [t:96] Calling InitCallbackList
[17:07:55.264] [trace] [t:96] Received completion queue callback
[17:07:55.264] [trace] [t:96] Handling async callback 
[17:07:55.264] [trace] [t:96] Calling InitCallbackList
[17:07:55.265] [trace] [t:96] Received completion queue callback
[17:07:55.265] [trace] [t:96] Handling async callback 
[17:07:55.265] [trace] [t:96] Calling InitCallbackList
[17:07:55.266] [trace] [t:96] Received completion queue callback
[17:07:55.266] [trace] [t:96] Handling async callback 
[17:07:55.266] [trace] [t:96] Calling InitCallbackList
[17:07:55.267] [trace] [t:96] Received completion queue callback
[17:07:55.267] [trace] [t:96] Handling async callback 
[17:07:55.267] [trace] [t:96] Calling InitCallbackList
[17:07:55.268] [trace] [t:96] Received completion queue callback
[17:07:55.268] [trace] [t:96] Handling async callback 
[17:07:55.268] [trace] [t:96] Calling InitCallbackList
[17:07:55.269] [trace] [t:96] Received completion queue callback
[17:07:55.269] [trace] [t:96] Handling async callback 
[17:07:55.269] [trace] [t:96] Calling InitCallbackList
[17:07:55.270] [trace] [t:96] Received completion queue callback
[17:07:55.270] [trace] [t:96] Handling async callback 
[17:07:55.270] [trace] [t:96] Calling InitCallbackList
[17:07:55.272] [trace] [t:96] Received completion queue callback
[17:07:55.272] [trace] [t:96] Handling async callback 
[17:07:55.272] [trace] [t:96] Calling InitCallbackList
[17:07:55.273] [trace] [t:96] Received completion queue callback
[17:07:55.273] [trace] [t:96] Handling async callback 
[17:07:55.273] [trace] [t:96] Calling InitCallbackList
[17:07:55.274] [trace] [t:96] Received completion queue callback
[17:07:55.274] [trace] [t:96] Handling async callback 
[17:07:55.274] [trace] [t:96] Calling InitCallbackList
[17:07:55.275] [trace] [t:96] Received completion queue callback
[17:07:55.275] [trace] [t:96] Handling async callback 
[17:07:55.275] [trace] [t:96] Calling InitCallbackList
[17:07:55.276] [trace] [t:96] Received completion queue callback
[17:07:55.276] [trace] [t:96] Handling async callback 
[17:07:55.276] [trace] [t:96] Calling InitCallbackList
[17:07:55.277] [trace] [t:96] Received completion queue callback
[17:07:55.277] [trace] [t:96] Handling async callback 
[17:07:55.277] [trace] [t:96] Calling InitCallbackList
[17:07:55.278] [trace] [t:96] Received completion queue callback
[17:07:55.278] [trace] [t:96] Handling async callback 
[17:07:55.278] [trace] [t:96] Calling InitCallbackList
[17:07:55.279] [trace] [t:96] Received completion queue callback
[17:07:55.279] [trace] [t:96] Handling async callback 
[17:07:55.279] [trace] [t:96] Calling InitCallbackList
[17:07:55.280] [trace] [t:96] Received completion queue callback
[17:07:55.280] [trace] [t:96] Handling async callback 
[17:07:55.280] [trace] [t:96] Calling InitCallbackList
[17:07:55.281] [trace] [t:96] Received completion queue callback
[17:07:55.281] [trace] [t:96] Handling async callback 
[17:07:55.281] [trace] [t:96] Calling InitCallbackList
[17:07:55.282] [trace] [t:96] Received completion queue callback
[17:07:55.282] [trace] [t:96] Handling async callback 
[17:07:55.282] [trace] [t:96] Calling InitCallbackList
[17:07:55.283] [trace] [t:96] Received completion queue callback
[17:07:55.283] [trace] [t:96] Handling async callback 
[17:07:55.283] [trace] [t:96] Calling InitCallbackList
[17:07:55.284] [trace] [t:96] Received completion queue callback
[17:07:55.284] [trace] [t:96] Handling async callback 
[17:07:55.284] [trace] [t:96] Calling InitCallbackList
[17:07:55.285] [trace] [t:96] Received completion queue callback
[17:07:55.285] [trace] [t:96] Handling async callback 
[17:07:55.285] [trace] [t:96] Calling InitCallbackList
[17:07:55.286] [trace] [t:96] Received completion queue callback
[17:07:55.286] [trace] [t:96] Handling async callback 
[17:07:55.286] [trace] [t:96] Calling InitCallbackList
[17:07:55.287] [trace] [t:96] Received completion queue callback
[17:07:55.287] [trace] [t:96] Handling async callback 
[17:07:55.287] [trace] [t:96] Calling InitCallbackList
[17:07:55.287] [trace] [t:96] Received completion queue callback
[17:07:55.287] [trace] [t:96] Handling async callback 
[17:07:55.287] [trace] [t:96] Calling InitCallbackList
[17:07:55.288] [trace] [t:96] Received completion queue callback
[17:07:55.288] [trace] [t:96] Handling async callback 
[17:07:55.288] [trace] [t:96] Calling InitCallbackList
[17:07:55.289] [trace] [t:96] Received completion queue callback
[17:07:55.289] [trace] [t:96] Handling async callback 
[17:07:55.289] [trace] [t:96] Calling InitCallbackList
[17:07:55.289] [trace] [t:96] Received completion queue callback
[17:07:55.289] [trace] [t:96] Handling async callback 
[17:07:55.289] [trace] [t:96] Calling InitCallbackList
[17:07:55.291] [trace] [t:96] Received completion queue callback
[17:07:55.291] [trace] [t:96] Handling async callback 
[17:07:55.291] [trace] [t:96] Calling InitCallbackList
[17:07:55.291] [trace] [t:96] Received completion queue callback
[17:07:55.291] [trace] [t:96] Handling async callback 
[17:07:55.291] [trace] [t:96] Calling InitCallbackList
[17:07:55.292] [trace] [t:96] Received completion queue callback
[17:07:55.292] [trace] [t:96] Handling async callback 
[17:07:55.292] [trace] [t:96] Calling InitCallbackList
[17:07:55.293] [trace] [t:96] Received completion queue callback
[17:07:55.293] [trace] [t:96] Handling async callback 
[17:07:55.293] [trace] [t:96] Calling InitCallbackList
[17:07:55.294] [trace] [t:96] Received completion queue callback
[17:07:55.294] [trace] [t:96] Handling async callback 
[17:07:55.294] [trace] [t:96] Calling InitCallbackList
[17:07:55.295] [trace] [t:96] Received completion queue callback
[17:07:55.295] [trace] [t:96] Handling async callback 
[17:07:55.295] [trace] [t:96] Calling InitCallbackList
[17:07:55.296] [trace] [t:96] Received completion queue callback
[17:07:55.296] [trace] [t:96] Handling async callback 
[17:07:55.296] [trace] [t:96] Calling InitCallbackList
[17:07:55.296] [trace] [t:96] Received completion queue callback
[17:07:55.296] [trace] [t:96] Handling async callback 
[17:07:55.296] [trace] [t:96] Calling InitCallbackList
[17:07:55.297] [trace] [t:96] Received completion queue callback
[17:07:55.297] [trace] [t:96] Handling async callback 
[17:07:55.297] [trace] [t:96] Calling InitCallbackList
[17:07:55.298] [trace] [t:96] Received completion queue callback
[17:07:55.298] [trace] [t:96] Handling async callback 
[17:07:55.298] [trace] [t:96] Calling InitCallbackList
[17:07:55.299] [trace] [t:96] Received completion queue callback
[17:07:55.299] [trace] [t:96] Handling async callback 
[17:07:55.299] [trace] [t:96] Calling InitCallbackList
[17:07:55.299] [trace] [t:96] Received completion queue callback
[17:07:55.299] [trace] [t:96] Handling async callback 
[17:07:55.300] [trace] [t:96] Calling InitCallbackList
[17:07:55.300] [trace] [t:96] Received completion queue callback
[17:07:55.300] [trace] [t:96] Handling async callback 
[17:07:55.301] [trace] [t:96] Calling InitCallbackList
[17:07:55.302] [trace] [t:96] Received completion queue callback
[17:07:55.302] [trace] [t:96] Handling async callback 
[17:07:55.302] [trace] [t:96] Calling InitCallbackList
[17:07:55.302] [trace] [t:96] Received completion queue callback
[17:07:55.302] [trace] [t:96] Handling async callback 
[17:07:55.302] [trace] [t:96] Calling InitCallbackList
[17:07:55.303] [trace] [t:96] Received completion queue callback
[17:07:55.304] [trace] [t:96] Handling async callback 
[17:07:55.304] [trace] [t:96] Calling InitCallbackList
[17:07:55.304] [trace] [t:96] Received completion queue callback
[17:07:55.304] [trace] [t:96] Handling async callback 
[17:07:55.305] [trace] [t:96] Calling InitCallbackList
[17:07:55.305] [trace] [t:96] Received completion queue callback
[17:07:55.305] [trace] [t:96] Handling async callback 
[17:07:55.305] [trace] [t:96] Calling InitCallbackList
[17:07:55.306] [trace] [t:96] Received completion queue callback
[17:07:55.306] [trace] [t:96] Handling async callback 
[17:07:55.306] [trace] [t:96] Calling InitCallbackList
[17:07:55.307] [trace] [t:96] Received completion queue callback
[17:07:55.307] [trace] [t:96] Handling async callback 
[17:07:55.307] [trace] [t:96] Calling InitCallbackList
[17:07:55.308] [trace] [t:96] Received completion queue callback
[17:07:55.308] [trace] [t:96] Handling async callback 
[17:07:55.308] [trace] [t:96] Calling InitCallbackList
[17:07:55.309] [trace] [t:96] Received completion queue callback
[17:07:55.309] [trace] [t:96] Handling async callback 
[17:07:55.309] [trace] [t:96] Calling InitCallbackList
[17:07:55.309] [trace] [t:96] Received completion queue callback
[17:07:55.309] [trace] [t:96] Handling async callback 
[17:07:55.309] [trace] [t:96] Calling InitCallbackList
[17:07:55.310] [trace] [t:96] Received completion queue callback
[17:07:55.310] [trace] [t:96] Handling async callback 
[17:07:55.310] [trace] [t:96] Calling InitCallbackList
[17:07:55.311] [trace] [t:96] Received completion queue callback
[17:07:55.311] [trace] [t:96] Handling async callback 
[17:07:55.311] [trace] [t:96] Calling InitCallbackList
[17:07:55.312] [trace] [t:96] Received completion queue callback
[17:07:55.312] [trace] [t:96] Handling async callback 
[17:07:55.312] [trace] [t:96] Calling InitCallbackList
[17:07:55.313] [trace] [t:96] Received completion queue callback
[17:07:55.313] [trace] [t:96] Handling async callback 
[17:07:55.313] [trace] [t:96] Calling InitCallbackList
[17:07:55.314] [trace] [t:96] Received completion queue callback
[17:07:55.314] [trace] [t:96] Handling async callback 
[17:07:55.314] [trace] [t:96] Calling InitCallbackList
[17:07:55.315] [trace] [t:96] Received completion queue callback
[17:07:55.315] [trace] [t:96] Handling async callback 
[17:07:55.315] [trace] [t:96] Calling InitCallbackList
[17:07:55.316] [trace] [t:96] Received completion queue callback
[17:07:55.316] [trace] [t:96] Handling async callback 
[17:07:55.316] [trace] [t:96] Calling InitCallbackList
[17:07:55.317] [trace] [t:96] Received completion queue callback
[17:07:55.317] [trace] [t:96] Handling async callback 
[17:07:55.317] [trace] [t:96] Calling InitCallbackList
[17:07:55.318] [trace] [t:96] Received completion queue callback
[17:07:55.318] [trace] [t:96] Handling async callback 
[17:07:55.318] [trace] [t:96] Calling InitCallbackList
[17:07:55.319] [trace] [t:96] Received completion queue callback
[17:07:55.319] [trace] [t:96] Handling async callback 
[17:07:55.319] [trace] [t:96] Calling InitCallbackList
[17:07:55.320] [trace] [t:96] Received completion queue callback
[17:07:55.320] [trace] [t:96] Handling async callback 
[17:07:55.320] [trace] [t:96] Calling InitCallbackList
[17:07:55.321] [trace] [t:96] Received completion queue callback
[17:07:55.321] [trace] [t:96] Handling async callback 
[17:07:55.321] [trace] [t:96] Calling InitCallbackList
[17:07:55.322] [trace] [t:96] Received completion queue callback
[17:07:55.322] [trace] [t:96] Handling async callback 
[17:07:55.322] [trace] [t:96] Calling InitCallbackList
[17:07:55.323] [trace] [t:96] Received completion queue callback
[17:07:55.323] [trace] [t:96] Handling async callback 
[17:07:55.323] [trace] [t:96] Calling InitCallbackList
[17:07:55.324] [trace] [t:96] Received completion queue callback
[17:07:55.324] [trace] [t:96] Handling async callback 
[17:07:55.324] [trace] [t:96] Calling InitCallbackList
[17:07:55.324] [trace] [t:96] Received completion queue callback
[17:07:55.324] [trace] [t:96] Handling async callback 
[17:07:55.324] [trace] [t:96] Calling InitCallbackList
[17:07:55.325] [trace] [t:96] Received completion queue callback
[17:07:55.325] [trace] [t:96] Handling async callback 
[17:07:55.325] [trace] [t:96] Calling InitCallbackList
[17:07:55.326] [trace] [t:96] Received completion queue callback
[17:07:55.326] [trace] [t:96] Handling async callback 
[17:07:55.326] [trace] [t:96] Calling InitCallbackList
[17:07:55.327] [trace] [t:96] Received completion queue callback
[17:07:55.327] [trace] [t:96] Handling async callback 
[17:07:55.327] [trace] [t:96] Calling InitCallbackList
[17:07:55.328] [trace] [t:96] Received completion queue callback
[17:07:55.328] [trace] [t:96] Handling async callback 
[17:07:55.328] [trace] [t:96] Calling InitCallbackList
[17:07:55.329] [trace] [t:96] Received completion queue callback
[17:07:55.329] [trace] [t:96] Handling async callback 
[17:07:55.329] [trace] [t:96] Calling InitCallbackList
[17:07:55.330] [trace] [t:96] Received completion queue callback
[17:07:55.330] [trace] [t:96] Handling async callback 
[17:07:55.330] [trace] [t:96] Calling InitCallbackList
[17:07:55.330] [trace] [t:96] Received completion queue callback
[17:07:55.330] [trace] [t:96] Handling async callback 
[17:07:55.331] [trace] [t:96] Calling InitCallbackList
[17:07:55.331] [trace] [t:96] Received completion queue callback
[17:07:55.331] [trace] [t:96] Handling async callback 
[17:07:55.331] [trace] [t:96] Calling InitCallbackList
[17:07:55.332] [trace] [t:96] Received completion queue callback
[17:07:55.332] [trace] [t:96] Handling async callback 
[17:07:55.332] [trace] [t:96] Calling InitCallbackList
[17:07:55.333] [trace] [t:96] Received completion queue callback
[17:07:55.333] [trace] [t:96] Handling async callback 
[17:07:55.333] [trace] [t:96] Calling InitCallbackList
[17:07:55.334] [trace] [t:96] Received completion queue callback
[17:07:55.334] [trace] [t:96] Handling async callback 
[17:07:55.334] [trace] [t:96] Calling InitCallbackList
[17:07:55.334] [trace] [t:96] Received completion queue callback
[17:07:55.335] [trace] [t:96] Handling async callback 
[17:07:55.335] [trace] [t:96] Calling InitCallbackList
[17:07:55.335] [trace] [t:96] Received completion queue callback
[17:07:55.335] [trace] [t:96] Handling async callback 
[17:07:55.335] [trace] [t:96] Calling InitCallbackList
[17:07:55.336] [trace] [t:96] Received completion queue callback
[17:07:55.336] [trace] [t:96] Handling async callback 
[17:07:55.336] [trace] [t:96] Calling InitCallbackList
[17:07:55.337] [trace] [t:96] Received completion queue callback
[17:07:55.337] [trace] [t:96] Handling async callback 
[17:07:55.337] [trace] [t:96] Calling InitCallbackList
[17:07:55.338] [trace] [t:96] Received completion queue callback
[17:07:55.338] [trace] [t:96] Handling async callback 
[17:07:55.338] [trace] [t:96] Calling InitCallbackList
[17:07:55.339] [trace] [t:96] Received completion queue callback
[17:07:55.339] [trace] [t:96] Handling async callback 
[17:07:55.339] [trace] [t:96] Calling InitCallbackList
[17:07:55.339] [trace] [t:96] Received completion queue callback
[17:07:55.339] [trace] [t:96] Handling async callback 
[17:07:55.340] [trace] [t:96] Calling InitCallbackList
[17:07:55.341] [trace] [t:96] Received completion queue callback
[17:07:55.341] [trace] [t:96] Handling async callback 
[17:07:55.341] [trace] [t:96] Calling InitCallbackList
[17:07:55.342] [trace] [t:96] Received completion queue callback
[17:07:55.342] [trace] [t:96] Handling async callback 
[17:07:55.342] [trace] [t:96] Calling InitCallbackList
[17:07:55.343] [trace] [t:96] Received completion queue callback
[17:07:55.343] [trace] [t:96] Handling async callback 
[17:07:55.343] [trace] [t:96] Calling InitCallbackList
[17:07:55.344] [trace] [t:96] Received completion queue callback
[17:07:55.344] [trace] [t:96] Handling async callback 
[17:07:55.344] [trace] [t:96] Calling InitCallbackList
[17:07:55.345] [trace] [t:96] Received completion queue callback
[17:07:55.345] [trace] [t:96] Handling async callback 
[17:07:55.345] [trace] [t:96] Calling InitCallbackList
[17:07:55.346] [trace] [t:96] Received completion queue callback
[17:07:55.346] [trace] [t:96] Handling async callback 
[17:07:55.346] [trace] [t:96] Calling InitCallbackList
[17:07:55.346] [trace] [t:96] Received completion queue callback
[17:07:55.347] [trace] [t:96] Handling async callback 
[17:07:55.347] [trace] [t:96] Calling InitCallbackList
[17:07:55.347] [trace] [t:96] Received completion queue callback
[17:07:55.347] [trace] [t:96] Handling async callback 
[17:07:55.347] [trace] [t:96] Calling InitCallbackList
[17:07:55.348] [trace] [t:96] Received completion queue callback
[17:07:55.348] [trace] [t:96] Handling async callback 
[17:07:55.348] [trace] [t:96] Calling InitCallbackList
[17:07:55.349] [trace] [t:96] Received completion queue callback
[17:07:55.349] [trace] [t:96] Handling async callback 
[17:07:55.349] [trace] [t:96] Calling InitCallbackList
[17:07:55.351] [trace] [t:96] Received completion queue callback
[17:07:55.351] [trace] [t:96] Handling async callback 
[17:07:55.351] [trace] [t:96] Calling InitCallbackList
[17:07:55.352] [trace] [t:96] Received completion queue callback
[17:07:55.352] [trace] [t:96] Handling async callback 
[17:07:55.352] [trace] [t:96] Calling InitCallbackList
[17:07:55.354] [trace] [t:96] Received completion queue callback
[17:07:55.354] [trace] [t:96] Handling async callback 
[17:07:55.354] [trace] [t:96] Calling InitCallbackList
[17:07:55.354] [trace] [t:96] Received completion queue callback
[17:07:55.354] [trace] [t:96] Handling async callback 
[17:07:55.354] [trace] [t:96] Calling InitCallbackList
[17:07:55.355] [trace] [t:96] Received completion queue callback
[17:07:55.355] [trace] [t:96] Handling async callback 
[17:07:55.355] [trace] [t:96] Calling InitCallbackList
[17:07:55.356] [trace] [t:96] Received completion queue callback
[17:07:55.356] [trace] [t:96] Handling async callback 
[17:07:55.356] [trace] [t:96] Calling InitCallbackList
[17:07:55.357] [trace] [t:96] Received completion queue callback
[17:07:55.357] [trace] [t:96] Handling async callback 
[17:07:55.357] [trace] [t:96] Calling InitCallbackList
[17:07:55.358] [trace] [t:96] Received completion queue callback
[17:07:55.358] [trace] [t:96] Handling async callback 
[17:07:55.358] [trace] [t:96] Calling InitCallbackList
[17:07:55.359] [trace] [t:96] Received completion queue callback
[17:07:55.359] [trace] [t:96] Handling async callback 
[17:07:55.359] [trace] [t:96] Calling InitCallbackList
[17:07:55.360] [trace] [t:96] Received completion queue callback
[17:07:55.360] [trace] [t:96] Handling async callback 
[17:07:55.360] [trace] [t:96] Calling InitCallbackList
[17:07:55.361] [trace] [t:96] Received completion queue callback
[17:07:55.361] [trace] [t:96] Handling async callback 
[17:07:55.361] [trace] [t:96] Calling InitCallbackList
[17:07:55.362] [trace] [t:96] Received completion queue callback
[17:07:55.362] [trace] [t:96] Handling async callback 
[17:07:55.362] [trace] [t:96] Calling InitCallbackList
[17:07:55.363] [trace] [t:96] Received completion queue callback
[17:07:55.363] [trace] [t:96] Handling async callback 
[17:07:55.363] [trace] [t:96] Calling InitCallbackList
[17:07:55.364] [trace] [t:96] Received completion queue callback
[17:07:55.364] [trace] [t:96] Handling async callback 
[17:07:55.364] [trace] [t:96] Calling InitCallbackList
[17:07:55.365] [trace] [t:96] Received completion queue callback
[17:07:55.365] [trace] [t:96] Handling async callback 
[17:07:55.365] [trace] [t:96] Calling InitCallbackList
[17:07:55.366] [trace] [t:96] Received completion queue callback
[17:07:55.366] [trace] [t:96] Handling async callback 
[17:07:55.366] [trace] [t:96] Calling InitCallbackList
[17:07:55.367] [trace] [t:96] Received completion queue callback
[17:07:55.367] [trace] [t:96] Handling async callback 
[17:07:55.367] [trace] [t:96] Calling InitCallbackList
[17:07:55.367] [trace] [t:96] Received completion queue callback
[17:07:55.367] [trace] [t:96] Handling async callback 
[17:07:55.367] [trace] [t:96] Calling InitCallbackList
[17:07:55.368] [trace] [t:96] Received completion queue callback
[17:07:55.368] [trace] [t:96] Handling async callback 
[17:07:55.368] [trace] [t:96] Calling InitCallbackList
[17:07:55.369] [trace] [t:96] Received completion queue callback
[17:07:55.369] [trace] [t:96] Handling async callback 
[17:07:55.369] [trace] [t:96] Calling InitCallbackList
[17:07:55.370] [trace] [t:96] Received completion queue callback
[17:07:55.370] [trace] [t:96] Handling async callback 
[17:07:55.370] [trace] [t:96] Calling InitCallbackList
[17:07:55.371] [trace] [t:96] Received completion queue callback
[17:07:55.371] [trace] [t:96] Handling async callback 
[17:07:55.371] [trace] [t:96] Calling InitCallbackList
[17:07:55.372] [trace] [t:96] Received completion queue callback
[17:07:55.372] [trace] [t:96] Handling async callback 
[17:07:55.372] [trace] [t:96] Calling InitCallbackList
[17:07:55.373] [trace] [t:96] Received completion queue callback
[17:07:55.373] [trace] [t:96] Handling async callback 
[17:07:55.373] [trace] [t:96] Calling InitCallbackList
[17:07:55.374] [trace] [t:96] Received completion queue callback
[17:07:55.374] [trace] [t:96] Handling async callback 
[17:07:55.374] [trace] [t:96] Calling InitCallbackList
[17:07:55.374] [trace] [t:96] Received completion queue callback
[17:07:55.374] [trace] [t:96] Handling async callback 
[17:07:55.375] [trace] [t:96] Calling InitCallbackList
[17:07:55.375] [trace] [t:96] Received completion queue callback
[17:07:55.375] [trace] [t:96] Handling async callback 
[17:07:55.376] [trace] [t:96] Calling InitCallbackList
[17:07:55.376] [trace] [t:96] Received completion queue callback
[17:07:55.376] [trace] [t:96] Handling async callback 
[17:07:55.377] [trace] [t:96] Calling InitCallbackList
[17:07:55.377] [trace] [t:96] Received completion queue callback
[17:07:55.377] [trace] [t:96] Handling async callback 
[17:07:55.378] [trace] [t:96] Calling InitCallbackList
[17:07:55.379] [trace] [t:96] Received completion queue callback
[17:07:55.379] [trace] [t:96] Handling async callback 
[17:07:55.379] [trace] [t:96] Calling InitCallbackList
[17:07:55.379] [trace] [t:96] Received completion queue callback
[17:07:55.379] [trace] [t:96] Handling async callback 
[17:07:55.379] [trace] [t:96] Calling InitCallbackList
[17:07:55.380] [trace] [t:96] Received completion queue callback
[17:07:55.380] [trace] [t:96] Handling async callback 
[17:07:55.380] [trace] [t:96] Calling InitCallbackList
[17:07:55.381] [trace] [t:96] Received completion queue callback
[17:07:55.381] [trace] [t:96] Handling async callback 
[17:07:55.381] [trace] [t:96] Calling InitCallbackList
[17:07:55.382] [trace] [t:96] Received completion queue callback
[17:07:55.382] [trace] [t:96] Handling async callback 
[17:07:55.382] [trace] [t:96] Calling InitCallbackList
[17:07:55.383] [trace] [t:96] Received completion queue callback
[17:07:55.383] [trace] [t:96] Handling async callback 
[17:07:55.383] [trace] [t:96] Calling InitCallbackList
[17:07:55.384] [trace] [t:96] Received completion queue callback
[17:07:55.384] [trace] [t:96] Handling async callback 
[17:07:55.384] [trace] [t:96] Calling InitCallbackList
[17:07:55.385] [trace] [t:96] Received completion queue callback
[17:07:55.385] [trace] [t:96] Handling async callback 
[17:07:55.385] [trace] [t:96] Calling InitCallbackList
[17:07:55.386] [trace] [t:96] Received completion queue callback
[17:07:55.386] [trace] [t:96] Handling async callback 
[17:07:55.386] [trace] [t:96] Calling InitCallbackList
[17:07:55.387] [trace] [t:96] Received completion queue callback
[17:07:55.387] [trace] [t:96] Handling async callback 
[17:07:55.387] [trace] [t:96] Calling InitCallbackList
[17:07:55.388] [trace] [t:96] Received completion queue callback
[17:07:55.388] [trace] [t:96] Handling async callback 
[17:07:55.388] [trace] [t:96] Calling InitCallbackList
[17:07:55.389] [trace] [t:96] Received completion queue callback
[17:07:55.389] [trace] [t:96] Handling async callback 
[17:07:55.389] [trace] [t:96] Calling InitCallbackList
[17:07:55.390] [trace] [t:96] Received completion queue callback
[17:07:55.390] [trace] [t:96] Handling async callback 
[17:07:55.390] [trace] [t:96] Calling InitCallbackList
[17:07:55.391] [trace] [t:96] Received completion queue callback
[17:07:55.391] [trace] [t:96] Handling async callback 
[17:07:55.391] [trace] [t:96] Calling InitCallbackList
[17:07:55.392] [trace] [t:96] Received completion queue callback
[17:07:55.392] [trace] [t:96] Handling async callback 
[17:07:55.392] [trace] [t:96] Calling InitCallbackList
[17:07:55.393] [trace] [t:96] Received completion queue callback
[17:07:55.393] [trace] [t:96] Handling async callback 
[17:07:55.393] [trace] [t:96] Calling InitCallbackList
[17:07:55.394] [trace] [t:96] Received completion queue callback
[17:07:55.394] [trace] [t:96] Handling async callback 
[17:07:55.394] [trace] [t:96] Calling InitCallbackList
[17:07:55.395] [trace] [t:96] Received completion queue callback
[17:07:55.395] [trace] [t:96] Handling async callback 
[17:07:55.395] [trace] [t:96] Calling InitCallbackList
[17:07:55.396] [trace] [t:96] Received completion queue callback
[17:07:55.396] [trace] [t:96] Handling async callback 
[17:07:55.396] [trace] [t:96] Calling InitCallbackList
[17:07:55.397] [trace] [t:96] Received completion queue callback
[17:07:55.397] [trace] [t:96] Handling async callback 
[17:07:55.397] [trace] [t:96] Calling InitCallbackList
[17:07:55.398] [trace] [t:96] Received completion queue callback
[17:07:55.398] [trace] [t:96] Handling async callback 
[17:07:55.398] [trace] [t:96] Calling InitCallbackList
[17:07:55.399] [trace] [t:96] Received completion queue callback
[17:07:55.399] [trace] [t:96] Handling async callback 
[17:07:55.399] [trace] [t:96] Calling InitCallbackList
[17:07:55.400] [trace] [t:96] Received completion queue callback
[17:07:55.400] [trace] [t:96] Handling async callback 
[17:07:55.400] [trace] [t:96] Calling InitCallbackList
[17:07:55.400] [trace] [t:96] Received completion queue callback
[17:07:55.400] [trace] [t:96] Handling async callback 
[17:07:55.401] [trace] [t:96] Calling InitCallbackList
[17:07:55.402] [trace] [t:96] Received completion queue callback
[17:07:55.402] [trace] [t:96] Handling async callback 
[17:07:55.402] [trace] [t:96] Calling InitCallbackList
[17:07:55.402] [trace] [t:96] Received completion queue callback
[17:07:55.402] [trace] [t:96] Handling async callback 
[17:07:55.402] [trace] [t:96] Calling InitCallbackList
[17:07:55.403] [trace] [t:96] Received completion queue callback
[17:07:55.403] [trace] [t:96] Handling async callback 
[17:07:55.403] [trace] [t:96] Calling InitCallbackList
[17:07:55.404] [trace] [t:96] Received completion queue callback
[17:07:55.404] [trace] [t:96] Handling async callback 
[17:07:55.404] [trace] [t:96] Calling InitCallbackList
[17:07:55.405] [trace] [t:96] Received completion queue callback
[17:07:55.405] [trace] [t:96] Handling async callback 
[17:07:55.405] [trace] [t:96] Calling InitCallbackList
[17:07:55.405] [trace] [t:96] Received completion queue callback
[17:07:55.405] [trace] [t:96] Handling async callback 
[17:07:55.405] [trace] [t:96] Calling InitCallbackList
[17:07:55.406] [trace] [t:96] Received completion queue callback
[17:07:55.406] [trace] [t:96] Handling async callback 
[17:07:55.406] [trace] [t:96] Calling InitCallbackList
[17:07:55.407] [trace] [t:96] Received completion queue callback
[17:07:55.407] [trace] [t:96] Handling async callback 
[17:07:55.407] [trace] [t:96] Calling InitCallbackList
[17:07:55.408] [trace] [t:96] Received completion queue callback
[17:07:55.408] [trace] [t:96] Handling async callback 
[17:07:55.408] [trace] [t:96] Calling InitCallbackList
[17:07:55.409] [trace] [t:96] Received completion queue callback
[17:07:55.409] [trace] [t:96] Handling async callback 
[17:07:55.409] [trace] [t:96] Calling InitCallbackList
[17:07:55.410] [trace] [t:96] Received completion queue callback
[17:07:55.410] [trace] [t:96] Handling async callback 
[17:07:55.410] [trace] [t:96] Calling InitCallbackList
[17:07:55.411] [trace] [t:96] Received completion queue callback
[17:07:55.411] [trace] [t:96] Handling async callback 
[17:07:55.411] [trace] [t:96] Calling InitCallbackList
[17:07:55.412] [trace] [t:96] Received completion queue callback
[17:07:55.412] [trace] [t:96] Handling async callback 
[17:07:55.412] [trace] [t:96] Calling InitCallbackList
[17:07:55.413] [trace] [t:96] Received completion queue callback
[17:07:55.413] [trace] [t:96] Handling async callback 
[17:07:55.413] [trace] [t:96] Calling InitCallbackList
[17:07:55.414] [trace] [t:96] Received completion queue callback
[17:07:55.414] [trace] [t:96] Handling async callback 
[17:07:55.414] [trace] [t:96] Calling InitCallbackList
[17:07:55.415] [trace] [t:96] Received completion queue callback
[17:07:55.415] [trace] [t:96] Handling async callback 
[17:07:55.415] [trace] [t:96] Calling InitCallbackList
[17:07:55.416] [trace] [t:96] Received completion queue callback
[17:07:55.416] [trace] [t:96] Handling async callback 
[17:07:55.416] [trace] [t:96] Calling InitCallbackList
[17:07:55.417] [trace] [t:96] Received completion queue callback
[17:07:55.417] [trace] [t:96] Handling async callback 
[17:07:55.417] [trace] [t:96] Calling InitCallbackList
[17:07:55.417] [trace] [t:96] Received completion queue callback
[17:07:55.417] [trace] [t:96] Handling async callback 
[17:07:55.417] [trace] [t:96] Calling InitCallbackList
[17:07:55.418] [trace] [t:96] Received completion queue callback
[17:07:55.418] [trace] [t:96] Handling async callback 
[17:07:55.418] [trace] [t:96] Calling InitCallbackList
[17:07:55.419] [trace] [t:96] Received completion queue callback
[17:07:55.419] [trace] [t:96] Handling async callback 
[17:07:55.419] [trace] [t:96] Calling InitCallbackList
[17:07:55.420] [trace] [t:96] Received completion queue callback
[17:07:55.420] [trace] [t:96] Handling async callback 
[17:07:55.420] [trace] [t:96] Calling InitCallbackList
[17:07:55.420] [trace] [t:96] Received completion queue callback
[17:07:55.420] [trace] [t:96] Handling async callback 
[17:07:55.420] [trace] [t:96] Calling InitCallbackList
[17:07:55.421] [trace] [t:96] Received completion queue callback
[17:07:55.421] [trace] [t:96] Handling async callback 
[17:07:55.421] [trace] [t:96] Calling InitCallbackList
[17:07:55.422] [trace] [t:96] Received completion queue callback
[17:07:55.422] [trace] [t:96] Handling async callback 
[17:07:55.422] [trace] [t:96] Calling InitCallbackList
[17:07:55.422] [trace] [t:96] Received completion queue callback
[17:07:55.422] [trace] [t:96] Handling async callback 
[17:07:55.422] [trace] [t:96] Calling InitCallbackList
[17:07:55.423] [trace] [t:96] Received completion queue callback
[17:07:55.423] [trace] [t:96] Handling async callback 
[17:07:55.423] [trace] [t:96] Calling InitCallbackList
[17:07:55.424] [trace] [t:96] Received completion queue callback
[17:07:55.424] [trace] [t:96] Handling async callback 
[17:07:55.424] [trace] [t:96] Calling InitCallbackList
[17:07:55.426] [trace] [t:96] Received completion queue callback
[17:07:55.426] [trace] [t:96] Handling async callback 
[17:07:55.426] [trace] [t:96] Calling InitCallbackList
[17:07:55.426] [trace] [t:96] Received completion queue callback
[17:07:55.426] [trace] [t:96] Handling async callback 
[17:07:55.426] [trace] [t:96] Calling InitCallbackList
[17:07:55.427] [trace] [t:96] Received completion queue callback
[17:07:55.427] [trace] [t:96] Handling async callback 
[17:07:55.427] [trace] [t:96] Calling InitCallbackList
[17:07:55.428] [trace] [t:96] Received completion queue callback
[17:07:55.428] [trace] [t:96] Handling async callback 
[17:07:55.428] [trace] [t:96] Calling InitCallbackList
[17:07:55.429] [trace] [t:96] Received completion queue callback
[17:07:55.429] [trace] [t:96] Handling async callback 
[17:07:55.429] [trace] [t:96] Calling InitCallbackList
[17:07:55.430] [trace] [t:96] Received completion queue callback
[17:07:55.430] [trace] [t:96] Handling async callback 
[17:07:55.430] [trace] [t:96] Calling InitCallbackList
[17:07:55.431] [trace] [t:96] Received completion queue callback
[17:07:55.431] [trace] [t:96] Handling async callback 
[17:07:55.431] [trace] [t:96] Calling InitCallbackList
[17:07:55.432] [trace] [t:96] Received completion queue callback
[17:07:55.432] [trace] [t:96] Handling async callback 
[17:07:55.432] [trace] [t:96] Calling InitCallbackList
[17:07:55.434] [trace] [t:96] Received completion queue callback
[17:07:55.434] [trace] [t:96] Handling async callback 
[17:07:55.434] [trace] [t:96] Calling InitCallbackList
[17:07:55.434] [trace] [t:96] Received completion queue callback
[17:07:55.434] [trace] [t:96] Handling async callback 
[17:07:55.434] [trace] [t:96] Calling InitCallbackList
[17:07:55.435] [trace] [t:96] Received completion queue callback
[17:07:55.435] [trace] [t:96] Handling async callback 
[17:07:55.435] [trace] [t:96] Calling InitCallbackList
[17:07:55.436] [trace] [t:96] Received completion queue callback
[17:07:55.436] [trace] [t:96] Handling async callback 
[17:07:55.436] [trace] [t:96] Calling InitCallbackList
[17:07:55.437] [trace] [t:96] Received completion queue callback
[17:07:55.437] [trace] [t:96] Handling async callback 
[17:07:55.437] [trace] [t:96] Calling InitCallbackList
[17:07:55.438] [trace] [t:96] Received completion queue callback
[17:07:55.438] [trace] [t:96] Handling async callback 
[17:07:55.438] [trace] [t:96] Calling InitCallbackList
[17:07:55.439] [trace] [t:96] Received completion queue callback
[17:07:55.439] [trace] [t:96] Handling async callback 
[17:07:55.439] [trace] [t:96] Calling InitCallbackList
[17:07:55.439] [trace] [t:96] Received completion queue callback
[17:07:55.439] [trace] [t:96] Handling async callback 
[17:07:55.439] [trace] [t:96] Calling InitCallbackList
[17:07:55.440] [trace] [t:96] Received completion queue callback
[17:07:55.440] [trace] [t:96] Handling async callback 
[17:07:55.441] [trace] [t:96] Calling InitCallbackList
[17:07:55.441] [trace] [t:96] Received completion queue callback
[17:07:55.441] [trace] [t:96] Handling async callback 
[17:07:55.441] [trace] [t:96] Calling InitCallbackList
[17:07:55.442] [trace] [t:96] Received completion queue callback
[17:07:55.442] [trace] [t:96] Handling async callback 
[17:07:55.442] [trace] [t:96] Calling InitCallbackList
[17:07:55.443] [trace] [t:96] Received completion queue callback
[17:07:55.443] [trace] [t:96] Handling async callback 
[17:07:55.443] [trace] [t:96] Calling InitCallbackList
[17:07:55.444] [trace] [t:96] Received completion queue callback
[17:07:55.444] [trace] [t:96] Handling async callback 
[17:07:55.444] [trace] [t:96] Calling InitCallbackList
[17:07:55.445] [trace] [t:96] Received completion queue callback
[17:07:55.445] [trace] [t:96] Handling async callback 
[17:07:55.445] [trace] [t:96] Calling InitCallbackList
[17:07:55.446] [trace] [t:96] Received completion queue callback
[17:07:55.446] [trace] [t:96] Handling async callback 
[17:07:55.447] [trace] [t:96] Calling InitCallbackList
[17:07:55.447] [trace] [t:96] Received completion queue callback
[17:07:55.447] [trace] [t:96] Handling async callback 
[17:07:55.447] [trace] [t:96] Calling InitCallbackList
[17:07:55.448] [trace] [t:96] Received completion queue callback
[17:07:55.448] [trace] [t:96] Handling async callback 
[17:07:55.448] [trace] [t:96] Calling InitCallbackList
[17:07:55.449] [trace] [t:96] Received completion queue callback
[17:07:55.449] [trace] [t:96] Handling async callback 
[17:07:55.449] [trace] [t:96] Calling InitCallbackList
[17:07:55.450] [trace] [t:96] Received completion queue callback
[17:07:55.450] [trace] [t:96] Handling async callback 
[17:07:55.450] [trace] [t:96] Calling InitCallbackList
[17:07:55.451] [trace] [t:96] Received completion queue callback
[17:07:55.451] [trace] [t:96] Handling async callback 
[17:07:55.451] [trace] [t:96] Calling InitCallbackList
[17:07:55.452] [trace] [t:96] Received completion queue callback
[17:07:55.452] [trace] [t:96] Handling async callback 
[17:07:55.452] [trace] [t:96] Calling InitCallbackList
[17:07:55.453] [trace] [t:96] Received completion queue callback
[17:07:55.453] [trace] [t:96] Handling async callback 
[17:07:55.453] [trace] [t:96] Calling InitCallbackList
[17:07:55.454] [trace] [t:96] Received completion queue callback
[17:07:55.454] [trace] [t:96] Handling async callback 
[17:07:55.454] [trace] [t:96] Calling InitCallbackList
[17:07:55.454] [trace] [t:96] Received completion queue callback
[17:07:55.454] [trace] [t:96] Handling async callback 
[17:07:55.454] [trace] [t:96] Calling InitCallbackList
[17:07:55.455] [trace] [t:96] Received completion queue callback
[17:07:55.455] [trace] [t:96] Handling async callback 
[17:07:55.455] [trace] [t:96] Calling InitCallbackList
[17:07:55.456] [trace] [t:96] Received completion queue callback
[17:07:55.456] [trace] [t:96] Handling async callback 
[17:07:55.456] [trace] [t:96] Calling InitCallbackList
[17:07:55.456] [trace] [t:96] Received completion queue callback
[17:07:55.456] [trace] [t:96] Handling async callback 
[17:07:55.456] [trace] [t:96] Calling InitCallbackList
[17:07:55.457] [trace] [t:96] Received completion queue callback
[17:07:55.457] [trace] [t:96] Handling async callback 
[17:07:55.457] [trace] [t:96] Calling InitCallbackList
[17:07:55.458] [trace] [t:96] Received completion queue callback
[17:07:55.458] [trace] [t:96] Handling async callback 
[17:07:55.458] [trace] [t:96] Calling InitCallbackList
[17:07:55.459] [trace] [t:96] Received completion queue callback
[17:07:55.460] [trace] [t:96] Handling async callback 
[17:07:55.460] [trace] [t:96] Calling InitCallbackList
[17:07:55.460] [trace] [t:96] Received completion queue callback
[17:07:55.460] [trace] [t:96] Handling async callback 
[17:07:55.460] [trace] [t:96] Calling InitCallbackList
[17:07:55.461] [trace] [t:96] Received completion queue callback
[17:07:55.461] [trace] [t:96] Handling async callback 
[17:07:55.461] [trace] [t:96] Calling InitCallbackList
[17:07:55.462] [trace] [t:96] Received completion queue callback
[17:07:55.462] [trace] [t:96] Handling async callback 
[17:07:55.462] [trace] [t:96] Calling InitCallbackList
[17:07:55.463] [trace] [t:96] Received completion queue callback
[17:07:55.463] [trace] [t:96] Handling async callback 
[17:07:55.463] [trace] [t:96] Calling InitCallbackList
[17:07:55.464] [trace] [t:96] Received completion queue callback
[17:07:55.464] [trace] [t:96] Handling async callback 
[17:07:55.464] [trace] [t:96] Calling InitCallbackList
[17:07:55.464] [trace] [t:96] Received completion queue callback
[17:07:55.465] [trace] [t:96] Handling async callback 
[17:07:55.465] [trace] [t:96] Calling InitCallbackList
[17:07:55.466] [trace] [t:96] Received completion queue callback
[17:07:55.466] [trace] [t:96] Handling async callback 
[17:07:55.466] [trace] [t:96] Calling InitCallbackList
[17:07:55.467] [trace] [t:96] Received completion queue callback
[17:07:55.467] [trace] [t:96] Handling async callback 
[17:07:55.467] [trace] [t:96] Calling InitCallbackList
[17:07:55.468] [trace] [t:96] Received completion queue callback
[17:07:55.468] [trace] [t:96] Handling async callback 
[17:07:55.468] [trace] [t:96] Calling InitCallbackList
[17:07:55.468] [trace] [t:96] Received completion queue callback
[17:07:55.468] [trace] [t:96] Handling async callback 
[17:07:55.468] [trace] [t:96] Calling InitCallbackList
[17:07:55.469] [trace] [t:96] Received completion queue callback
[17:07:55.469] [trace] [t:96] Handling async callback 
[17:07:55.469] [trace] [t:96] Calling InitCallbackList
[17:07:55.470] [trace] [t:96] Received completion queue callback
[17:07:55.470] [trace] [t:96] Handling async callback 
[17:07:55.470] [trace] [t:96] Calling InitCallbackList
[17:07:55.471] [trace] [t:96] Received completion queue callback
[17:07:55.471] [trace] [t:96] Handling async callback 
[17:07:55.471] [trace] [t:96] Calling InitCallbackList
[17:07:55.472] [trace] [t:96] Received completion queue callback
[17:07:55.472] [trace] [t:96] Handling async callback 
[17:07:55.472] [trace] [t:96] Calling InitCallbackList
[17:07:55.472] [trace] [t:96] Received completion queue callback
[17:07:55.472] [trace] [t:96] Handling async callback 
[17:07:55.472] [trace] [t:96] Calling InitCallbackList
[17:07:55.473] [trace] [t:96] Received completion queue callback
[17:07:55.473] [trace] [t:96] Handling async callback 
[17:07:55.473] [trace] [t:96] Calling InitCallbackList
[17:07:55.474] [trace] [t:96] Received completion queue callback
[17:07:55.474] [trace] [t:96] Handling async callback 
[17:07:55.474] [trace] [t:96] Calling InitCallbackList
[17:07:55.475] [trace] [t:96] Received completion queue callback
[17:07:55.475] [trace] [t:96] Handling async callback 
[17:07:55.475] [trace] [t:96] Calling InitCallbackList
[17:07:55.475] [trace] [t:96] Received completion queue callback
[17:07:55.476] [trace] [t:96] Handling async callback 
[17:07:55.476] [trace] [t:96] Calling InitCallbackList
[17:07:55.476] [trace] [t:96] Received completion queue callback
[17:07:55.476] [trace] [t:96] Handling async callback 
[17:07:55.476] [trace] [t:96] Calling InitCallbackList
[17:07:55.477] [trace] [t:96] Received completion queue callback
[17:07:55.477] [trace] [t:96] Handling async callback 
[17:07:55.477] [trace] [t:96] Calling InitCallbackList
[17:07:55.478] [trace] [t:96] Received completion queue callback
[17:07:55.478] [trace] [t:96] Handling async callback 
[17:07:55.478] [trace] [t:96] Calling InitCallbackList
[17:07:55.480] [trace] [t:96] Received completion queue callback
[17:07:55.480] [trace] [t:96] Handling async callback 
[17:07:55.480] [trace] [t:96] Calling InitCallbackList
[17:07:55.481] [trace] [t:96] Received completion queue callback
[17:07:55.481] [trace] [t:96] Handling async callback 
[17:07:55.481] [trace] [t:96] Calling InitCallbackList
[17:07:55.482] [trace] [t:96] Received completion queue callback
[17:07:55.482] [trace] [t:96] Handling async callback 
[17:07:55.482] [trace] [t:96] Calling InitCallbackList
[17:07:55.483] [trace] [t:96] Received completion queue callback
[17:07:55.483] [trace] [t:96] Handling async callback 
[17:07:55.483] [trace] [t:96] Calling InitCallbackList
[17:07:55.483] [trace] [t:96] Received completion queue callback
[17:07:55.483] [trace] [t:96] Handling async callback 
[17:07:55.483] [trace] [t:96] Calling InitCallbackList
[17:07:55.484] [trace] [t:96] Received completion queue callback
[17:07:55.484] [trace] [t:96] Handling async callback 
[17:07:55.484] [trace] [t:96] Calling InitCallbackList
[17:07:55.485] [trace] [t:96] Received completion queue callback
[17:07:55.485] [trace] [t:96] Handling async callback 
[17:07:55.485] [trace] [t:96] Calling InitCallbackList
[17:07:55.486] [trace] [t:96] Received completion queue callback
[17:07:55.486] [trace] [t:96] Handling async callback 
[17:07:55.486] [trace] [t:96] Calling InitCallbackList
[17:07:55.487] [trace] [t:96] Received completion queue callback
[17:07:55.487] [trace] [t:96] Handling async callback 
[17:07:55.487] [trace] [t:96] Calling InitCallbackList
[17:07:55.488] [trace] [t:96] Received completion queue callback
[17:07:55.488] [trace] [t:96] Handling async callback 
[17:07:55.488] [trace] [t:96] Calling InitCallbackList
[17:07:55.488] [trace] [t:96] Received completion queue callback
[17:07:55.488] [trace] [t:96] Handling async callback 
[17:07:55.488] [trace] [t:96] Calling InitCallbackList
[17:07:55.489] [trace] [t:96] Received completion queue callback
[17:07:55.489] [trace] [t:96] Handling async callback 
[17:07:55.489] [trace] [t:96] Calling InitCallbackList
[17:07:55.490] [trace] [t:96] Received completion queue callback
[17:07:55.490] [trace] [t:96] Handling async callback 
[17:07:55.490] [trace] [t:96] Calling InitCallbackList
[17:07:55.491] [trace] [t:96] Received completion queue callback
[17:07:55.491] [trace] [t:96] Handling async callback 
[17:07:55.491] [trace] [t:96] Calling InitCallbackList
[17:07:55.491] [trace] [t:96] Received completion queue callback
[17:07:55.492] [trace] [t:96] Handling async callback 
[17:07:55.492] [trace] [t:96] Calling InitCallbackList
[17:07:55.492] [trace] [t:96] Received completion queue callback
[17:07:55.492] [trace] [t:96] Handling async callback 
[17:07:55.492] [trace] [t:96] Calling InitCallbackList
[17:07:55.493] [trace] [t:96] Received completion queue callback
[17:07:55.493] [trace] [t:96] Handling async callback 
[17:07:55.493] [trace] [t:96] Calling InitCallbackList
[17:07:55.494] [trace] [t:96] Received completion queue callback
[17:07:55.494] [trace] [t:96] Handling async callback 
[17:07:55.494] [trace] [t:96] Calling InitCallbackList
[17:07:55.494] [trace] [t:96] Received completion queue callback
[17:07:55.494] [trace] [t:96] Handling async callback 
[17:07:55.494] [trace] [t:96] Calling InitCallbackList
[17:07:55.495] [trace] [t:96] Received completion queue callback
[17:07:55.495] [trace] [t:96] Handling async callback 
[17:07:55.495] [trace] [t:96] Calling InitCallbackList
[17:07:55.496] [trace] [t:96] Received completion queue callback
[17:07:55.496] [trace] [t:96] Handling async callback 
[17:07:55.496] [trace] [t:96] Calling InitCallbackList
[17:07:55.497] [trace] [t:96] Received completion queue callback
[17:07:55.497] [trace] [t:96] Handling async callback 
[17:07:55.497] [trace] [t:96] Calling InitCallbackList
[17:07:55.498] [trace] [t:96] Received completion queue callback
[17:07:55.498] [trace] [t:96] Handling async callback 
[17:07:55.498] [trace] [t:96] Calling InitCallbackList
[17:07:55.498] [trace] [t:96] Received completion queue callback
[17:07:55.498] [trace] [t:96] Handling async callback 
[17:07:55.498] [trace] [t:96] Calling InitCallbackList
[17:07:55.499] [trace] [t:96] Received completion queue callback
[17:07:55.499] [trace] [t:96] Handling async callback 
[17:07:55.499] [trace] [t:96] Calling InitCallbackList
[17:07:55.500] [trace] [t:96] Received completion queue callback
[17:07:55.500] [trace] [t:96] Handling async callback 
[17:07:55.500] [trace] [t:96] Calling InitCallbackList
[17:07:55.501] [trace] [t:96] Received completion queue callback
[17:07:55.501] [trace] [t:96] Handling async callback 
[17:07:55.501] [trace] [t:96] Calling InitCallbackList
[17:07:55.502] [trace] [t:96] Received completion queue callback
[17:07:55.502] [trace] [t:96] Handling async callback 
[17:07:55.502] [trace] [t:96] Calling InitCallbackList
[17:07:55.503] [trace] [t:96] Received completion queue callback
[17:07:55.503] [trace] [t:96] Handling async callback 
[17:07:55.503] [trace] [t:96] Calling InitCallbackList
[17:07:55.503] [trace] [t:96] Received completion queue callback
[17:07:55.503] [trace] [t:96] Handling async callback 
[17:07:55.503] [trace] [t:96] Calling InitCallbackList
[17:07:55.504] [trace] [t:96] Received completion queue callback
[17:07:55.504] [trace] [t:96] Handling async callback 
[17:07:55.504] [trace] [t:96] Calling InitCallbackList
[17:07:55.505] [trace] [t:96] Received completion queue callback
[17:07:55.505] [trace] [t:96] Handling async callback 
[17:07:55.505] [trace] [t:96] Calling InitCallbackList
[17:07:55.506] [trace] [t:96] Received completion queue callback
[17:07:55.506] [trace] [t:96] Handling async callback 
[17:07:55.506] [trace] [t:96] Calling InitCallbackList
[17:07:55.507] [trace] [t:96] Received completion queue callback
[17:07:55.507] [trace] [t:96] Handling async callback 
[17:07:55.507] [trace] [t:96] Calling InitCallbackList
[17:07:55.508] [trace] [t:96] Received completion queue callback
[17:07:55.508] [trace] [t:96] Handling async callback 
[17:07:55.508] [trace] [t:96] Calling InitCallbackList
[17:07:55.509] [trace] [t:96] Received completion queue callback
[17:07:55.509] [trace] [t:96] Handling async callback 
[17:07:55.509] [trace] [t:96] Calling InitCallbackList
[17:07:55.509] [trace] [t:96] Received completion queue callback
[17:07:55.509] [trace] [t:96] Handling async callback 
[17:07:55.509] [trace] [t:96] Calling InitCallbackList
[17:07:55.510] [trace] [t:96] Received completion queue callback
[17:07:55.510] [trace] [t:96] Handling async callback 
[17:07:55.510] [trace] [t:96] Calling InitCallbackList
[17:07:55.511] [trace] [t:96] Received completion queue callback
[17:07:55.511] [trace] [t:96] Handling async callback 
[17:07:55.511] [trace] [t:96] Calling InitCallbackList
[17:07:55.512] [trace] [t:96] Received completion queue callback
[17:07:55.512] [trace] [t:96] Handling async callback 
[17:07:55.512] [trace] [t:96] Calling InitCallbackList
[17:07:55.513] [trace] [t:96] Received completion queue callback
[17:07:55.513] [trace] [t:96] Handling async callback 
[17:07:55.513] [trace] [t:96] Calling InitCallbackList
[17:07:55.514] [trace] [t:96] Received completion queue callback
[17:07:55.514] [trace] [t:96] Handling async callback 
[17:07:55.514] [trace] [t:96] Calling InitCallbackList
[17:07:55.515] [trace] [t:96] Received completion queue callback
[17:07:55.515] [trace] [t:96] Handling async callback 
[17:07:55.515] [trace] [t:96] Calling InitCallbackList
[17:07:55.516] [trace] [t:96] Received completion queue callback
[17:07:55.516] [trace] [t:96] Handling async callback 
[17:07:55.516] [trace] [t:96] Calling InitCallbackList
[17:07:55.517] [trace] [t:96] Received completion queue callback
[17:07:55.517] [trace] [t:96] Handling async callback 
[17:07:55.517] [trace] [t:96] Calling InitCallbackList
[17:07:55.518] [trace] [t:96] Received completion queue callback
[17:07:55.518] [trace] [t:96] Handling async callback 
[17:07:55.518] [trace] [t:96] Calling InitCallbackList
[17:07:55.518] [trace] [t:96] Received completion queue callback
[17:07:55.518] [trace] [t:96] Handling async callback 
[17:07:55.518] [trace] [t:96] Calling InitCallbackList
[17:07:55.519] [trace] [t:96] Received completion queue callback
[17:07:55.519] [trace] [t:96] Handling async callback 
[17:07:55.519] [trace] [t:96] Calling InitCallbackList
[17:07:55.520] [trace] [t:96] Received completion queue callback
[17:07:55.520] [trace] [t:96] Handling async callback 
[17:07:55.521] [trace] [t:96] Calling InitCallbackList
[17:07:55.521] [trace] [t:96] Received completion queue callback
[17:07:55.521] [trace] [t:96] Handling async callback 
[17:07:55.522] [trace] [t:96] Calling InitCallbackList
[17:07:55.522] [trace] [t:96] Received completion queue callback
[17:07:55.522] [trace] [t:96] Handling async callback 
[17:07:55.522] [trace] [t:96] Calling InitCallbackList
[17:07:55.523] [trace] [t:96] Received completion queue callback
[17:07:55.523] [trace] [t:96] Handling async callback 
[17:07:55.524] [trace] [t:96] Calling InitCallbackList
[17:07:55.524] [trace] [t:96] Received completion queue callback
[17:07:55.524] [trace] [t:96] Handling async callback 
[17:07:55.524] [trace] [t:96] Calling InitCallbackList
[17:07:55.525] [trace] [t:96] Received completion queue callback
[17:07:55.525] [trace] [t:96] Handling async callback 
[17:07:55.525] [trace] [t:96] Calling InitCallbackList
[17:07:55.526] [trace] [t:96] Received completion queue callback
[17:07:55.526] [trace] [t:96] Handling async callback 
[17:07:55.526] [trace] [t:96] Calling InitCallbackList
[17:07:55.527] [trace] [t:96] Received completion queue callback
[17:07:55.527] [trace] [t:96] Handling async callback 
[17:07:55.527] [trace] [t:96] Calling InitCallbackList
[17:07:55.528] [trace] [t:96] Received completion queue callback
[17:07:55.528] [trace] [t:96] Handling async callback 
[17:07:55.528] [trace] [t:96] Calling InitCallbackList
[17:07:55.529] [trace] [t:96] Received completion queue callback
[17:07:55.529] [trace] [t:96] Handling async callback 
[17:07:55.529] [trace] [t:96] Calling InitCallbackList
[17:07:55.530] [trace] [t:96] Received completion queue callback
[17:07:55.530] [trace] [t:96] Handling async callback 
[17:07:55.530] [trace] [t:96] Calling InitCallbackList
[17:07:55.531] [trace] [t:96] Received completion queue callback
[17:07:55.531] [trace] [t:96] Handling async callback 
[17:07:55.531] [trace] [t:96] Calling InitCallbackList
[17:07:55.532] [trace] [t:96] Received completion queue callback
[17:07:55.532] [trace] [t:96] Handling async callback 
[17:07:55.532] [trace] [t:96] Calling InitCallbackList
[17:07:55.533] [trace] [t:96] Received completion queue callback
[17:07:55.533] [trace] [t:96] Handling async callback 
[17:07:55.533] [trace] [t:96] Calling InitCallbackList
[17:07:55.534] [trace] [t:96] Received completion queue callback
[17:07:55.534] [trace] [t:96] Handling async callback 
[17:07:55.534] [trace] [t:96] Calling InitCallbackList
[17:07:55.535] [trace] [t:96] Received completion queue callback
[17:07:55.535] [trace] [t:96] Handling async callback 
[17:07:55.535] [trace] [t:96] Calling InitCallbackList
[17:07:55.536] [trace] [t:96] Received completion queue callback
[17:07:55.536] [trace] [t:96] Handling async callback 
[17:07:55.536] [trace] [t:96] Calling InitCallbackList
[17:07:55.537] [trace] [t:96] Received completion queue callback
[17:07:55.537] [trace] [t:96] Handling async callback 
[17:07:55.537] [trace] [t:96] Calling InitCallbackList
[17:07:55.538] [trace] [t:96] Received completion queue callback
[17:07:55.538] [trace] [t:96] Handling async callback 
[17:07:55.538] [trace] [t:96] Calling InitCallbackList
[17:07:55.539] [trace] [t:96] Received completion queue callback
[17:07:55.539] [trace] [t:96] Handling async callback 
[17:07:55.539] [trace] [t:96] Calling InitCallbackList
[17:07:55.539] [trace] [t:96] Received completion queue callback
[17:07:55.539] [trace] [t:96] Handling async callback 
[17:07:55.539] [trace] [t:96] Calling InitCallbackList
[17:07:55.540] [trace] [t:96] Received completion queue callback
[17:07:55.540] [trace] [t:96] Handling async callback 
[17:07:55.540] [trace] [t:96] Calling InitCallbackList
[17:07:55.541] [trace] [t:96] Received completion queue callback
[17:07:55.541] [trace] [t:96] Handling async callback 
[17:07:55.541] [trace] [t:96] Calling InitCallbackList
[17:07:55.542] [trace] [t:96] Received completion queue callback
[17:07:55.542] [trace] [t:96] Handling async callback 
[17:07:55.542] [trace] [t:96] Calling InitCallbackList
[17:07:55.542] [trace] [t:96] Received completion queue callback
[17:07:55.542] [trace] [t:96] Handling async callback 
[17:07:55.542] [trace] [t:96] Calling InitCallbackList
[17:07:55.543] [trace] [t:96] Received completion queue callback
[17:07:55.543] [trace] [t:96] Handling async callback 
[17:07:55.543] [trace] [t:96] Calling InitCallbackList
[17:07:55.544] [trace] [t:96] Received completion queue callback
[17:07:55.544] [trace] [t:96] Handling async callback 
[17:07:55.544] [trace] [t:96] Calling InitCallbackList
[17:07:55.545] [trace] [t:96] Received completion queue callback
[17:07:55.545] [trace] [t:96] Handling async callback 
[17:07:55.545] [trace] [t:96] Calling InitCallbackList
[17:07:55.546] [trace] [t:96] Received completion queue callback
[17:07:55.546] [trace] [t:96] Handling async callback 
[17:07:55.546] [trace] [t:96] Calling InitCallbackList
[17:07:55.546] [trace] [t:96] Received completion queue callback
[17:07:55.546] [trace] [t:96] Handling async callback 
[17:07:55.547] [trace] [t:96] Calling InitCallbackList
[17:07:55.547] [trace] [t:96] Received completion queue callback
[17:07:55.547] [trace] [t:96] Handling async callback 
[17:07:55.547] [trace] [t:96] Calling InitCallbackList
[17:07:55.548] [trace] [t:96] Received completion queue callback
[17:07:55.548] [trace] [t:96] Handling async callback 
[17:07:55.548] [trace] [t:96] Calling InitCallbackList
[17:07:55.549] [trace] [t:96] Received completion queue callback
[17:07:55.549] [trace] [t:96] Handling async callback 
[17:07:55.549] [trace] [t:96] Calling InitCallbackList
[17:07:55.550] [trace] [t:96] Received completion queue callback
[17:07:55.550] [trace] [t:96] Handling async callback 
[17:07:55.550] [trace] [t:96] Calling InitCallbackList
[17:07:55.550] [trace] [t:96] Received completion queue callback
[17:07:55.550] [trace] [t:96] Handling async callback 
[17:07:55.550] [trace] [t:96] Calling InitCallbackList
[17:07:55.551] [trace] [t:96] Received completion queue callback
[17:07:55.551] [trace] [t:96] Handling async callback 
[17:07:55.551] [trace] [t:96] Calling InitCallbackList
[17:07:55.552] [trace] [t:96] Received completion queue callback
[17:07:55.552] [trace] [t:96] Handling async callback 
[17:07:55.552] [trace] [t:96] Calling InitCallbackList
[17:07:55.553] [trace] [t:96] Received completion queue callback
[17:07:55.553] [trace] [t:96] Handling async callback 
[17:07:55.553] [trace] [t:96] Calling InitCallbackList
[17:07:55.554] [trace] [t:96] Received completion queue callback
[17:07:55.554] [trace] [t:96] Handling async callback 
[17:07:55.554] [trace] [t:96] Calling InitCallbackList
[17:07:55.554] [trace] [t:96] Received completion queue callback
[17:07:55.554] [trace] [t:96] Handling async callback 
[17:07:55.554] [trace] [t:96] Calling InitCallbackList
[17:07:55.555] [trace] [t:96] Received completion queue callback
[17:07:55.555] [trace] [t:96] Handling async callback 
[17:07:55.555] [trace] [t:96] Calling InitCallbackList
[17:07:55.556] [trace] [t:96] Received completion queue callback
[17:07:55.556] [trace] [t:96] Handling async callback 
[17:07:55.556] [trace] [t:96] Calling InitCallbackList
[17:07:55.558] [trace] [t:96] Received completion queue callback
[17:07:55.558] [trace] [t:96] Handling async callback 
[17:07:55.558] [trace] [t:96] Calling InitCallbackList
[17:07:55.558] [trace] [t:96] Received completion queue callback
[17:07:55.558] [trace] [t:96] Handling async callback 
[17:07:55.558] [trace] [t:96] Calling InitCallbackList
[17:07:55.559] [trace] [t:96] Received completion queue callback
[17:07:55.559] [trace] [t:96] Handling async callback 
[17:07:55.559] [trace] [t:96] Calling InitCallbackList
[17:07:55.560] [trace] [t:96] Received completion queue callback
[17:07:55.560] [trace] [t:96] Handling async callback 
[17:07:55.560] [trace] [t:96] Calling InitCallbackList
[17:07:55.561] [trace] [t:96] Received completion queue callback
[17:07:55.561] [trace] [t:96] Handling async callback 
[17:07:55.561] [trace] [t:96] Calling InitCallbackList
[17:07:55.562] [trace] [t:96] Received completion queue callback
[17:07:55.562] [trace] [t:96] Handling async callback 
[17:07:55.562] [trace] [t:96] Calling InitCallbackList
[17:07:55.563] [trace] [t:96] Received completion queue callback
[17:07:55.563] [trace] [t:96] Handling async callback 
[17:07:55.563] [trace] [t:96] Calling InitCallbackList
[17:07:55.564] [trace] [t:96] Received completion queue callback
[17:07:55.564] [trace] [t:96] Handling async callback 
[17:07:55.564] [trace] [t:96] Calling InitCallbackList
[17:07:55.565] [trace] [t:96] Received completion queue callback
[17:07:55.565] [trace] [t:96] Handling async callback 
[17:07:55.565] [trace] [t:96] Calling InitCallbackList
[17:07:55.565] [trace] [t:96] Received completion queue callback
[17:07:55.565] [trace] [t:96] Handling async callback 
[17:07:55.565] [trace] [t:96] Calling InitCallbackList
[17:07:55.567] [trace] [t:96] Received completion queue callback
[17:07:55.567] [trace] [t:96] Handling async callback 
[17:07:55.567] [trace] [t:96] Calling InitCallbackList
[17:07:55.567] [trace] [t:96] Received completion queue callback
[17:07:55.567] [trace] [t:96] Handling async callback 
[17:07:55.567] [trace] [t:96] Calling InitCallbackList
[17:07:55.568] [trace] [t:96] Received completion queue callback
[17:07:55.568] [trace] [t:96] Handling async callback 
[17:07:55.568] [trace] [t:96] Calling InitCallbackList
[17:07:55.569] [trace] [t:96] Received completion queue callback
[17:07:55.569] [trace] [t:96] Handling async callback 
[17:07:55.569] [trace] [t:96] Calling InitCallbackList
[17:07:55.570] [trace] [t:96] Received completion queue callback
[17:07:55.570] [trace] [t:96] Handling async callback 
[17:07:55.570] [trace] [t:96] Calling InitCallbackList
[17:07:55.570] [trace] [t:96] Received completion queue callback
[17:07:55.570] [trace] [t:96] Handling async callback 
[17:07:55.571] [trace] [t:96] Calling InitCallbackList
[17:07:55.571] [trace] [t:96] Received completion queue callback
[17:07:55.571] [trace] [t:96] Handling async callback 
[17:07:55.571] [trace] [t:96] Calling InitCallbackList
[17:07:55.572] [trace] [t:96] Received completion queue callback
[17:07:55.572] [trace] [t:96] Handling async callback 
[17:07:55.572] [trace] [t:96] Calling InitCallbackList
[17:07:55.574] [trace] [t:96] Received completion queue callback
[17:07:55.574] [trace] [t:96] Handling async callback 
[17:07:55.574] [trace] [t:96] Calling InitCallbackList
[17:07:55.575] [trace] [t:96] Received completion queue callback
[17:07:55.575] [trace] [t:96] Handling async callback 
[17:07:55.575] [trace] [t:96] Calling InitCallbackList
[17:07:55.575] [trace] [t:96] Received completion queue callback
[17:07:55.575] [trace] [t:96] Handling async callback 
[17:07:55.575] [trace] [t:96] Calling InitCallbackList
[17:07:55.577] [trace] [t:96] Received completion queue callback
[17:07:55.577] [trace] [t:96] Handling async callback 
[17:07:55.577] [trace] [t:96] Calling InitCallbackList
[17:07:55.578] [trace] [t:96] Received completion queue callback
[17:07:55.578] [trace] [t:96] Handling async callback 
[17:07:55.578] [trace] [t:96] Calling InitCallbackList
[17:07:55.578] [trace] [t:96] Received completion queue callback
[17:07:55.578] [trace] [t:96] Handling async callback 
[17:07:55.578] [trace] [t:96] Calling InitCallbackList
[17:07:55.579] [trace] [t:96] Received completion queue callback
[17:07:55.579] [trace] [t:96] Handling async callback 
[17:07:55.579] [trace] [t:96] Calling InitCallbackList
[17:07:55.580] [trace] [t:96] Received completion queue callback
[17:07:55.580] [trace] [t:96] Handling async callback 
[17:07:55.580] [trace] [t:96] Calling InitCallbackList
[17:07:55.580] [trace] [t:96] Received completion queue callback
[17:07:55.580] [trace] [t:96] Handling async callback 
[17:07:55.580] [trace] [t:96] Calling InitCallbackList
[17:07:55.581] [trace] [t:96] Received completion queue callback
[17:07:55.581] [trace] [t:96] Handling async callback 
[17:07:55.581] [trace] [t:96] Calling InitCallbackList
[17:07:55.582] [trace] [t:96] Received completion queue callback
[17:07:55.582] [trace] [t:96] Handling async callback 
[17:07:55.582] [trace] [t:96] Calling InitCallbackList
[17:07:55.583] [trace] [t:96] Received completion queue callback
[17:07:55.583] [trace] [t:96] Handling async callback 
[17:07:55.583] [trace] [t:96] Calling InitCallbackList
[17:07:55.584] [trace] [t:96] Received completion queue callback
[17:07:55.584] [trace] [t:96] Handling async callback 
[17:07:55.584] [trace] [t:96] Calling InitCallbackList
[17:07:55.585] [trace] [t:96] Received completion queue callback
[17:07:55.585] [trace] [t:96] Handling async callback 
[17:07:55.585] [trace] [t:96] Calling InitCallbackList
[17:07:55.586] [trace] [t:96] Received completion queue callback
[17:07:55.586] [trace] [t:96] Handling async callback 
[17:07:55.586] [trace] [t:96] Calling InitCallbackList
[17:07:55.587] [trace] [t:96] Received completion queue callback
[17:07:55.587] [trace] [t:96] Handling async callback 
[17:07:55.587] [trace] [t:96] Calling InitCallbackList
[17:07:55.587] [trace] [t:96] Received completion queue callback
[17:07:55.587] [trace] [t:96] Handling async callback 
[17:07:55.587] [trace] [t:96] Calling InitCallbackList
[17:07:55.588] [trace] [t:96] Received completion queue callback
[17:07:55.588] [trace] [t:96] Handling async callback 
[17:07:55.588] [trace] [t:96] Calling InitCallbackList
[17:07:55.589] [trace] [t:96] Received completion queue callback
[17:07:55.589] [trace] [t:96] Handling async callback 
[17:07:55.589] [trace] [t:96] Calling InitCallbackList
[17:07:55.589] [trace] [t:96] Received completion queue callback
[17:07:55.589] [trace] [t:96] Handling async callback 
[17:07:55.590] [trace] [t:96] Calling InitCallbackList
[17:07:55.590] [trace] [t:96] Received completion queue callback
[17:07:55.590] [trace] [t:96] Handling async callback 
[17:07:55.590] [trace] [t:96] Calling InitCallbackList
[17:07:55.591] [trace] [t:96] Received completion queue callback
[17:07:55.591] [trace] [t:96] Handling async callback 
[17:07:55.591] [trace] [t:96] Calling InitCallbackList
[17:07:55.592] [trace] [t:96] Received completion queue callback
[17:07:55.592] [trace] [t:96] Handling async callback 
[17:07:55.592] [trace] [t:96] Calling InitCallbackList
[17:07:55.593] [trace] [t:96] Received completion queue callback
[17:07:55.593] [trace] [t:96] Handling async callback 
[17:07:55.593] [trace] [t:96] Calling InitCallbackList
[17:07:55.593] [trace] [t:96] Received completion queue callback
[17:07:55.593] [trace] [t:96] Handling async callback 
[17:07:55.593] [trace] [t:96] Calling InitCallbackList
[17:07:55.594] [trace] [t:96] Received completion queue callback
[17:07:55.594] [trace] [t:96] Handling async callback 
[17:07:55.594] [trace] [t:96] Calling InitCallbackList
[17:07:55.595] [trace] [t:96] Received completion queue callback
[17:07:55.595] [trace] [t:96] Handling async callback 
[17:07:55.595] [trace] [t:96] Calling InitCallbackList
[17:07:55.596] [trace] [t:96] Received completion queue callback
[17:07:55.596] [trace] [t:96] Handling async callback 
[17:07:55.596] [trace] [t:96] Calling InitCallbackList
[17:07:55.597] [trace] [t:96] Received completion queue callback
[17:07:55.597] [trace] [t:96] Handling async callback 
[17:07:55.597] [trace] [t:96] Calling InitCallbackList
[17:07:55.597] [trace] [t:96] Received completion queue callback
[17:07:55.597] [trace] [t:96] Handling async callback 
[17:07:55.597] [trace] [t:96] Calling InitCallbackList
[17:07:55.598] [trace] [t:96] Received completion queue callback
[17:07:55.598] [trace] [t:96] Handling async callback 
[17:07:55.598] [trace] [t:96] Calling InitCallbackList
[17:07:55.598] [trace] [t:96] Received completion queue callback
[17:07:55.598] [trace] [t:96] Handling async callback 
[17:07:55.598] [trace] [t:96] Calling InitCallbackList
[17:07:55.599] [trace] [t:96] Received completion queue callback
[17:07:55.599] [trace] [t:96] Handling async callback 
[17:07:55.599] [trace] [t:96] Calling InitCallbackList
[17:07:55.599] [trace] [t:96] Received completion queue callback
[17:07:55.600] [trace] [t:96] Handling async callback 
[17:07:55.600] [trace] [t:96] Calling InitCallbackList
[17:07:55.600] [trace] [t:96] Received completion queue callback
[17:07:55.600] [trace] [t:96] Handling async callback 
[17:07:55.600] [trace] [t:96] Calling InitCallbackList
[17:07:55.601] [trace] [t:96] Received completion queue callback
[17:07:55.601] [trace] [t:96] Handling async callback 
[17:07:55.601] [trace] [t:96] Calling InitCallbackList
[17:07:55.602] [trace] [t:96] Received completion queue callback
[17:07:55.602] [trace] [t:96] Handling async callback 
[17:07:55.602] [trace] [t:96] Calling InitCallbackList
[17:07:55.603] [trace] [t:96] Received completion queue callback
[17:07:55.603] [trace] [t:96] Handling async callback 
[17:07:55.603] [trace] [t:96] Calling InitCallbackList
[17:07:55.603] [trace] [t:96] Received completion queue callback
[17:07:55.603] [trace] [t:96] Handling async callback 
[17:07:55.604] [trace] [t:96] Calling InitCallbackList
[17:07:55.604] [trace] [t:96] Received completion queue callback
[17:07:55.604] [trace] [t:96] Handling async callback 
[17:07:55.604] [trace] [t:96] Calling InitCallbackList
[17:07:55.605] [trace] [t:96] Received completion queue callback
[17:07:55.605] [trace] [t:96] Handling async callback 
[17:07:55.605] [trace] [t:96] Calling InitCallbackList
[17:07:55.606] [trace] [t:96] Received completion queue callback
[17:07:55.606] [trace] [t:96] Handling async callback 
[17:07:55.606] [trace] [t:96] Calling InitCallbackList
[17:07:55.607] [trace] [t:96] Received completion queue callback
[17:07:55.607] [trace] [t:96] Handling async callback 
[17:07:55.607] [trace] [t:96] Calling InitCallbackList
[17:07:55.607] [trace] [t:96] Received completion queue callback
[17:07:55.607] [trace] [t:96] Handling async callback 
[17:07:55.607] [trace] [t:96] Calling InitCallbackList
[17:07:55.608] [trace] [t:96] Received completion queue callback
[17:07:55.608] [trace] [t:96] Handling async callback 
[17:07:55.608] [trace] [t:96] Calling InitCallbackList
[17:07:55.609] [trace] [t:96] Received completion queue callback
[17:07:55.609] [trace] [t:96] Handling async callback 
[17:07:55.609] [trace] [t:96] Calling InitCallbackList
[17:07:55.610] [trace] [t:96] Received completion queue callback
[17:07:55.610] [trace] [t:96] Handling async callback 
[17:07:55.610] [trace] [t:96] Calling InitCallbackList
[17:07:55.611] [trace] [t:96] Received completion queue callback
[17:07:55.611] [trace] [t:96] Handling async callback 
[17:07:55.611] [trace] [t:96] Calling InitCallbackList
[17:07:55.612] [trace] [t:96] Received completion queue callback
[17:07:55.612] [trace] [t:96] Handling async callback 
[17:07:55.612] [trace] [t:96] Calling InitCallbackList
[17:07:55.612] [trace] [t:96] Received completion queue callback
[17:07:55.612] [trace] [t:96] Handling async callback 
[17:07:55.613] [trace] [t:96] Calling InitCallbackList
[17:07:55.613] [trace] [t:96] Received completion queue callback
[17:07:55.614] [trace] [t:96] Handling async callback 
[17:07:55.614] [trace] [t:96] Calling InitCallbackList
[17:07:55.614] [trace] [t:96] Received completion queue callback
[17:07:55.614] [trace] [t:96] Handling async callback 
[17:07:55.614] [trace] [t:96] Calling InitCallbackList
[17:07:55.615] [trace] [t:96] Received completion queue callback
[17:07:55.615] [trace] [t:96] Handling async callback 
[17:07:55.615] [trace] [t:96] Calling InitCallbackList
[17:07:55.616] [trace] [t:96] Received completion queue callback
[17:07:55.616] [trace] [t:96] Handling async callback 
[17:07:55.616] [trace] [t:96] Calling InitCallbackList
[17:07:55.617] [trace] [t:96] Received completion queue callback
[17:07:55.617] [trace] [t:96] Handling async callback 
[17:07:55.617] [trace] [t:96] Calling InitCallbackList
[17:07:55.618] [trace] [t:96] Received completion queue callback
[17:07:55.618] [trace] [t:96] Handling async callback 
[17:07:55.618] [trace] [t:96] Calling InitCallbackList
[17:07:55.619] [trace] [t:96] Received completion queue callback
[17:07:55.619] [trace] [t:96] Handling async callback 
[17:07:55.619] [trace] [t:96] Calling InitCallbackList
[17:07:55.621] [trace] [t:96] Received completion queue callback
[17:07:55.621] [trace] [t:96] Handling async callback 
[17:07:55.621] [trace] [t:96] Calling InitCallbackList
[17:07:55.622] [trace] [t:96] Received completion queue callback
[17:07:55.622] [trace] [t:96] Handling async callback 
[17:07:55.622] [trace] [t:96] Calling InitCallbackList
[17:07:55.623] [trace] [t:96] Received completion queue callback
[17:07:55.623] [trace] [t:96] Handling async callback 
[17:07:55.623] [trace] [t:96] Calling InitCallbackList
[17:07:55.624] [trace] [t:96] Received completion queue callback
[17:07:55.624] [trace] [t:96] Handling async callback 
[17:07:55.624] [trace] [t:96] Calling InitCallbackList
[17:07:55.625] [trace] [t:96] Received completion queue callback
[17:07:55.625] [trace] [t:96] Handling async callback 
[17:07:55.625] [trace] [t:96] Calling InitCallbackList
[17:07:55.625] [trace] [t:96] Received completion queue callback
[17:07:55.625] [trace] [t:96] Handling async callback 
[17:07:55.625] [trace] [t:96] Calling InitCallbackList
[17:07:55.626] [trace] [t:96] Received completion queue callback
[17:07:55.626] [trace] [t:96] Handling async callback 
[17:07:55.626] [trace] [t:96] Calling InitCallbackList
[17:07:55.627] [trace] [t:96] Received completion queue callback
[17:07:55.627] [trace] [t:96] Handling async callback 
[17:07:55.627] [trace] [t:96] Calling InitCallbackList
[17:07:55.627] [trace] [t:96] Received completion queue callback
[17:07:55.627] [trace] [t:96] Handling async callback 
[17:07:55.627] [trace] [t:96] Calling InitCallbackList
[17:07:55.628] [trace] [t:96] Received completion queue callback
[17:07:55.628] [trace] [t:96] Handling async callback 
[17:07:55.628] [trace] [t:96] Calling InitCallbackList
[17:07:55.629] [trace] [t:96] Received completion queue callback
[17:07:55.629] [trace] [t:96] Handling async callback 
[17:07:55.629] [trace] [t:96] Calling InitCallbackList
[17:07:55.630] [trace] [t:96] Received completion queue callback
[17:07:55.630] [trace] [t:96] Handling async callback 
[17:07:55.630] [trace] [t:96] Calling InitCallbackList
[17:07:55.631] [trace] [t:96] Received completion queue callback
[17:07:55.631] [trace] [t:96] Handling async callback 
[17:07:55.631] [trace] [t:96] Calling InitCallbackList
[17:07:55.632] [trace] [t:96] Received completion queue callback
[17:07:55.632] [trace] [t:96] Handling async callback 
[17:07:55.632] [trace] [t:96] Calling InitCallbackList
[17:07:55.633] [trace] [t:96] Received completion queue callback
[17:07:55.633] [trace] [t:96] Handling async callback 
[17:07:55.633] [trace] [t:96] Calling InitCallbackList
[17:07:55.634] [trace] [t:96] Received completion queue callback
[17:07:55.634] [trace] [t:96] Handling async callback 
[17:07:55.634] [trace] [t:96] Calling InitCallbackList
[17:07:55.635] [trace] [t:96] Received completion queue callback
[17:07:55.635] [trace] [t:96] Handling async callback 
[17:07:55.635] [trace] [t:96] Calling InitCallbackList
[17:07:55.636] [trace] [t:96] Received completion queue callback
[17:07:55.636] [trace] [t:96] Handling async callback 
[17:07:55.636] [trace] [t:96] Calling InitCallbackList
[17:07:55.637] [trace] [t:96] Received completion queue callback
[17:07:55.637] [trace] [t:96] Handling async callback 
[17:07:55.637] [trace] [t:96] Calling InitCallbackList
[17:07:55.638] [trace] [t:96] Received completion queue callback
[17:07:55.638] [trace] [t:96] Handling async callback 
[17:07:55.638] [trace] [t:96] Calling InitCallbackList
[17:07:55.639] [trace] [t:96] Received completion queue callback
[17:07:55.639] [trace] [t:96] Handling async callback 
[17:07:55.639] [trace] [t:96] Calling InitCallbackList
[17:07:55.639] [trace] [t:96] Received completion queue callback
[17:07:55.639] [trace] [t:96] Handling async callback 
[17:07:55.639] [trace] [t:96] Calling InitCallbackList
[17:07:55.640] [trace] [t:96] Received completion queue callback
[17:07:55.640] [trace] [t:96] Handling async callback 
[17:07:55.640] [trace] [t:96] Calling InitCallbackList
[17:07:55.641] [trace] [t:96] Received completion queue callback
[17:07:55.641] [trace] [t:96] Handling async callback 
[17:07:55.641] [trace] [t:96] Calling InitCallbackList
[17:07:55.642] [trace] [t:96] Received completion queue callback
[17:07:55.642] [trace] [t:96] Handling async callback 
[17:07:55.642] [trace] [t:96] Calling InitCallbackList
[17:07:55.642] [trace] [t:96] Received completion queue callback
[17:07:55.642] [trace] [t:96] Handling async callback 
[17:07:55.642] [trace] [t:96] Calling InitCallbackList
[17:07:55.643] [trace] [t:96] Received completion queue callback
[17:07:55.643] [trace] [t:96] Handling async callback 
[17:07:55.643] [trace] [t:96] Calling InitCallbackList
[17:07:55.644] [trace] [t:96] Received completion queue callback
[17:07:55.644] [trace] [t:96] Handling async callback 
[17:07:55.644] [trace] [t:96] Calling InitCallbackList
[17:07:55.645] [trace] [t:96] Received completion queue callback
[17:07:55.645] [trace] [t:96] Handling async callback 
[17:07:55.645] [trace] [t:96] Calling InitCallbackList
[17:07:55.646] [trace] [t:96] Received completion queue callback
[17:07:55.646] [trace] [t:96] Handling async callback 
[17:07:55.647] [trace] [t:96] Calling InitCallbackList
[17:07:55.647] [trace] [t:96] Received completion queue callback
[17:07:55.647] [trace] [t:96] Handling async callback 
[17:07:55.647] [trace] [t:96] Calling InitCallbackList
[17:07:55.648] [trace] [t:96] Received completion queue callback
[17:07:55.648] [trace] [t:96] Handling async callback 
[17:07:55.648] [trace] [t:96] Calling InitCallbackList
[17:07:55.649] [trace] [t:96] Received completion queue callback
[17:07:55.649] [trace] [t:96] Handling async callback 
[17:07:55.649] [trace] [t:96] Calling InitCallbackList
[17:07:55.650] [trace] [t:96] Received completion queue callback
[17:07:55.650] [trace] [t:96] Handling async callback 
[17:07:55.650] [trace] [t:96] Calling InitCallbackList
[17:07:55.651] [trace] [t:96] Received completion queue callback
[17:07:55.651] [trace] [t:96] Handling async callback 
[17:07:55.651] [trace] [t:96] Calling InitCallbackList
[17:07:55.651] [trace] [t:96] Received completion queue callback
[17:07:55.651] [trace] [t:96] Handling async callback 
[17:07:55.651] [trace] [t:96] Calling InitCallbackList
[17:07:55.652] [trace] [t:96] Received completion queue callback
[17:07:55.652] [trace] [t:96] Handling async callback 
[17:07:55.652] [trace] [t:96] Calling InitCallbackList
[17:07:55.654] [trace] [t:96] Received completion queue callback
[17:07:55.654] [trace] [t:96] Handling async callback 
[17:07:55.654] [trace] [t:96] Calling InitCallbackList
[17:07:55.655] [trace] [t:96] Received completion queue callback
[17:07:55.655] [trace] [t:96] Handling async callback 
[17:07:55.655] [trace] [t:96] Calling InitCallbackList
[17:07:55.655] [trace] [t:96] Received completion queue callback
[17:07:55.655] [trace] [t:96] Handling async callback 
[17:07:55.655] [trace] [t:96] Calling InitCallbackList
[17:07:55.656] [trace] [t:96] Received completion queue callback
[17:07:55.656] [trace] [t:96] Handling async callback 
[17:07:55.656] [trace] [t:96] Calling InitCallbackList
[17:07:55.657] [trace] [t:96] Received completion queue callback
[17:07:55.657] [trace] [t:96] Handling async callback 
[17:07:55.657] [trace] [t:96] Calling InitCallbackList
[17:07:55.658] [trace] [t:96] Received completion queue callback
[17:07:55.658] [trace] [t:96] Handling async callback 
[17:07:55.658] [trace] [t:96] Calling InitCallbackList
[17:07:55.659] [trace] [t:96] Received completion queue callback
[17:07:55.659] [trace] [t:96] Handling async callback 
[17:07:55.659] [trace] [t:96] Calling InitCallbackList
[17:07:55.660] [trace] [t:96] Received completion queue callback
[17:07:55.660] [trace] [t:96] Handling async callback 
[17:07:55.660] [trace] [t:96] Calling InitCallbackList
[17:07:55.660] [trace] [t:96] Received completion queue callback
[17:07:55.660] [trace] [t:96] Handling async callback 
[17:07:55.660] [trace] [t:96] Calling InitCallbackList
[17:07:55.661] [trace] [t:96] Received completion queue callback
[17:07:55.661] [trace] [t:96] Handling async callback 
[17:07:55.661] [trace] [t:96] Calling InitCallbackList
[17:07:55.662] [trace] [t:96] Received completion queue callback
[17:07:55.662] [trace] [t:96] Handling async callback 
[17:07:55.662] [trace] [t:96] Calling InitCallbackList
[17:07:55.663] [trace] [t:96] Received completion queue callback
[17:07:55.663] [trace] [t:96] Handling async callback 
[17:07:55.663] [trace] [t:96] Calling InitCallbackList
[17:07:55.664] [trace] [t:96] Received completion queue callback
[17:07:55.664] [trace] [t:96] Handling async callback 
[17:07:55.664] [trace] [t:96] Calling InitCallbackList
[17:07:55.665] [trace] [t:96] Received completion queue callback
[17:07:55.665] [trace] [t:96] Handling async callback 
[17:07:55.665] [trace] [t:96] Calling InitCallbackList
[17:07:55.666] [trace] [t:96] Received completion queue callback
[17:07:55.666] [trace] [t:96] Handling async callback 
[17:07:55.666] [trace] [t:96] Calling InitCallbackList
[17:07:55.667] [trace] [t:96] Received completion queue callback
[17:07:55.667] [trace] [t:96] Handling async callback 
[17:07:55.667] [trace] [t:96] Calling InitCallbackList
[17:07:55.667] [trace] [t:96] Received completion queue callback
[17:07:55.667] [trace] [t:96] Handling async callback 
[17:07:55.667] [trace] [t:96] Calling InitCallbackList
[17:07:55.668] [trace] [t:96] Received completion queue callback
[17:07:55.668] [trace] [t:96] Handling async callback 
[17:07:55.668] [trace] [t:96] Calling InitCallbackList
[17:07:55.669] [trace] [t:96] Received completion queue callback
[17:07:55.669] [trace] [t:96] Handling async callback 
[17:07:55.669] [trace] [t:96] Calling InitCallbackList
[17:07:55.670] [trace] [t:96] Received completion queue callback
[17:07:55.670] [trace] [t:96] Handling async callback 
[17:07:55.670] [trace] [t:96] Calling InitCallbackList
[17:07:55.670] [trace] [t:96] Received completion queue callback
[17:07:55.670] [trace] [t:96] Handling async callback 
[17:07:55.670] [trace] [t:96] Calling InitCallbackList
[17:07:55.671] [trace] [t:96] Received completion queue callback
[17:07:55.671] [trace] [t:96] Handling async callback 
[17:07:55.671] [trace] [t:96] Calling InitCallbackList
[17:07:55.672] [trace] [t:96] Received completion queue callback
[17:07:55.672] [trace] [t:96] Handling async callback 
[17:07:55.672] [trace] [t:96] Calling InitCallbackList
[17:07:55.673] [trace] [t:96] Received completion queue callback
[17:07:55.673] [trace] [t:96] Handling async callback 
[17:07:55.673] [trace] [t:96] Calling InitCallbackList
[17:07:55.674] [trace] [t:96] Received completion queue callback
[17:07:55.674] [trace] [t:96] Handling async callback 
[17:07:55.674] [trace] [t:96] Calling InitCallbackList
[17:07:55.675] [trace] [t:96] Received completion queue callback
[17:07:55.675] [trace] [t:96] Handling async callback 
[17:07:55.675] [trace] [t:96] Calling InitCallbackList
[17:07:55.675] [trace] [t:96] Received completion queue callback
[17:07:55.675] [trace] [t:96] Handling async callback 
[17:07:55.675] [trace] [t:96] Calling InitCallbackList
[17:07:55.676] [trace] [t:96] Received completion queue callback
[17:07:55.676] [trace] [t:96] Handling async callback 
[17:07:55.676] [trace] [t:96] Calling InitCallbackList
[17:07:55.677] [trace] [t:96] Received completion queue callback
[17:07:55.677] [trace] [t:96] Handling async callback 
[17:07:55.677] [trace] [t:96] Calling InitCallbackList
[17:07:55.678] [trace] [t:96] Received completion queue callback
[17:07:55.678] [trace] [t:96] Handling async callback 
[17:07:55.678] [trace] [t:96] Calling InitCallbackList
[17:07:55.678] [trace] [t:96] Received completion queue callback
[17:07:55.678] [trace] [t:96] Handling async callback 
[17:07:55.679] [trace] [t:96] Calling InitCallbackList
[17:07:55.679] [trace] [t:96] Received completion queue callback
[17:07:55.679] [trace] [t:96] Handling async callback 
[17:07:55.679] [trace] [t:96] Calling InitCallbackList
[17:07:55.680] [trace] [t:96] Received completion queue callback
[17:07:55.680] [trace] [t:96] Handling async callback 
[17:07:55.680] [trace] [t:96] Calling InitCallbackList
[17:07:55.681] [trace] [t:96] Received completion queue callback
[17:07:55.681] [trace] [t:96] Handling async callback 
[17:07:55.681] [trace] [t:96] Calling InitCallbackList
[17:07:55.682] [trace] [t:96] Received completion queue callback
[17:07:55.682] [trace] [t:96] Handling async callback 
[17:07:55.682] [trace] [t:96] Calling InitCallbackList
[17:07:55.682] [trace] [t:96] Received completion queue callback
[17:07:55.682] [trace] [t:96] Handling async callback 
[17:07:55.682] [trace] [t:96] Calling InitCallbackList
[17:07:55.683] [trace] [t:96] Received completion queue callback
[17:07:55.683] [trace] [t:96] Handling async callback 
[17:07:55.683] [trace] [t:96] Calling InitCallbackList
[17:07:55.684] [trace] [t:96] Received completion queue callback
[17:07:55.684] [trace] [t:96] Handling async callback 
[17:07:55.684] [trace] [t:96] Calling InitCallbackList
[17:07:55.685] [trace] [t:96] Received completion queue callback
[17:07:55.685] [trace] [t:96] Handling async callback 
[17:07:55.685] [trace] [t:96] Calling InitCallbackList
[17:07:55.686] [trace] [t:96] Received completion queue callback
[17:07:55.686] [trace] [t:96] Handling async callback 
[17:07:55.686] [trace] [t:96] Calling InitCallbackList
[17:07:55.687] [trace] [t:96] Received completion queue callback
[17:07:55.687] [trace] [t:96] Handling async callback 
[17:07:55.687] [trace] [t:96] Calling InitCallbackList
[17:07:55.688] [trace] [t:96] Received completion queue callback
[17:07:55.688] [trace] [t:96] Handling async callback 
[17:07:55.688] [trace] [t:96] Calling InitCallbackList
[17:07:55.688] [trace] [t:96] Received completion queue callback
[17:07:55.688] [trace] [t:96] Handling async callback 
[17:07:55.688] [trace] [t:96] Calling InitCallbackList
[17:07:55.689] [trace] [t:96] Received completion queue callback
[17:07:55.689] [trace] [t:96] Handling async callback 
[17:07:55.689] [trace] [t:96] Calling InitCallbackList
[17:07:55.690] [trace] [t:96] Received completion queue callback
[17:07:55.690] [trace] [t:96] Handling async callback 
[17:07:55.690] [trace] [t:96] Calling InitCallbackList
[17:07:55.691] [trace] [t:96] Received completion queue callback
[17:07:55.691] [trace] [t:96] Handling async callback 
[17:07:55.691] [trace] [t:96] Calling InitCallbackList
[17:07:55.692] [trace] [t:96] Received completion queue callback
[17:07:55.692] [trace] [t:96] Handling async callback 
[17:07:55.692] [trace] [t:96] Calling InitCallbackList
[17:07:55.692] [trace] [t:96] Received completion queue callback
[17:07:55.692] [trace] [t:96] Handling async callback 
[17:07:55.692] [trace] [t:96] Calling InitCallbackList
[17:07:55.693] [trace] [t:96] Received completion queue callback
[17:07:55.693] [trace] [t:96] Handling async callback 
[17:07:55.694] [trace] [t:96] Calling InitCallbackList
[17:07:55.694] [trace] [t:96] Received completion queue callback
[17:07:55.694] [trace] [t:96] Handling async callback 
[17:07:55.694] [trace] [t:96] Calling InitCallbackList
[17:07:55.695] [trace] [t:96] Received completion queue callback
[17:07:55.695] [trace] [t:96] Handling async callback 
[17:07:55.695] [trace] [t:96] Calling InitCallbackList
[17:07:55.696] [trace] [t:96] Received completion queue callback
[17:07:55.696] [trace] [t:96] Handling async callback 
[17:07:55.696] [trace] [t:96] Calling InitCallbackList
[17:07:55.697] [trace] [t:96] Received completion queue callback
[17:07:55.697] [trace] [t:96] Handling async callback 
[17:07:55.697] [trace] [t:96] Calling InitCallbackList
[17:07:55.698] [trace] [t:96] Received completion queue callback
[17:07:55.698] [trace] [t:96] Handling async callback 
[17:07:55.698] [trace] [t:96] Calling InitCallbackList
[17:07:55.699] [trace] [t:96] Received completion queue callback
[17:07:55.699] [trace] [t:96] Handling async callback 
[17:07:55.699] [trace] [t:96] Calling InitCallbackList
[17:07:55.700] [trace] [t:96] Received completion queue callback
[17:07:55.700] [trace] [t:96] Handling async callback 
[17:07:55.700] [trace] [t:96] Calling InitCallbackList
[17:07:55.701] [trace] [t:96] Received completion queue callback
[17:07:55.701] [trace] [t:96] Handling async callback 
[17:07:55.701] [trace] [t:96] Calling InitCallbackList
[17:07:55.701] [trace] [t:96] Received completion queue callback
[17:07:55.701] [trace] [t:96] Handling async callback 
[17:07:55.701] [trace] [t:96] Calling InitCallbackList
[17:07:55.702] [trace] [t:96] Received completion queue callback
[17:07:55.702] [trace] [t:96] Handling async callback 
[17:07:55.702] [trace] [t:96] Calling InitCallbackList
[17:07:55.703] [trace] [t:96] Received completion queue callback
[17:07:55.703] [trace] [t:96] Handling async callback 
[17:07:55.703] [trace] [t:96] Calling InitCallbackList
[17:07:55.704] [trace] [t:96] Received completion queue callback
[17:07:55.704] [trace] [t:96] Handling async callback 
[17:07:55.704] [trace] [t:96] Calling InitCallbackList
[17:07:55.705] [trace] [t:96] Received completion queue callback
[17:07:55.705] [trace] [t:96] Handling async callback 
[17:07:55.705] [trace] [t:96] Calling InitCallbackList
[17:07:55.705] [trace] [t:96] Received completion queue callback
[17:07:55.705] [trace] [t:96] Handling async callback 
[17:07:55.705] [trace] [t:96] Calling InitCallbackList
[17:07:55.706] [trace] [t:96] Received completion queue callback
[17:07:55.706] [trace] [t:96] Handling async callback 
[17:07:55.706] [trace] [t:96] Calling InitCallbackList
[17:07:55.707] [trace] [t:96] Received completion queue callback
[17:07:55.707] [trace] [t:96] Handling async callback 
[17:07:55.707] [trace] [t:96] Calling InitCallbackList
[17:07:55.708] [trace] [t:96] Received completion queue callback
[17:07:55.708] [trace] [t:96] Handling async callback 
[17:07:55.708] [trace] [t:96] Calling InitCallbackList
[17:07:55.709] [trace] [t:96] Received completion queue callback
[17:07:55.709] [trace] [t:96] Handling async callback 
[17:07:55.709] [trace] [t:96] Calling InitCallbackList
[17:07:55.710] [trace] [t:96] Received completion queue callback
[17:07:55.710] [trace] [t:96] Handling async callback 
[17:07:55.710] [trace] [t:96] Calling InitCallbackList
[17:07:55.710] [trace] [t:96] Received completion queue callback
[17:07:55.710] [trace] [t:96] Handling async callback 
[17:07:55.710] [trace] [t:96] Calling InitCallbackList
[17:07:55.711] [trace] [t:96] Received completion queue callback
[17:07:55.711] [trace] [t:96] Handling async callback 
[17:07:55.711] [trace] [t:96] Calling InitCallbackList
[17:07:55.712] [trace] [t:96] Received completion queue callback
[17:07:55.712] [trace] [t:96] Handling async callback 
[17:07:55.712] [trace] [t:96] Calling InitCallbackList
[17:07:55.713] [trace] [t:96] Received completion queue callback
[17:07:55.713] [trace] [t:96] Handling async callback 
[17:07:55.713] [trace] [t:96] Calling InitCallbackList
[17:07:55.715] [trace] [t:96] Received completion queue callback
[17:07:55.715] [trace] [t:96] Handling async callback 
[17:07:55.715] [trace] [t:96] Calling InitCallbackList
[17:07:55.716] [trace] [t:96] Received completion queue callback
[17:07:55.716] [trace] [t:96] Handling async callback 
[17:07:55.716] [trace] [t:96] Calling InitCallbackList
[17:07:55.717] [trace] [t:96] Received completion queue callback
[17:07:55.717] [trace] [t:96] Handling async callback 
[17:07:55.717] [trace] [t:96] Calling InitCallbackList
[17:07:55.717] [trace] [t:96] Received completion queue callback
[17:07:55.717] [trace] [t:96] Handling async callback 
[17:07:55.717] [trace] [t:96] Calling InitCallbackList
[17:07:55.718] [trace] [t:96] Received completion queue callback
[17:07:55.718] [trace] [t:96] Handling async callback 
[17:07:55.718] [trace] [t:96] Calling InitCallbackList
[17:07:55.719] [trace] [t:96] Received completion queue callback
[17:07:55.719] [trace] [t:96] Handling async callback 
[17:07:55.719] [trace] [t:96] Calling InitCallbackList
[17:07:55.719] [trace] [t:96] Received completion queue callback
[17:07:55.719] [trace] [t:96] Handling async callback 
[17:07:55.719] [trace] [t:96] Calling InitCallbackList
[17:07:55.720] [trace] [t:96] Received completion queue callback
[17:07:55.720] [trace] [t:96] Handling async callback 
[17:07:55.720] [trace] [t:96] Calling InitCallbackList
[17:07:55.721] [trace] [t:96] Received completion queue callback
[17:07:55.721] [trace] [t:96] Handling async callback 
[17:07:55.721] [trace] [t:96] Calling InitCallbackList
[17:07:55.722] [trace] [t:96] Received completion queue callback
[17:07:55.722] [trace] [t:96] Handling async callback 
[17:07:55.722] [trace] [t:96] Calling InitCallbackList
[17:07:55.722] [trace] [t:96] Received completion queue callback
[17:07:55.722] [trace] [t:96] Handling async callback 
[17:07:55.722] [trace] [t:96] Calling InitCallbackList
[17:07:55.723] [trace] [t:96] Received completion queue callback
[17:07:55.723] [trace] [t:96] Handling async callback 
[17:07:55.723] [trace] [t:96] Calling InitCallbackList
[17:07:55.724] [trace] [t:96] Received completion queue callback
[17:07:55.724] [trace] [t:96] Handling async callback 
[17:07:55.724] [trace] [t:96] Calling InitCallbackList
[17:07:55.724] [trace] [t:96] Received completion queue callback
[17:07:55.724] [trace] [t:96] Handling async callback 
[17:07:55.724] [trace] [t:96] Calling InitCallbackList
[17:07:55.725] [trace] [t:96] Received completion queue callback
[17:07:55.725] [trace] [t:96] Handling async callback 
[17:07:55.725] [trace] [t:96] Calling InitCallbackList
[17:07:55.726] [trace] [t:96] Received completion queue callback
[17:07:55.726] [trace] [t:96] Handling async callback 
[17:07:55.726] [trace] [t:96] Calling InitCallbackList
[17:07:55.726] [trace] [t:96] Received completion queue callback
[17:07:55.726] [trace] [t:96] Handling async callback 
[17:07:55.727] [trace] [t:96] Calling InitCallbackList
[17:07:55.727] [trace] [t:96] Received completion queue callback
[17:07:55.727] [trace] [t:96] Handling async callback 
[17:07:55.727] [trace] [t:96] Calling InitCallbackList
[17:07:55.728] [trace] [t:96] Received completion queue callback
[17:07:55.728] [trace] [t:96] Handling async callback 
[17:07:55.728] [trace] [t:96] Calling InitCallbackList
[17:07:55.729] [trace] [t:96] Received completion queue callback
[17:07:55.729] [trace] [t:96] Handling async callback 
[17:07:55.729] [trace] [t:96] Calling InitCallbackList
[17:07:55.731] [trace] [t:96] Received completion queue callback
[17:07:55.731] [trace] [t:96] Handling async callback 
[17:07:55.731] [trace] [t:96] Calling InitCallbackList
[17:07:55.731] [trace] [t:96] Received completion queue callback
[17:07:55.731] [trace] [t:96] Handling async callback 
[17:07:55.731] [trace] [t:96] Calling InitCallbackList
[17:07:55.732] [trace] [t:96] Received completion queue callback
[17:07:55.732] [trace] [t:96] Handling async callback 
[17:07:55.732] [trace] [t:96] Calling InitCallbackList
[17:07:55.733] [trace] [t:96] Received completion queue callback
[17:07:55.733] [trace] [t:96] Handling async callback 
[17:07:55.733] [trace] [t:96] Calling InitCallbackList
[17:07:55.733] [trace] [t:96] Received completion queue callback
[17:07:55.733] [trace] [t:96] Handling async callback 
[17:07:55.733] [trace] [t:96] Calling InitCallbackList
[17:07:55.734] [trace] [t:96] Received completion queue callback
[17:07:55.734] [trace] [t:96] Handling async callback 
[17:07:55.734] [trace] [t:96] Calling InitCallbackList
[17:07:55.734] [trace] [t:96] Received completion queue callback
[17:07:55.735] [trace] [t:96] Handling async callback 
[17:07:55.735] [trace] [t:96] Calling InitCallbackList
[17:07:55.735] [trace] [t:96] Received completion queue callback
[17:07:55.735] [trace] [t:96] Handling async callback 
[17:07:55.735] [trace] [t:96] Calling InitCallbackList
[17:07:55.736] [trace] [t:96] Received completion queue callback
[17:07:55.736] [trace] [t:96] Handling async callback 
[17:07:55.736] [trace] [t:96] Calling InitCallbackList
[17:07:55.737] [trace] [t:96] Received completion queue callback
[17:07:55.737] [trace] [t:96] Handling async callback 
[17:07:55.737] [trace] [t:96] Calling InitCallbackList
[17:07:55.737] [trace] [t:96] Received completion queue callback
[17:07:55.737] [trace] [t:96] Handling async callback 
[17:07:55.738] [trace] [t:96] Calling InitCallbackList
[17:07:55.738] [trace] [t:96] Received completion queue callback
[17:07:55.738] [trace] [t:96] Handling async callback 
[17:07:55.738] [trace] [t:96] Calling InitCallbackList
[17:07:55.739] [trace] [t:96] Received completion queue callback
[17:07:55.739] [trace] [t:96] Handling async callback 
[17:07:55.739] [trace] [t:96] Calling InitCallbackList
[17:07:55.740] [trace] [t:96] Received completion queue callback
[17:07:55.740] [trace] [t:96] Handling async callback 
[17:07:55.740] [trace] [t:96] Calling InitCallbackList
[17:07:55.740] [trace] [t:96] Received completion queue callback
[17:07:55.740] [trace] [t:96] Handling async callback 
[17:07:55.740] [trace] [t:96] Calling InitCallbackList
[17:07:55.741] [trace] [t:96] Received completion queue callback
[17:07:55.741] [trace] [t:96] Handling async callback 
[17:07:55.741] [trace] [t:96] Calling InitCallbackList
[17:07:55.742] [trace] [t:96] Received completion queue callback
[17:07:55.742] [trace] [t:96] Handling async callback 
[17:07:55.742] [trace] [t:96] Calling InitCallbackList
[17:07:55.743] [trace] [t:96] Received completion queue callback
[17:07:55.743] [trace] [t:96] Handling async callback 
[17:07:55.743] [trace] [t:96] Calling InitCallbackList
[17:07:55.744] [trace] [t:96] Received completion queue callback
[17:07:55.744] [trace] [t:96] Handling async callback 
[17:07:55.744] [trace] [t:96] Calling InitCallbackList
[17:07:55.744] [trace] [t:96] Received completion queue callback
[17:07:55.744] [trace] [t:96] Handling async callback 
[17:07:55.744] [trace] [t:96] Calling InitCallbackList
[17:07:55.746] [trace] [t:96] Received completion queue callback
[17:07:55.746] [trace] [t:96] Handling async callback 
[17:07:55.746] [trace] [t:96] Calling InitCallbackList
[17:07:55.747] [trace] [t:96] Received completion queue callback
[17:07:55.747] [trace] [t:96] Handling async callback 
[17:07:55.747] [trace] [t:96] Calling InitCallbackList
[17:07:55.754] [trace] [t:96] Received completion queue callback
[17:07:55.754] [trace] [t:96] Handling async callback 
[17:07:55.755] [info] [t:96] SyncEngine: Fetching contention.txt
[17:07:55.768] [info] [t:96] [Fetch] File fetched successfully: contention.txt
[17:07:55.769] [trace] [t:96] Calling InitCallbackList
[17:07:55.771] [trace] [t:96] Received completion queue callback
[17:07:55.771] [trace] [t:96] Handling async callback 
[17:07:55.781] [trace] [t:94] inotify IN_CREATE event occurred
[17:07:55.784] [info] [t:94] [RequestWriteLock] Write lock obtained for file: contention.txt
[17:07:55.793] [error] [t:94] [Store] Store failed: File on server is identical to client's version.
[17:07:55.794] [info] [t:96] SyncEngine: Fetching contention.txt
[17:07:55.797] [info] [t:96] [Fetch] Only fetch file stats since content is the same!
[17:07:55.797] [trace] [t:96] Calling InitCallbackList
[17:07:55.798] [trace] [t:94] inotify IN_MODIFY event occurred
[17:07:55.799] [trace] [t:96] Received completion queue callback
[17:07:55.799] [trace] [t:96] Handling async callback 
[17:07:55.800] [info] [t:94] [RequestWriteLock] Write lock obtained for file: contention.txt
[17:07:55.801] [error] [t:94] [Store] Store failed: File on server is identical to client's version.
[17:07:55.801] [info] [t:96] SyncEngine: Fetching contention.txt
[17:07:55.802] [info] [t:96] [Fetch] Only fetch file stats since content is the same!
[17:07:55.803] [trace] [t:96] Calling InitCallbackList
[17:07:55.804] [trace] [t:96] Received completion queue callback
[17:07:55.804] [trace] [t:96] Handling async callback 
[17:07:55.804] [info] [t:96] SyncEngine: Fetching contention.txt
[17:07:55.805] [info] [t:96] [Fetch] Only fetch file stats since content is the same!
[17:07:55.805] [trace] [t:96] Calling InitCallbackList
[17:07:55.806] [trace] [t:96] Received completion queue callback
[17:07:55.806] [trace] [t:96] Handling async callback 
[17:07:55.806] [info] [t:96] SyncEngine: Fetching contention.txt
[17:07:55.807] [info] [t:96] [Fetch] Only fetch file stats since content is the same!
[17:07:55.807] [trace] [t:96] Calling InitCallbackList
[17:07:55.808] [trace] [t:96] Received completion queue callback
[17:07:55.808] [trace] [t:96] Handling async callback 
[17:07:55.808] [info] [t:96] SyncEngine: Fetching contention.txt
[17:07:55.809] [info] [t:96] [Fetch] Only fetch file stats since content is the same!
[17:07:55.809] [trace] [t:96] Calling InitCallbackList
[17:07:55.811] [trace] [t:96] Received completion queue callback
[17:07:55.811] [trace] [t:96] Handling async callback 
[17:07:55.811] [info] [t:96] SyncEngine: Fetching contention.txt
[17:07:55.812] [info] [t:96] [Fetch] Only fetch file stats since content is the same!
[17:07:55.812] [trace] [t:96] Calling InitCallbackList
[17:07:55.813] [trace] [t:96] Received completion queue callback
[17:07:55.813] [trace] [t:96] Handling async callback 
[17:07:55.813] [info] [t:96] SyncEngine: Fetching contention.txt
[17:07:55.814] [info] [t:96] [Fetch] Only fetch file stats since content is the same!
[17:07:55.814] [trace] [t:96] Calling InitCallbackList
[17:07:55.815] [trace] [t:96] Received completion queue callback
[17:07:55.815] [trace] [t:96] Handling async callback 
[17:07:55.815] [info] [t:96] SyncEngine: Fetching contention.txt
[17:07:55.816] [info] [t:96] [Fetch] Only fetch file stats since content is the same!
[17:07:55.816] [trace] [t:96] Calling InitCallbackList
[17:07:55.817] [trace] [t:96] Received completion queue callback
[17:07:55.817] [trace] [t:96] Handling async callback 
[17:07:55.817] [info] [t:96] SyncEngine: Fetching contention.txt
[17:07:55.818] [info] [t:96] [Fetch] Only fetch file stats since content is the same!
[17:07:55.819] [trace] [t:96] Calling InitCallbackList
[17:07:55.820] [trace] [t:96] Received completion queue callback
[17:07:55.820] [trace] [t:96] Handling async callback 
[17:07:55.821] [info] [t:96] SyncEngine: Fetching contention.txt
[17:07:55.822] [info] [t:96] [Fetch] Only fetch file stats since content is the same!
[17:07:55.822] [trace] [t:96] Calling InitCallbackList
[17:07:55.823] [trace] [t:96] Received completion queue callback
[17:07:55.823] [trace] [t:96] Handling async callback 
[17:07:55.823] [info] [t:96] SyncEngine: Fetching contention.txt
[17:07:55.824] [info] [t:96] [Fetch] Only fetch file stats since content is the same!
[17:07:55.824] [trace] [t:96] Calling InitCallbackList
[17:07:55.826] [trace] [t:96] Received completion queue callback
[17:07:55.826] [trace] [t:96] Handling async callback 
[17:07:55.826] [info] [t:96] SyncEngine: Fetching contention.txt
[17:07:55.827] [info] [t:96] [Fetch] Only fetch file stats since content is the same!
[17:07:55.827] [trace] [t:96] Calling InitCallbackList
[17:07:55.828] [trace] [t:96] Received completion queue callback
[17:07:55.828] [trace] [t:96] Handling async callback 
[17:07:55.828] [info] [t:96] SyncEngine: Fetching contention.txt
[17:07:55.829] [info] [t:96] [Fetch] Only fetch file stats since content is the same!
[17:07:55.829] [trace] [t:96] Calling InitCallbackList
[17:07:55.830] [trace] [t:96] Received completion queue callback
[17:07:55.830] [trace] [t:96] Handling async callback 
[17:07:55.830] [info] [t:96] SyncEngine: Fetching contention.txt
[17:07:55.832] [info] [t:96] [Fetch] Only fetch file stats since content is the same!
[17:07:55.832] [trace] [t:96] Calling InitCallbackList
[17:07:55.833] [trace] [t:96] Received completion queue callback
[17:07:55.833] [trace] [t:96] Handling async callback 
[17:07:55.834] [info] [t:96] SyncEngine: Fetching contention.txt
[17:07:55.835] [info] [t:96] [Fetch] Only fetch file stats since content is the same!
[17:07:55.835] [trace] [t:96] Calling InitCallbackList
[17:07:55.836] [trace] [t:96] Received completion queue callback
[17:07:55.836] [trace] [t:96] Handling async callback 
[17:07:55.837] [info] [t:96] SyncEngine: Fetching contention.txt
[17:07:55.838] [info] [t:96] [Fetch] Only fetch file stats since content is the same!
[17:07:55.838] [trace] [t:96] Calling InitCallbackList
[17:07:55.839] [trace] [t:96] Received completion queue callback
[17:07:55.839] [trace] [t:96] Handling async callback 
[17:07:55.839] [info] [t:96] SyncEngine: Fetching contention.txt
[17:07:55.840] [info] [t:96] [Fetch] Only fetch file stats since content is the same!
[17:07:55.840] [trace] [t:96] Calling InitCallbackList
[17:07:55.841] [trace] [t:96] Received completion queue callback
[17:07:55.841] [trace] [t:96] Handling async callback 
[17:07:55.841] [info] [t:96] SyncEngine: Fetching contention.txt
[17:07:55.842] [info] [t:96] [Fetch] Only fetch file stats since content is the same!
[17:07:55.842] [trace] [t:96] Calling InitCallbackList
[17:07:55.843] [trace] [t:96] Received completion queue callback
[17:07:55.843] [trace] [t:96] Handling async callback 
[17:07:55.843] [info] [t:96] SyncEngine: Fetching contention.txt
[17:07:55.844] [info] [t:96] [Fetch] Only fetch file stats since content is the same!
[17:07:55.844] [trace] [t:96] Calling InitCallbackList
[17:07:55.845] [trace] [t:96] Received completion queue callback
[17:07:55.845] [trace] [t:96] Handling async callback 
[17:07:55.845] [info] [t:96] SyncEngine: Fetching contention.txt
[17:07:55.846] [info] [t:96] [Fetch] Only fetch file stats since content is the same!
[17:07:55.846] [trace] [t:96] Calling InitCallbackList
[17:07:55.847] [trace] [t:96] Received completion queue callback
[17:07:55.847] [trace] [t:96] Handling async callback 
[17:07:55.847] [info] [t:96] SyncEngine: Fetching contention.txt
[17:07:55.849] [info] [t:96] [Fetch] Only fetch file stats since content is the same!
[17:07:55.849] [trace] [t:96] Calling InitCallbackList
[17:07:55.850] [trace] [t:96] Received completion queue callback
[17:07:55.850] [trace] [t:96] Handling async callback 
[17:07:55.850] [info] [t:96] SyncEngine: Fetching contention.txt
[17:07:55.851] [info] [t:96] [Fetch] Only fetch file stats since content is the same!
[17:07:55.851] [trace] [t:96] Calling InitCallbackList
[17:07:55.852] [trace] [t:96] Received completion queue callback
[17:07:55.852] [trace] [t:96] Handling async callback 
[17:07:55.852] [info] [t:96] SyncEngine: Fetching contention.txt
[17:07:55.853] [info] [t:96] [Fetch] Only fetch file stats since content is the same!
[17:07:55.853] [trace] [t:96] Calling InitCallbackList
[17:07:55.854] [trace] [t:96] Received completion queue callback
[17:07:55.854] [trace] [t:96] Handling async callback 
[17:07:55.854] [info] [t:96] SyncEngine: Fetching contention.txt
[17:07:55.855] [info] [t:96] [Fetch] Only fetch file stats since content is the same!
[17:07:55.855] [trace] [t:96] Calling InitCallbackList
[17:07:55.856] [trace] [t:96] Received completion queue callback
[17:07:55.857] [trace] [t:96] Handling async callback 
[17:07:55.857] [info] [t:96] SyncEngine: Fetching contention.txt
[17:07:55.858] [info] [t:96] [Fetch] Only fetch file stats since content is the same!
[17:07:55.858] [trace] [t:96] Calling InitCallbackList
[17:07:55.858] [trace] [t:96] Received completion queue callback
[17:07:55.858] [trace] [t:96] Handling async callback 
[17:07:55.859] [info] [t:96] SyncEngine: Fetching contention.txt
[17:07:55.859] [info] [t:96] [Fetch] Only fetch file stats since content is the same!
[17:07:55.860] [trace] [t:96] Calling InitCallbackList
[17:07:55.861] [trace] [t:96] Received completion queue callback
[17:07:55.861] [trace] [t:96] Handling async callback 
[17:07:55.861] [info] [t:96] SyncEngine: Fetching contention.txt
[17:07:55.862] [info] [t:96] [Fetch] Only fetch file stats since content is the same!
[17:07:55.862] [trace] [t:96] Calling InitCallbackList
[17:07:55.864] [trace] [t:96] Received completion queue callback
[17:07:55.864] [trace] [t:96] Handling async callback 
[17:07:55.864] [info] [t:96] SyncEngine: Fetching contention.txt
[17:07:55.865] [info] [t:96] [Fetch] Only fetch file stats since content is the same!
[17:07:55.866] [trace] [t:96] Calling InitCallbackList
[17:07:55.867] [trace] [t:96] Received completion queue callback
[17:07:55.867] [trace] [t:96] Handling async callback 
[17:07:55.867] [info] [t:96] SyncEngine: Fetching contention.txt
[17:07:55.868] [info] [t:96] [Fetch] Only fetch file stats since content is the same!
[17:07:55.868] [trace] [t:96] Calling InitCallbackList
[17:07:55.870] [trace] [t:96] Received completion queue callback
[17:07:55.870] [trace] [t:96] Handling async callback 
[17:07:55.870] [info] [t:96] SyncEngine: Fetching contention.txt
[17:07:55.871] [info] [t:96] [Fetch] Only fetch file stats since content is the same!
[17:07:55.871] [trace] [t:96] Calling InitCallbackList
[17:07:55.872] [trace] [t:96] Received completion queue callback
[17:07:55.872] [trace] [t:96] Handling async callback 
[17:07:55.872] [info] [t:96] SyncEngine: Fetching contention.txt
[17:07:55.874] [info] [t:96] [Fetch] Only fetch file stats since content is the same!
[17:07:55.874] [trace] [t:96] Calling InitCallbackList
[17:07:55.875] [trace] [t:96] Received completion queue callback
[17:07:55.875] [trace] [t:96] Handling async callback 
[17:07:55.875] [info] [t:96] SyncEngine: Fetching contention.txt
[17:07:55.876] [info] [t:96] [Fetch] Only fetch file stats since content is the same!
[17:07:55.876] [trace] [t:96] Calling InitCallbackList
[17:07:55.877] [trace] [t:96] Received completion queue callback
[17:07:55.877] [trace] [t:96] Handling async callback 
[17:07:55.877] [info] [t:96] SyncEngine: Fetching contention.txt
[17:07:55.879] [info] [t:96] [Fetch] Only fetch file stats since content is the same!
[17:07:55.879] [trace] [t:96] Calling InitCallbackList
[17:07:55.880] [trace] [t:96] Received completion queue callback
[17:07:55.880] [trace] [t:96] Handling async callback 
[17:07:55.880] [info] [t:96] SyncEngine: Fetching contention.txt
[17:07:55.881] [info] [t:96] [Fetch] Only fetch file stats since content is the same!
[17:07:55.881] [trace] [t:96] Calling InitCallbackList
[17:07:55.882] [trace] [t:96] Received completion queue callback
[17:07:55.882] [trace] [t:96] Handling async callback 
[17:07:55.882] [info] [t:96] SyncEngine: Fetching contention.txt
[17:07:55.883] [info] [t:96] [Fetch] Only fetch file stats since content is the same!
[17:07:55.883] [trace] [t:96] Calling InitCallbackList
[17:07:55.884] [trace] [t:96] Received completion queue callback
[17:07:55.885] [trace] [t:96] Handling async callback 
[17:07:55.885] [info] [t:96] SyncEngine: Fetching contention.txt
[17:07:55.886] [info] [t:96] [Fetch] Only fetch file stats since content is the same!
[17:07:55.886] [trace] [t:96] Calling InitCallbackList
[17:07:55.887] [trace] [t:96] Received completion queue callback
[17:07:55.887] [trace] [t:96] Handling async callback 
[17:07:55.887] [info] [t:96] SyncEngine: Fetching contention.txt
[17:07:55.888] [info] [t:96] [Fetch] Only fetch file stats since content is the same!
[17:07:55.888] [trace] [t:96] Calling InitCallbackList
[17:07:55.889] [trace] [t:96] Received completion queue callback
[17:07:55.889] [trace] [t:96] Handling async callback 
[17:07:55.889] [info] [t:96] SyncEngine: Fetching contention.txt
[17:07:55.891] [info] [t:96] [Fetch] Only fetch file stats since content is the same!
[17:07:55.891] [trace] [t:96] Calling InitCallbackList
[17:07:55.892] [trace] [t:96] Received completion queue callback
[17:07:55.892] [trace] [t:96] Handling async callback 
[17:07:55.892] [info] [t:96] SyncEngine: Fetching contention.txt
[17:07:55.893] [info] [t:96] [Fetch] Only fetch file stats since content is the same!
[17:07:55.893] [trace] [t:96] Calling InitCallbackList
[17:07:55.894] [trace] [t:96] Received completion queue callback
[17:07:55.894] [trace] [t:96] Handling async callback 
[17:07:55.895] [info] [t:96] SyncEngine: Fetching contention.txt
[17:07:55.896] [info] [t:96] [Fetch] Only fetch file stats since content is the same!
[17:07:55.896] [trace] [t:96] Calling InitCallbackList
[17:07:55.897] [trace] [t:96] Received completion queue callback
[17:07:55.897] [trace] [t:96] Handling async callback 
[17:07:55.897] [info] [t:96] SyncEngine: Fetching contention.txt
[17:07:55.899] [info] [t:96] [Fetch] Only fetch file stats since content is the same!
[17:07:55.899] [trace] [t:96] Calling InitCallbackList
[17:07:55.900] [trace] [t:96] Received completion queue callback
[17:07:55.900] [trace] [t:96] Handling async callback 
[17:07:55.900] [info] [t:96] SyncEngine: Fetching contention.txt
[17:07:55.901] [info] [t:96] [Fetch] Only fetch file stats since content is the same!
[17:07:55.901] [trace] [t:96] Calling InitCallbackList
[17:07:55.902] [trace] [t:96] Received completion queue callback
[17:07:55.902] [trace] [t:96] Handling async callback 
[17:07:55.903] [info] [t:96] SyncEngine: Fetching contention.txt
[17:07:55.904] [info] [t:96] [Fetch] Only fetch file stats since content is the same!
[17:07:55.904] [trace] [t:96] Calling InitCallbackList
[17:07:55.905] [trace] [t:96] Received completion queue callback
[17:07:55.905] [trace] [t:96] Handling async callback 
[17:07:55.905] [info] [t:96] SyncEngine: Fetching contention.txt
[17:07:55.906] [info] [t:96] [Fetch] Only fetch file stats since content is the same!
[17:07:55.906] [trace] [t:96] Calling InitCallbackList
[17:07:55.907] [trace] [t:96] Received completion queue callback
[17:07:55.907] [trace] [t:96] Handling async callback 
[17:07:55.907] [info] [t:96] SyncEngine: Fetching contention.txt
[17:07:55.909] [info] [t:96] [Fetch] Only fetch file stats since content is the same!
[17:07:55.909] [trace] [t:96] Calling InitCallbackList
[17:07:55.910] [trace] [t:96] Received completion queue callback
[17:07:55.910] [trace] [t:96] Handling async callback 
[17:07:55.910] [info] [t:96] SyncEngine: Fetching contention.txt
[17:07:55.910] [info] [t:96] [Fetch] Only fetch file stats since content is the same!
[17:07:55.911] [trace] [t:96] Calling InitCallbackList
[17:07:55.911] [trace] [t:96] Received completion queue callback
[17:07:55.911] [trace] [t:96] Handling async callback 
[17:07:55.911] [info] [t:96] SyncEngine: Fetching contention.txt
[17:07:55.912] [info] [t:96] [Fetch] Only fetch file stats since content is the same!
[17:07:55.912] [trace] [t:96] Calling InitCallbackList
[17:07:55.913] [trace] [t:96] Received completion queue callback
[17:07:55.914] [trace] [t:96] Handling async callback 
[17:07:55.914] [info] [t:96] SyncEngine: Fetching contention.txt
[17:07:55.914] [info] [t:96] [Fetch] Only fetch file stats since content is the same!
[17:07:55.915] [trace] [t:96] Calling InitCallbackList
[17:07:55.916] [trace] [t:96] Received completion queue callback
[17:07:55.916] [trace] [t:96] Handling async callback 
[17:07:55.916] [info] [t:96] SyncEngine: Fetching contention.txt
[17:07:55.917] [info] [t:96] [Fetch] Only fetch file stats since content is the same!
[17:07:55.917] [trace] [t:96] Calling InitCallbackList
[17:07:55.918] [trace] [t:96] Received completion queue callback
[17:07:55.918] [trace] [t:96] Handling async callback 
[17:07:55.918] [info] [t:96] SyncEngine: Fetching contention.txt
[17:07:55.919] [info] [t:96] [Fetch] Only fetch file stats since content is the same!
[17:07:55.919] [trace] [t:96] Calling InitCallbackList
[17:07:55.921] [trace] [t:96] Received completion queue callback
[17:07:55.921] [trace] [t:96] Handling async callback 
[17:07:55.921] [info] [t:96] SyncEngine: Fetching contention.txt
[17:07:55.922] [info] [t:96] [Fetch] Only fetch file stats since content is the same!
[17:07:55.922] [trace] [t:96] Calling InitCallbackList
[17:07:55.923] [trace] [t:96] Received completion queue callback
[17:07:55.923] [trace] [t:96] Handling async callback 
[17:07:55.923] [info] [t:96] SyncEngine: Fetching contention.txt
[17:07:55.925] [info] [t:96] [Fetch] Only fetch file stats since content is the same!
[17:07:55.925] [trace] [t:96] Calling InitCallbackList
[17:07:55.926] [trace] [t:96] Received completion queue callback
[17:07:55.926] [trace] [t:96] Handling async callback 
[17:07:55.926] [info] [t:96] SyncEngine: Fetching contention.txt
[17:07:55.927] [info] [t:96] [Fetch] Only fetch file stats since content is the same!
[17:07:55.927] [trace] [t:96] Calling InitCallbackList
[17:07:55.928] [trace] [t:96] Received completion queue callback
[17:07:55.928] [trace] [t:96] Handling async callback 
[17:07:55.928] [info] [t:96] SyncEngine: Fetching contention.txt
[17:07:55.929] [info] [t:96] [Fetch] Only fetch file stats since content is the same!
[17:07:55.929] [trace] [t:96] Calling InitCallbackList
[17:07:55.930] [trace] [t:96] Received completion queue callback
[17:07:55.930] [trace] [t:96] Handling async callback 
[17:07:55.930] [info] [t:96] SyncEngine: Fetching contention.txt
[17:07:55.931] [info] [t:96] [Fetch] Only fetch file stats since content is the same!
[17:07:55.931] [trace] [t:96] Calling InitCallbackList
[17:07:55.932] [trace] [t:96] Received completion queue callback
[17:07:55.932] [trace] [t:96] Handling async callback 
[17:07:55.932] [info] [t:96] SyncEngine: Fetching contention.txt
[17:07:55.933] [info] [t:96] [Fetch] Only fetch file stats since content is the same!
[17:07:55.933] [trace] [t:96] Calling InitCallbackList
[17:07:55.934] [trace] [t:96] Received completion queue callback
[17:07:55.934] [trace] [t:96] Handling async callback 
[17:07:55.934] [info] [t:96] SyncEngine: Fetching contention.txt
[17:07:55.935] [info] [t:96] [Fetch] Only fetch file stats since content is the same!
[17:07:55.935] [trace] [t:96] Calling InitCallbackList
[17:07:55.936] [trace] [t:96] Received completion queue callback
[17:07:55.936] [trace] [t:96] Handling async callback 
[17:07:55.936] [info] [t:96] SyncEngine: Fetching contention.txt
[17:07:55.938] [info] [t:96] [Fetch] Only fetch file stats since content is the same!
[17:07:55.938] [trace] [t:96] Calling InitCallbackList
[17:07:55.939] [trace] [t:96] Received completion queue callback
[17:07:55.939] [trace] [t:96] Handling async callback 
[17:07:55.939] [info] [t:96] SyncEngine: Fetching contention.txt
[17:07:55.940] [info] [t:96] [Fetch] Only fetch file stats since content is the same!
[17:07:55.940] [trace] [t:96] Calling InitCallbackList
[17:07:55.940] [trace] [t:96] Received completion queue callback
[17:07:55.940] [trace] [t:96] Handling async callback 
[17:07:55.940] [info] [t:96] SyncEngine: Fetching contention.txt
[17:07:55.942] [info] [t:96] [Fetch] Only fetch file stats since content is the same!
[17:07:55.942] [trace] [t:96] Calling InitCallbackList
[17:07:55.943] [trace] [t:96] Received completion queue callback
[17:07:55.943] [trace] [t:96] Handling async callback 
[17:07:55.943] [info] [t:96] SyncEngine: Fetching contention.txt
[17:07:55.944] [info] [t:96] [Fetch] Only fetch file stats since content is the same!
[17:07:55.944] [trace] [t:96] Calling InitCallbackList
[17:07:55.945] [trace] [t:96] Received completion queue callback
[17:07:55.945] [trace] [t:96] Handling async callback 
[17:07:55.945] [info] [t:96] SyncEngine: Fetching contention.txt
[17:07:55.946] [info] [t:96] [Fetch] Only fetch file stats since content is the same!
[17:07:55.946] [trace] [t:96] Calling InitCallbackList
[17:07:55.947] [trace] [t:96] Received completion queue callback
[17:07:55.947] [trace] [t:96] Handling async callback 
[17:07:55.947] [info] [t:96] SyncEngine: Fetching contention.txt
[17:07:55.948] [info] [t:96] [Fetch] Only fetch file stats since content is the same!
[17:07:55.948] [trace] [t:96] Calling InitCallbackList
[17:07:55.949] [trace] [t:96] Received completion queue callback
[17:07:55.949] [trace] [t:96] Handling async callback 
[17:07:55.949] [info] [t:96] SyncEngine: Fetching contention.txt
[17:07:55.951] [info] [t:96] [Fetch] Only fetch file stats since content is the same!
[17:07:55.951] [trace] [t:96] Calling InitCallbackList
[17:07:55.952] [trace] [t:96] Received completion queue callback
[17:07:55.952] [trace] [t:96] Handling async callback 
[17:07:55.952] [info] [t:96] SyncEngine: Fetching contention.txt
[17:07:55.954] [info] [t:96] [Fetch] Only fetch file stats since content is the same!
[17:07:55.954] [trace] [t:96] Calling InitCallbackList
[17:07:55.955] [trace] [t:96] Received completion queue callback
[17:07:55.955] [trace] [t:96] Handling async callback 
[17:07:55.955] [info] [t:96] SyncEngine: Fetching contention.txt
[17:07:55.957] [info] [t:96] [Fetch] Only fetch file stats since content is the same!
[17:07:55.957] [trace] [t:96] Calling InitCallbackList
[17:07:55.958] [trace] [t:96] Received completion queue callback
[17:07:55.958] [trace] [t:96] Handling async callback 
[17:07:55.958] [info] [t:96] SyncEngine: Fetching contention.txt
[17:07:55.959] [info] [t:96] [Fetch] Only fetch file stats since content is the same!
[17:07:55.959] [trace] [t:96] Calling InitCallbackList
[17:07:55.960] [trace] [t:96] Received completion queue callback
[17:07:55.960] [trace] [t:96] Handling async callback 
[17:07:55.960] [info] [t:96] SyncEngine: Fetching contention.txt
[17:07:55.961] [info] [t:96] [Fetch] Only fetch file stats since content is the same!
[17:07:55.961] [trace] [t:96] Calling InitCallbackList
[17:07:55.962] [trace] [t:96] Received completion queue callback
[17:07:55.962] [trace] [t:96] Handling async callback 
[17:07:55.962] [info] [t:96] SyncEngine: Fetching contention.txt
[17:07:55.963] [info] [t:96] [Fetch] Only fetch file stats since content is the same!
[17:07:55.963] [trace] [t:96] Calling InitCallbackList
[17:07:55.964] [trace] [t:96] Received completion queue callback
[17:07:55.964] [trace] [t:96] Handling async callback 
[17:07:55.964] [info] [t:96] SyncEngine: Fetching contention.txt
[17:07:55.965] [info] [t:96] [Fetch] Only fetch file stats since content is the same!
[17:07:55.966] [trace] [t:96] Calling InitCallbackList
[17:07:55.966] [trace] [t:96] Received completion queue callback
[17:07:55.967] [trace] [t:96] Handling async callback 
[17:07:55.967] [info] [t:96] SyncEngine: Fetching contention.txt
[17:07:55.967] [info] [t:96] [Fetch] Only fetch file stats since content is the same!
[17:07:55.967] [trace] [t:96] Calling InitCallbackList
[17:07:55.968] [trace] [t:96] Received completion queue callback
[17:07:55.968] [trace] [t:96] Handling async callback 
[17:07:55.968] [info] [t:96] SyncEngine: Fetching contention.txt
[17:07:55.969] [info] [t:96] [Fetch] Only fetch file stats since content is the same!
[17:07:55.970] [trace] [t:96] Calling InitCallbackList
[17:07:55.970] [trace] [t:96] Received completion queue callback
[17:07:55.970] [trace] [t:96] Handling async callback 
[17:07:55.971] [info] [t:96] SyncEngine: Fetching contention.txt
[17:07:55.972] [info] [t:96] [Fetch] Only fetch file stats since content is the same!
[17:07:55.972] [trace] [t:96] Calling InitCallbackList
[17:07:55.973] [trace] [t:96] Received completion queue callback
[17:07:55.973] [trace] [t:96] Handling async callback 
[17:07:55.973] [info] [t:96] SyncEngine: Fetching contention.txt
[17:07:55.974] [info] [t:96] [Fetch] Only fetch file stats since content is the same!
[17:07:55.974] [trace] [t:96] Calling InitCallbackList
[17:07:55.975] [trace] [t:96] Received completion queue callback
[17:07:55.975] [trace] [t:96] Handling async callback 
[17:07:55.975] [info] [t:96] SyncEngine: Fetching contention.txt
[17:07:55.976] [info] [t:96] [Fetch] Only fetch file stats since content is the same!
[17:07:55.976] [trace] [t:96] Calling InitCallbackList
[17:07:55.977] [trace] [t:96] Received completion queue callback
[17:07:55.977] [trace] [t:96] Handling async callback 
[17:07:55.977] [info] [t:96] SyncEngine: Fetching contention.txt
[17:07:55.978] [info] [t:96] [Fetch] Only fetch file stats since content is the same!
[17:07:55.978] [trace] [t:96] Calling InitCallbackList
[17:07:55.979] [trace] [t:96] Received completion queue callback
[17:07:55.979] [trace] [t:96] Handling async callback 
[17:07:55.979] [info] [t:96] SyncEngine: Fetching contention.txt
[17:07:55.981] [info] [t:96] [Fetch] Only fetch file stats since content is the same!
[17:07:55.981] [trace] [t:96] Calling InitCallbackList
[17:07:55.983] [trace] [t:96] Received completion queue callback
[17:07:55.983] [trace] [t:96] Handling async callback 
[17:07:55.983] [info] [t:96] SyncEngine: Fetching contention.txt
[17:07:55.985] [info] [t:96] [Fetch] Only fetch file stats since content is the same!
[17:07:55.985] [trace] [t:96] Calling InitCallbackList
[17:07:55.986] [trace] [t:96] Received completion queue callback
[17:07:55.986] [trace] [t:96] Handling async callback 
[17:07:55.986] [info] [t:96] SyncEngine: Fetching contention.txt
[17:07:55.987] [info] [t:96] [Fetch] Only fetch file stats since content is the same!
[17:07:55.987] [trace] [t:96] Calling InitCallbackList
[17:07:55.988] [trace] [t:96] Received completion queue callback
[17:07:55.988] [trace] [t:96] Handling async callback 
[17:07:55.988] [info] [t:96] SyncEngine: Fetching contention.txt
[17:07:55.989] [info] [t:96] [Fetch] Only fetch file stats since content is the same!
[17:07:55.989] [trace] [t:96] Calling InitCallbackList
[17:07:55.991] [trace] [t:96] Received completion queue callback
[17:07:55.991] [trace] [t:96] Handling async callback 
[17:07:55.991] [info] [t:96] SyncEngine: Fetching contention.txt
[17:07:55.992] [info] [t:96] [Fetch] Only fetch file stats since content is the same!
[17:07:55.992] [trace] [t:96] Calling InitCallbackList
[17:07:55.993] [trace] [t:96] Received completion queue callback
[17:07:55.993] [trace] [t:96] Handling async callback 
[17:07:55.993] [info] [t:96] SyncEngine: Fetching contention.txt
[17:07:55.994] [info] [t:96] [Fetch] Only fetch file stats since content is the same!
[17:07:55.994] [trace] [t:96] Calling InitCallbackList
[17:07:55.996] [trace] [t:96] Received completion queue callback
[17:07:55.996] [trace] [t:96] Handling async callback 
[17:07:55.996] [info] [t:96] SyncEngine: Fetching contention.txt
[17:07:55.997] [info] [t:96] [Fetch] Only fetch file stats since content is the same!
[17:07:55.997] [trace] [t:96] Calling InitCallbackList
[17:07:55.998] [trace] [t:96] Received completion queue callback
[17:07:55.998] [trace] [t:96] Handling async callback 
[17:07:55.998] [info] [t:96] SyncEngine: Fetching contention.txt
[17:07:56.001] [info] [t:96] [Fetch] Only fetch file stats since content is the same!
[17:07:56.001] [trace] [t:96] Calling InitCallbackList
[17:07:56.002] [trace] [t:96] Received completion queue callback
[17:07:56.002] [trace] [t:96] Handling async callback 
[17:07:56.003] [info] [t:96] SyncEngine: Fetching contention.txt
[17:07:56.004] [info] [t:96] [Fetch] Only fetch file stats since content is the same!
[17:07:56.004] [trace] [t:96] Calling InitCallbackList
[17:07:56.005] [trace] [t:96] Received completion queue callback
[17:07:56.005] [trace] [t:96] Handling async callback 
[17:07:56.005] [info] [t:96] SyncEngine: Fetching contention.txt
[17:07:56.006] [info] [t:96] [Fetch] Only fetch file stats since content is the same!
[17:07:56.006] [trace] [t:96] Calling InitCallbackList
[17:07:56.007] [trace] [t:96] Received completion queue callback
[17:07:56.007] [trace] [t:96] Handling async callback 
[17:07:56.007] [info] [t:96] SyncEngine: Fetching contention.txt
[17:07:56.009] [info] [t:96] [Fetch] Only fetch file stats since content is the same!
[17:07:56.009] [trace] [t:96] Calling InitCallbackList
[17:07:56.010] [trace] [t:96] Received completion queue callback
[17:07:56.010] [trace] [t:96] Handling async callback 
[17:07:56.010] [info] [t:96] SyncEngine: Fetching contention.txt
[17:07:56.010] [info] [t:96] [Fetch] Only fetch file stats since content is the same!
[17:07:56.010] [trace] [t:96] Calling InitCallbackList
[17:07:56.011] [trace] [t:96] Received completion queue callback
[17:07:56.011] [trace] [t:96] Handling async callback 
[17:07:56.011] [info] [t:96] SyncEngine: Fetching contention.txt
[17:07:56.013] [info] [t:96] [Fetch] Only fetch file stats since content is the same!
[17:07:56.013] [trace] [t:96] Calling InitCallbackList
[17:07:56.014] [trace] [t:96] Received completion queue callback
[17:07:56.014] [trace] [t:96] Handling async callback 
[17:07:56.014] [info] [t:96] SyncEngine: Fetching contention.txt
[17:07:56.015] [info] [t:96] [Fetch] Only fetch file stats since content is the same!
[17:07:56.015] [trace] [t:96] Calling InitCallbackList
[17:07:56.016] [trace] [t:96] Received completion queue callback
[17:07:56.016] [trace] [t:96] Handling async callback 
[17:07:56.016] [info] [t:96] SyncEngine: Fetching contention.txt
[17:07:56.017] [info] [t:96] [Fetch] Only fetch file stats since content is the same!
[17:07:56.017] [trace] [t:96] Calling InitCallbackList
[17:07:56.018] [trace] [t:96] Received completion queue callback
[17:07:56.018] [trace] [t:96] Handling async callback 
[17:07:56.018] [info] [t:96] SyncEngine: Fetching contention.txt
[17:07:56.020] [info] [t:96] [Fetch] Only fetch file stats since content is the same!
[17:07:56.020] [trace] [t:96] Calling InitCallbackList
[17:07:56.021] [trace] [t:96] Received completion queue callback
[17:07:56.021] [trace] [t:96] Handling async callback 
[17:07:56.021] [info] [t:96] SyncEngine: Fetching contention.txt
[17:07:56.021] [info] [t:96] [Fetch] Only fetch file stats since content is the same!
[17:07:56.022] [trace] [t:96] Calling InitCallbackList
[17:07:56.023] [trace] [t:96] Received completion queue callback
[17:07:56.023] [trace] [t:96] Handling async callback 
[17:07:56.023] [info] [t:96] SyncEngine: Fetching contention.txt
[17:07:56.025] [info] [t:96] [Fetch] Only fetch file stats since content is the same!
[17:07:56.025] [trace] [t:96] Calling InitCallbackList
[17:07:56.025] [trace] [t:96] Received completion queue callback
[17:07:56.026] [trace] [t:96] Handling async callback 
[17:07:56.026] [info] [t:96] SyncEngine: Fetching contention.txt
[17:07:56.027] [info] [t:96] [Fetch] Only fetch file stats since content is the same!
[17:07:56.027] [trace] [t:96] Calling InitCallbackList
[17:07:56.028] [trace] [t:96] Received completion queue callback
[17:07:56.028] [trace] [t:96] Handling async callback 
[17:07:56.028] [info] [t:96] SyncEngine: Fetching contention.txt
[17:07:56.030] [info] [t:96] [Fetch] Only fetch file stats since content is the same!
[17:07:56.030] [trace] [t:96] Calling InitCallbackList
[17:07:56.030] [trace] [t:96] Received completion queue callback
[17:07:56.030] [trace] [t:96] Handling async callback 
[17:07:56.031] [info] [t:96] SyncEngine: Fetching contention.txt
[17:07:56.032] [info] [t:96] [Fetch] Only fetch file stats since content is the same!
[17:07:56.032] [trace] [t:96] Calling InitCallbackList
[17:07:56.034] [trace] [t:96] Received completion queue callback
[17:07:56.034] [trace] [t:96] Handling async callback 
[17:07:56.034] [info] [t:96] SyncEngine: Fetching contention.txt
[17:07:56.034] [info] [t:96] [Fetch] Only fetch file stats since content is the same!
[17:07:56.035] [trace] [t:96] Calling InitCallbackList
[17:07:56.036] [trace] [t:96] Received completion queue callback
[17:07:56.036] [trace] [t:96] Handling async callback 
[17:07:56.036] [info] [t:96] SyncEngine: Fetching contention.txt
[17:07:56.037] [info] [t:96] [Fetch] Only fetch file stats since content is the same!
[17:07:56.037] [trace] [t:96] Calling InitCallbackList
[17:07:56.038] [trace] [t:96] Received completion queue callback
[17:07:56.038] [trace] [t:96] Handling async callback 
[17:07:56.038] [info] [t:96] SyncEngine: Fetching contention.txt
[17:07:56.039] [info] [t:96] [Fetch] Only fetch file stats since content is the same!
[17:07:56.039] [trace] [t:96] Calling InitCallbackList
[17:07:56.040] [trace] [t:96] Received completion queue callback
[17:07:56.040] [trace] [t:96] Handling async callback 
[17:07:56.040] [info] [t:96] SyncEngine: Fetching contention.txt
[17:07:56.041] [info] [t:96] [Fetch] Only fetch file stats since content is the same!
[17:07:56.041] [trace] [t:96] Calling InitCallbackList
[17:07:56.042] [trace] [t:96] Received completion queue callback
[17:07:56.042] [trace] [t:96] Handling async callback 
[17:07:56.042] [info] [t:96] SyncEngine: Fetching contention.txt
[17:07:56.044] [info] [t:96] [Fetch] Only fetch file stats since content is the same!
[17:07:56.044] [trace] [t:96] Calling InitCallbackList
[17:07:56.045] [trace] [t:96] Received completion queue callback
[17:07:56.045] [trace] [t:96] Handling async callback 
[17:07:56.045] [info] [t:96] SyncEngine: Fetching contention.txt
[17:07:56.046] [info] [t:96] [Fetch] Only fetch file stats since content is the same!
[17:07:56.046] [trace] [t:96] Calling InitCallbackList
[17:07:56.047] [trace] [t:96] Received completion queue callback
[17:07:56.047] [trace] [t:96] Handling async callback 
[17:07:56.047] [info] [t:96] SyncEngine: Fetching contention.txt
[17:07:56.048] [info] [t:96] [Fetch] Only fetch file stats since content is the same!
[17:07:56.048] [trace] [t:96] Calling InitCallbackList
[17:07:56.049] [trace] [t:96] Received completion queue callback
[17:07:56.049] [trace] [t:96] Handling async callback 
[17:07:56.049] [info] [t:96] SyncEngine: Fetching contention.txt
[17:07:56.050] [info] [t:96] [Fetch] Only fetch file stats since content is the same!
[17:07:56.050] [trace] [t:96] Calling InitCallbackList
[17:07:56.051] [trace] [t:96] Received completion queue callback
[17:07:56.051] [trace] [t:96] Handling async callback 
[17:07:56.051] [info] [t:96] SyncEngine: Fetching contention.txt
[17:07:56.053] [info] [t:96] [Fetch] Only fetch file stats since content is the same!
[17:07:56.053] [trace] [t:96] Calling InitCallbackList
[17:07:56.054] [trace] [t:96] Received completion queue callback
[17:07:56.054] [trace] [t:96] Handling async callback 
[17:07:56.054] [info] [t:96] SyncEngine: Fetching contention.txt
[17:07:56.055] [info] [t:96] [Fetch] Only fetch file stats since content is the same!
[17:07:56.055] [trace] [t:96] Calling InitCallbackList
[17:07:56.056] [trace] [t:96] Received completion queue callback
[17:07:56.056] [trace] [t:96] Handling async callback 
[17:07:56.056] [info] [t:96] SyncEngine: Fetching contention.txt
[17:07:56.057] [info] [t:96] [Fetch] Only fetch file stats since content is the same!
[17:07:56.057] [trace] [t:96] Calling InitCallbackList
[17:07:56.058] [trace] [t:96] Received completion queue callback
[17:07:56.058] [trace] [t:96] Handling async callback 
[17:07:56.058] [info] [t:96] SyncEngine: Fetching contention.txt
[17:07:56.059] [info] [t:96] [Fetch] Only fetch file stats since content is the same!
[17:07:56.059] [trace] [t:96] Calling InitCallbackList
[17:07:56.060] [trace] [t:96] Received completion queue callback
[17:07:56.060] [trace] [t:96] Handling async callback 
[17:07:56.061] [info] [t:96] SyncEngine: Fetching contention.txt
[17:07:56.061] [info] [t:96] [Fetch] Only fetch file stats since content is the same!
[17:07:56.061] [trace] [t:96] Calling InitCallbackList
[17:07:56.063] [trace] [t:96] Received completion queue callback
[17:07:56.063] [trace] [t:96] Handling async callback 
[17:07:56.063] [info] [t:96] SyncEngine: Fetching contention.txt
[17:07:56.064] [info] [t:96] [Fetch] Only fetch file stats since content is the same!
[17:07:56.064] [trace] [t:96] Calling InitCallbackList
[17:07:56.065] [trace] [t:96] Received completion queue callback
[17:07:56.065] [trace] [t:96] Handling async callback 
[17:07:56.065] [info] [t:96] SyncEngine: Fetching contention.txt
[17:07:56.066] [info] [t:96] [Fetch] Only fetch file stats since content is the same!
[17:07:56.066] [trace] [t:96] Calling InitCallbackList
[17:07:56.068] [trace] [t:96] Received completion queue callback
[17:07:56.068] [trace] [t:96] Handling async callback 
[17:07:56.068] [info] [t:96] SyncEngine: Fetching contention.txt
[17:07:56.069] [info] [t:96] [Fetch] Only fetch file stats since content is the same!
[17:07:56.069] [trace] [t:96] Calling InitCallbackList
[17:07:56.070] [trace] [t:96] Received completion queue callback
[17:07:56.070] [trace] [t:96] Handling async callback 
[17:07:56.071] [info] [t:96] SyncEngine: Fetching contention.txt
[17:07:56.072] [info] [t:96] [Fetch] Only fetch file stats since content is the same!
[17:07:56.072] [trace] [t:96] Calling InitCallbackList
[17:07:56.073] [trace] [t:96] Received completion queue callback
[17:07:56.073] [trace] [t:96] Handling async callback 
[17:07:56.073] [info] [t:96] SyncEngine: Fetching contention.txt
[17:07:56.075] [info] [t:96] [Fetch] Only fetch file stats since content is the same!
[17:07:56.075] [trace] [t:96] Calling InitCallbackList
[17:07:56.076] [trace] [t:96] Received completion queue callback
[17:07:56.076] [trace] [t:96] Handling async callback 
[17:07:56.076] [info] [t:96] SyncEngine: Fetching contention.txt
[17:07:56.077] [info] [t:96] [Fetch] Only fetch file stats since content is the same!
[17:07:56.077] [trace] [t:96] Calling InitCallbackList
[17:07:56.078] [trace] [t:96] Received completion queue callback
[17:07:56.078] [trace] [t:96] Handling async callback 
[17:07:56.078] [info] [t:96] SyncEngine: Fetching contention.txt
[17:07:56.079] [info] [t:96] [Fetch] Only fetch file stats since content is the same!
[17:07:56.079] [trace] [t:96] Calling InitCallbackList
[17:07:56.081] [trace] [t:96] Received completion queue callback
[17:07:56.081] [trace] [t:96] Handling async callback 
[17:07:56.081] [info] [t:96] SyncEngine: Fetching contention.txt
[17:07:56.082] [info] [t:96] [Fetch] Only fetch file stats since content is the same!
[17:07:56.082] [trace] [t:96] Calling InitCallbackList
[17:07:56.083] [trace] [t:96] Received completion queue callback
[17:07:56.083] [trace] [t:96] Handling async callback 
[17:07:56.083] [info] [t:96] SyncEngine: Fetching contention.txt
[17:07:56.084] [info] [t:96] [Fetch] Only fetch file stats since content is the same!
[17:07:56.084] [trace] [t:96] Calling InitCallbackList
[17:07:56.085] [trace] [t:96] Received completion queue callback
[17:07:56.085] [trace] [t:96] Handling async callback 
[17:07:56.085] [info] [t:96] SyncEngine: Fetching contention.txt
[17:07:56.086] [info] [t:96] [Fetch] Only fetch file stats since content is the same!
[17:07:56.086] [trace] [t:96] Calling InitCallbackList
[17:07:56.087] [trace] [t:96] Received completion queue callback
[17:07:56.087] [trace] [t:96] Handling async callback 
[17:07:56.087] [info] [t:96] SyncEngine: Fetching contention.txt
[17:07:56.088] [info] [t:96] [Fetch] Only fetch file stats since content is the same!
[17:07:56.088] [trace] [t:96] Calling InitCallbackList
[17:07:56.089] [trace] [t:96] Received completion queue callback
[17:07:56.089] [trace] [t:96] Handling async callback 
[17:07:56.089] [info] [t:96] SyncEngine: Fetching contention.txt
[17:07:56.090] [info] [t:96] [Fetch] Only fetch file stats since content is the same!
[17:07:56.090] [trace] [t:96] Calling InitCallbackList
[17:07:56.091] [trace] [t:96] Received completion queue callback
[17:07:56.091] [trace] [t:96] Handling async callback 
[17:07:56.091] [info] [t:96] SyncEngine: Fetching contention.txt
[17:07:56.092] [info] [t:96] [Fetch] Only fetch file stats since content is the same!
[17:07:56.092] [trace] [t:96] Calling InitCallbackList
[17:07:56.093] [trace] [t:96] Received completion queue callback
[17:07:56.093] [trace] [t:96] Handling async callback 
[17:07:56.093] [info] [t:96] SyncEngine: Fetching contention.txt
[17:07:56.095] [info] [t:96] [Fetch] Only fetch file stats since content is the same!
[17:07:56.095] [trace] [t:96] Calling InitCallbackList
[17:07:56.096] [trace] [t:96] Received completion queue callback
[17:07:56.096] [trace] [t:96] Handling async callback 
[17:07:56.096] [info] [t:96] SyncEngine: Fetching contention.txt
[17:07:56.097] [info] [t:96] [Fetch] Only fetch file stats since content is the same!
[17:07:56.097] [trace] [t:96] Calling InitCallbackList
[17:07:56.098] [trace] [t:96] Received completion queue callback
[17:07:56.098] [trace] [t:96] Handling async callback 
[17:07:56.098] [info] [t:96] SyncEngine: Fetching contention.txt
[17:07:56.099] [info] [t:96] [Fetch] Only fetch file stats since content is the same!
[17:07:56.099] [trace] [t:96] Calling InitCallbackList
[17:07:56.100] [trace] [t:96] Received completion queue callback
[17:07:56.100] [trace] [t:96] Handling async callback 
[17:07:56.100] [info] [t:96] SyncEngine: Fetching contention.txt
[17:07:56.101] [info] [t:96] [Fetch] Only fetch file stats since content is the same!
[17:07:56.101] [trace] [t:96] Calling InitCallbackList
[17:07:56.102] [trace] [t:96] Received completion queue callback
[17:07:56.102] [trace] [t:96] Handling async callback 
[17:07:56.102] [info] [t:96] SyncEngine: Fetching contention.txt
[17:07:56.104] [info] [t:96] [Fetch] Only fetch file stats since content is the same!
[17:07:56.104] [trace] [t:96] Calling InitCallbackList
[17:07:56.105] [trace] [t:96] Received completion queue callback
[17:07:56.105] [trace] [t:96] Handling async callback 
[17:07:56.106] [info] [t:96] SyncEngine: Fetching contention.txt
[17:07:56.107] [info] [t:96] [Fetch] Only fetch file stats since content is the same!
[17:07:56.107] [trace] [t:96] Calling InitCallbackList
[17:07:56.109] [trace] [t:96] Received completion queue callback
[17:07:56.109] [trace] [t:96] Handling async callback 
[17:07:56.109] [info] [t:96] SyncEngine: Fetching contention.txt
[17:07:56.110] [info] [t:96] [Fetch] Only fetch file stats since content is the same!
[17:07:56.110] [trace] [t:96] Calling InitCallbackList
[17:07:56.111] [trace] [t:96] Received completion queue callback
[17:07:56.111] [trace] [t:96] Handling async callback 
[17:07:56.111] [info] [t:96] SyncEngine: Fetching contention.txt
[17:07:56.113] [info] [t:96] [Fetch] Only fetch file stats since content is the same!
[17:07:56.113] [trace] [t:96] Calling InitCallbackList
[17:07:56.114] [trace] [t:96] Received completion queue callback
[17:07:56.114] [trace] [t:96] Handling async callback 
[17:07:56.114] [info] [t:96] SyncEngine: Fetching contention.txt
[17:07:56.116] [info] [t:96] [Fetch] Only fetch file stats since content is the same!
[17:07:56.116] [trace] [t:96] Calling InitCallbackList
[17:07:56.117] [trace] [t:96] Received completion queue callback
[17:07:56.117] [trace] [t:96] Handling async callback 
[17:07:56.117] [info] [t:96] SyncEngine: Fetching contention.txt
[17:07:56.118] [info] [t:96] [Fetch] Only fetch file stats since content is the same!
[17:07:56.119] [trace] [t:96] Calling InitCallbackList
[17:07:56.120] [trace] [t:96] Received completion queue callback
[17:07:56.120] [trace] [t:96] Handling async callback 
[17:07:56.120] [info] [t:96] SyncEngine: Fetching contention.txt
[17:07:56.121] [info] [t:96] [Fetch] Only fetch file stats since content is the same!
[17:07:56.121] [trace] [t:96] Calling InitCallbackList
[17:07:56.123] [trace] [t:96] Received completion queue callback
[17:07:56.123] [trace] [t:96] Handling async callback 
[17:07:56.123] [info] [t:96] SyncEngine: Fetching contention.txt
[17:07:56.125] [info] [t:96] [Fetch] Only fetch file stats since content is the same!
[17:07:56.125] [trace] [t:96] Calling InitCallbackList
[17:07:56.126] [trace] [t:96] Received completion queue callback
[17:07:56.126] [trace] [t:96] Handling async callback 
[17:07:56.126] [info] [t:96] SyncEngine: Fetching contention.txt
[17:07:56.127] [info] [t:96] [Fetch] Only fetch file stats since content is the same!
[17:07:56.127] [trace] [t:96] Calling InitCallbackList
[17:07:56.128] [trace] [t:96] Received completion queue callback
[17:07:56.128] [trace] [t:96] Handling async callback 
[17:07:56.128] [info] [t:96] SyncEngine: Fetching contention.txt
[17:07:56.129] [info] [t:96] [Fetch] Only fetch file stats since content is the same!
[17:07:56.129] [trace] [t:96] Calling InitCallbackList
[17:07:56.130] [trace] [t:96] Received completion queue callback
[17:07:56.130] [trace] [t:96] Handling async callback 
[17:07:56.131] [info] [t:96] SyncEngine: Fetching contention.txt
[17:07:56.133] [info] [t:96] [Fetch] Only fetch file stats since content is the same!
[17:07:56.133] [trace] [t:96] Calling InitCallbackList
[17:07:56.135] [trace] [t:96] Received completion queue callback
[17:07:56.135] [trace] [t:96] Handling async callback 
[17:07:56.135] [info] [t:96] SyncEngine: Fetching contention.txt
[17:07:56.136] [info] [t:96] [Fetch] Only fetch file stats since content is the same!
[17:07:56.136] [trace] [t:96] Calling InitCallbackList
[17:07:56.139] [trace] [t:96] Received completion queue callback
[17:07:56.139] [trace] [t:96] Handling async callback 
[17:07:56.139] [info] [t:96] SyncEngine: Fetching contention.txt
[17:07:56.140] [info] [t:96] [Fetch] Only fetch file stats since content is the same!
[17:07:56.140] [trace] [t:96] Calling InitCallbackList
[17:07:56.141] [trace] [t:96] Received completion queue callback
[17:07:56.141] [trace] [t:96] Handling async callback 
[17:07:56.141] [info] [t:96] SyncEngine: Fetching contention.txt
[17:07:56.142] [info] [t:96] [Fetch] Only fetch file stats since content is the same!
[17:07:56.142] [trace] [t:96] Calling InitCallbackList
[17:07:56.143] [trace] [t:96] Received completion queue callback
[17:07:56.143] [trace] [t:96] Handling async callback 
[17:07:56.143] [info] [t:96] SyncEngine: Fetching contention.txt
[17:07:56.144] [info] [t:96] [Fetch] Only fetch file stats since content is the same!
[17:07:56.144] [trace] [t:96] Calling InitCallbackList
[17:07:56.145] [trace] [t:96] Received completion queue callback
[17:07:56.145] [trace] [t:96] Handling async callback 
[17:07:56.146] [info] [t:96] SyncEngine: Fetching contention.txt
[17:07:56.147] [info] [t:96] [Fetch] Only fetch file stats since content is the same!
[17:07:56.147] [trace] [t:96] Calling InitCallbackList
[17:07:56.148] [trace] [t:96] Received completion queue callback
[17:07:56.148] [trace] [t:96] Handling async callback 
[17:07:56.148] [info] [t:96] SyncEngine: Fetching contention.txt
[17:07:56.149] [info] [t:96] [Fetch] Only fetch file stats since content is the same!
[17:07:56.149] [trace] [t:96] Calling InitCallbackList
[17:07:56.150] [trace] [t:96] Received completion queue callback
[17:07:56.150] [trace] [t:96] Handling async callback 
[17:07:56.150] [info] [t:96] SyncEngine: Fetching contention.txt
[17:07:56.152] [info] [t:96] [Fetch] Only fetch file stats since content is the same!
[17:07:56.152] [trace] [t:96] Calling InitCallbackList
[17:07:56.153] [trace] [t:96] Received completion queue callback
[17:07:56.153] [trace] [t:96] Handling async callback 
[17:07:56.153] [info] [t:96] SyncEngine: Fetching contention.txt
[17:07:56.155] [info] [t:96] [Fetch] Only fetch file stats since content is the same!
[17:07:56.155] [trace] [t:96] Calling InitCallbackList
[17:07:56.156] [trace] [t:96] Received completion queue callback
[17:07:56.156] [trace] [t:96] Handling async callback 
[17:07:56.156] [info] [t:96] SyncEngine: Fetching contention.txt
[17:07:56.158] [info] [t:96] [Fetch] Only fetch file stats since content is the same!
[17:07:56.158] [trace] [t:96] Calling InitCallbackList
[17:07:56.159] [trace] [t:96] Received completion queue callback
[17:07:56.159] [trace] [t:96] Handling async callback 
[17:07:56.159] [info] [t:96] SyncEngine: Fetching contention.txt
[17:07:56.160] [info] [t:96] [Fetch] Only fetch file stats since content is the same!
[17:07:56.160] [trace] [t:96] Calling InitCallbackList
[17:07:56.161] [trace] [t:96] Received completion queue callback
[17:07:56.161] [trace] [t:96] Handling async callback 
[17:07:56.161] [info] [t:96] SyncEngine: Fetching contention.txt
[17:07:56.164] [info] [t:96] [Fetch] Only fetch file stats since content is the same!
[17:07:56.164] [trace] [t:96] Calling InitCallbackList
[17:07:56.166] [trace] [t:96] Received completion queue callback
[17:07:56.166] [trace] [t:96] Handling async callback 
[17:07:56.166] [info] [t:96] SyncEngine: Fetching contention.txt
[17:07:56.168] [info] [t:96] [Fetch] Only fetch file stats since content is the same!
[17:07:56.168] [trace] [t:96] Calling InitCallbackList
[17:07:56.169] [trace] [t:96] Received completion queue callback
[17:07:56.169] [trace] [t:96] Handling async callback 
[17:07:56.169] [info] [t:96] SyncEngine: Fetching contention.txt
[17:07:56.175] [info] [t:96] [Fetch] Only fetch file stats since content is the same!
[17:07:56.175] [trace] [t:96] Calling InitCallbackList
[17:07:56.177] [trace] [t:96] Received completion queue callback
[17:07:56.177] [trace] [t:96] Handling async callback 
[17:07:56.177] [info] [t:96] SyncEngine: Fetching contention.txt
[17:07:56.178] [info] [t:96] [Fetch] Only fetch file stats since content is the same!
[17:07:56.178] [trace] [t:96] Calling InitCallbackList
[17:07:56.179] [trace] [t:96] Received completion queue callback
[17:07:56.179] [trace] [t:96] Handling async callback 
[17:07:56.180] [info] [t:96] SyncEngine: Fetching contention.txt
[17:07:56.181] [info] [t:96] [Fetch] Only fetch file stats since content is the same!
[17:07:56.181] [trace] [t:96] Calling InitCallbackList
[17:07:56.181] [trace] [t:96] Received completion queue callback
[17:07:56.182] [trace] [t:96] Handling async callback 
[17:07:56.182] [info] [t:96] SyncEngine: Fetching contention.txt
[17:07:56.183] [info] [t:96] [Fetch] Only fetch file stats since content is the same!
[17:07:56.183] [trace] [t:96] Calling InitCallbackList
[17:07:56.184] [trace] [t:96] Received completion queue callback
[17:07:56.184] [trace] [t:96] Handling async callback 
[17:07:56.184] [info] [t:96] SyncEngine: Fetching contention.txt
[17:07:56.185] [info] [t:96] [Fetch] Only fetch file stats since content is the same!
[17:07:56.186] [trace] [t:96] Calling InitCallbackList
[17:07:56.187] [trace] [t:96] Received completion queue callback
[17:07:56.187] [trace] [t:96] Handling async callback 
[17:07:56.187] [info] [t:96] SyncEngine: Fetching contention.txt
[17:07:56.188] [info] [t:96] [Fetch] Only fetch file stats since content is the same!
[17:07:56.188] [trace] [t:96] Calling InitCallbackList
[17:07:56.189] [trace] [t:96] Received completion queue callback
[17:07:56.189] [trace] [t:96] Handling async callback 
[17:07:56.189] [info] [t:96] SyncEngine: Fetching contention.txt
[17:07:56.190] [info] [t:96] [Fetch] Only fetch file stats since content is the same!
[17:07:56.190] [trace] [t:96] Calling InitCallbackList
[17:07:56.191] [trace] [t:96] Received completion queue callback
[17:07:56.191] [trace] [t:96] Handling async callback 
[17:07:56.191] [info] [t:96] SyncEngine: Fetching contention.txt
[17:07:56.192] [info] [t:96] [Fetch] Only fetch file stats since content is the same!
[17:07:56.193] [trace] [t:96] Calling InitCallbackList
[17:07:56.194] [trace] [t:96] Received completion queue callback
[17:07:56.194] [trace] [t:96] Handling async callback 
[17:07:56.194] [info] [t:96] SyncEngine: Fetching contention.txt
[17:07:56.196] [info] [t:96] [Fetch] Only fetch file stats since content is the same!
[17:07:56.196] [trace] [t:96] Calling InitCallbackList
[17:07:56.197] [trace] [t:96] Received completion queue callback
[17:07:56.197] [trace] [t:96] Handling async callback 
[17:07:56.197] [info] [t:96] SyncEngine: Fetching contention.txt
[17:07:56.198] [info] [t:96] [Fetch] Only fetch file stats since content is the same!
[17:07:56.198] [trace] [t:96] Calling InitCallbackList
[17:07:56.199] [trace] [t:96] Received completion queue callback
[17:07:56.199] [trace] [t:96] Handling async callback 
[17:07:56.199] [info] [t:96] SyncEngine: Fetching contention.txt
[17:07:56.200] [info] [t:96] [Fetch] Only fetch file stats since content is the same!
[17:07:56.200] [trace] [t:96] Calling InitCallbackList
[17:07:56.202] [trace] [t:96] Received completion queue callback
[17:07:56.202] [trace] [t:96] Handling async callback 
[17:07:56.202] [info] [t:96] SyncEngine: Fetching contention.txt
[17:07:56.203] [info] [t:96] [Fetch] Only fetch file stats since content is the same!
[17:07:56.203] [trace] [t:96] Calling InitCallbackList
[17:07:56.204] [trace] [t:96] Received completion queue callback
[17:07:56.204] [trace] [t:96] Handling async callback 
[17:07:56.204] [info] [t:96] SyncEngine: Fetching contention.txt
[17:07:56.205] [info] [t:96] [Fetch] Only fetch file stats since content is the same!
[17:07:56.205] [trace] [t:96] Calling InitCallbackList
[17:07:56.206] [trace] [t:96] Received completion queue callback
[17:07:56.206] [trace] [t:96] Handling async callback 
[17:07:56.206] [info] [t:96] SyncEngine: Fetching contention.txt
[17:07:56.208] [info] [t:96] [Fetch] Only fetch file stats since content is the same!
[17:07:56.208] [trace] [t:96] Calling InitCallbackList
[17:07:56.210] [trace] [t:96] Received completion queue callback
[17:07:56.210] [trace] [t:96] Handling async callback 
[17:07:56.210] [info] [t:96] SyncEngine: Fetching contention.txt
[17:07:56.212] [info] [t:96] [Fetch] Only fetch file stats since content is the same!
[17:07:56.212] [trace] [t:96] Calling InitCallbackList
[17:07:56.213] [trace] [t:96] Received completion queue callback
[17:07:56.213] [trace] [t:96] Handling async callback 
[17:07:56.213] [info] [t:96] SyncEngine: Fetching contention.txt
[17:07:56.215] [info] [t:96] [Fetch] Only fetch file stats since content is the same!
[17:07:56.215] [trace] [t:96] Calling InitCallbackList
[17:07:56.216] [trace] [t:96] Received completion queue callback
[17:07:56.216] [trace] [t:96] Handling async callback 
[17:07:56.216] [info] [t:96] SyncEngine: Fetching contention.txt
[17:07:56.218] [info] [t:96] [Fetch] Only fetch file stats since content is the same!
[17:07:56.218] [trace] [t:96] Calling InitCallbackList
[17:07:56.219] [trace] [t:96] Received completion queue callback
[17:07:56.219] [trace] [t:96] Handling async callback 
[17:07:56.219] [info] [t:96] SyncEngine: Fetching contention.txt
[17:07:56.220] [info] [t:96] [Fetch] Only fetch file stats since content is the same!
[17:07:56.220] [trace] [t:96] Calling InitCallbackList
[17:07:56.221] [trace] [t:96] Received completion queue callback
[17:07:56.221] [trace] [t:96] Handling async callback 
[17:07:56.221] [info] [t:96] SyncEngine: Fetching contention.txt
[17:07:56.222] [info] [t:96] [Fetch] Only fetch file stats since content is the same!
[17:07:56.223] [trace] [t:96] Calling InitCallbackList
[17:07:56.223] [trace] [t:96] Received completion queue callback
[17:07:56.223] [trace] [t:96] Handling async callback 
[17:07:56.224] [info] [t:96] SyncEngine: Fetching contention.txt
[17:07:56.225] [info] [t:96] [Fetch] Only fetch file stats since content is the same!
[17:07:56.225] [trace] [t:96] Calling InitCallbackList
[17:07:56.226] [trace] [t:96] Received completion queue callback
[17:07:56.226] [trace] [t:96] Handling async callback 
[17:07:56.226] [info] [t:96] SyncEngine: Fetching contention.txt
[17:07:56.226] [info] [t:96] [Fetch] Only fetch file stats since content is the same!
[17:07:56.227] [trace] [t:96] Calling InitCallbackList
[17:07:56.227] [trace] [t:96] Received completion queue callback
[17:07:56.227] [trace] [t:96] Handling async callback 
[17:07:56.227] [info] [t:96] SyncEngine: Fetching contention.txt
[17:07:56.229] [info] [t:96] [Fetch] Only fetch file stats since content is the same!
[17:07:56.229] [trace] [t:96] Calling InitCallbackList
[17:07:56.229] [trace] [t:96] Received completion queue callback
[17:07:56.230] [trace] [t:96] Handling async callback 
[17:07:56.230] [info] [t:96] SyncEngine: Fetching contention.txt
[17:07:56.230] [info] [t:96] [Fetch] Only fetch file stats since content is the same!
[17:07:56.230] [trace] [t:96] Calling InitCallbackList
[17:07:56.232] [trace] [t:96] Received completion queue callback
[17:07:56.232] [trace] [t:96] Handling async callback 
[17:07:56.232] [info] [t:96] SyncEngine: Fetching contention.txt
[17:07:56.233] [info] [t:96] [Fetch] Only fetch file stats since content is the same!
[17:07:56.233] [trace] [t:96] Calling InitCallbackList
[17:07:56.234] [trace] [t:96] Received completion queue callback
[17:07:56.234] [trace] [t:96] Handling async callback 
[17:07:56.234] [info] [t:96] SyncEngine: Fetching contention.txt
[17:07:56.235] [info] [t:96] [Fetch] Only fetch file stats since content is the same!
[17:07:56.235] [trace] [t:96] Calling InitCallbackList
[17:07:56.237] [trace] [t:96] Received completion queue callback
[17:07:56.237] [trace] [t:96] Handling async callback 
[17:07:56.237] [info] [t:96] SyncEngine: Fetching contention.txt
[17:07:56.238] [info] [t:96] [Fetch] Only fetch file stats since content is the same!
[17:07:56.238] [trace] [t:96] Calling InitCallbackList
[17:07:56.238] [trace] [t:96] Received completion queue callback
[17:07:56.238] [trace] [t:96] Handling async callback 
[17:07:56.238] [info] [t:96] SyncEngine: Fetching contention.txt
[17:07:56.240] [info] [t:96] [Fetch] Only fetch file stats since content is the same!
[17:07:56.240] [trace] [t:96] Calling InitCallbackList
[17:07:56.241] [trace] [t:96] Received completion queue callback
[17:07:56.241] [trace] [t:96] Handling async callback 
[17:07:56.241] [info] [t:96] SyncEngine: Fetching contention.txt
[17:07:56.243] [info] [t:96] [Fetch] Only fetch file stats since content is the same!
[17:07:56.243] [trace] [t:96] Calling InitCallbackList
[17:07:56.243] [trace] [t:96] Received completion queue callback
[17:07:56.243] [trace] [t:96] Handling async callback 
[17:07:56.244] [info] [t:96] SyncEngine: Fetching contention.txt
[17:07:56.245] [info] [t:96] [Fetch] Only fetch file stats since content is the same!
[17:07:56.245] [trace] [t:96] Calling InitCallbackList
[17:07:56.246] [trace] [t:96] Received completion queue callback
[17:07:56.246] [trace] [t:96] Handling async callback 
[17:07:56.246] [info] [t:96] SyncEngine: Fetching contention.txt
[17:07:56.247] [info] [t:96] [Fetch] Only fetch file stats since content is the same!
[17:07:56.247] [trace] [t:96] Calling InitCallbackList
[17:07:56.248] [trace] [t:96] Received completion queue callback
[17:07:56.248] [trace] [t:96] Handling async callback 
[17:07:56.248] [info] [t:96] SyncEngine: Fetching contention.txt
[17:07:56.249] [info] [t:96] [Fetch] Only fetch file stats since content is the same!
[17:07:56.249] [trace] [t:96] Calling InitCallbackList
[17:07:56.250] [trace] [t:96] Received completion queue callback
[17:07:56.250] [trace] [t:96] Handling async callback 
[17:07:56.250] [info] [t:96] SyncEngine: Fetching contention.txt
[17:07:56.252] [info] [t:96] [Fetch] Only fetch file stats since content is the same!
[17:07:56.252] [trace] [t:96] Calling InitCallbackList
[17:07:56.253] [trace] [t:96] Received completion queue callback
[17:07:56.253] [trace] [t:96] Handling async callback 
[17:07:56.253] [info] [t:96] SyncEngine: Fetching contention.txt
[17:07:56.254] [info] [t:96] [Fetch] Only fetch file stats since content is the same!
[17:07:56.254] [trace] [t:96] Calling InitCallbackList
[17:07:56.255] [trace] [t:96] Received completion queue callback
[17:07:56.255] [trace] [t:96] Handling async callback 
[17:07:56.255] [info] [t:96] SyncEngine: Fetching contention.txt
[17:07:56.256] [info] [t:96] [Fetch] Only fetch file stats since content is the same!
[17:07:56.256] [trace] [t:96] Calling InitCallbackList
[17:07:56.257] [trace] [t:96] Received completion queue callback
[17:07:56.257] [trace] [t:96] Handling async callback 
[17:07:56.257] [info] [t:96] SyncEngine: Fetching contention.txt
[17:07:56.258] [info] [t:96] [Fetch] Only fetch file stats since content is the same!
[17:07:56.258] [trace] [t:96] Calling InitCallbackList
[17:07:56.259] [trace] [t:96] Received completion queue callback
[17:07:56.259] [trace] [t:96] Handling async callback 
[17:07:56.260] [info] [t:96] SyncEngine: Fetching contention.txt
[17:07:56.261] [info] [t:96] [Fetch] Only fetch file stats since content is the same!
[17:07:56.261] [trace] [t:96] Calling InitCallbackList
[17:07:56.262] [trace] [t:96] Received completion queue callback
[17:07:56.262] [trace] [t:96] Handling async callback 
[17:07:56.262] [info] [t:96] SyncEngine: Fetching contention.txt
[17:07:56.263] [info] [t:96] [Fetch] Only fetch file stats since content is the same!
[17:07:56.263] [trace] [t:96] Calling InitCallbackList
[17:07:56.264] [trace] [t:96] Received completion queue callback
[17:07:56.264] [trace] [t:96] Handling async callback 
[17:07:56.264] [info] [t:96] SyncEngine: Fetching contention.txt
[17:07:56.266] [info] [t:96] [Fetch] Only fetch file stats since content is the same!
[17:07:56.266] [trace] [t:96] Calling InitCallbackList
[17:07:56.267] [trace] [t:96] Received completion queue callback
[17:07:56.267] [trace] [t:96] Handling async callback 
[17:07:56.267] [info] [t:96] SyncEngine: Fetching contention.txt
[17:07:56.268] [info] [t:96] [Fetch] Only fetch file stats since content is the same!
[17:07:56.268] [trace] [t:96] Calling InitCallbackList
[17:07:56.270] [trace] [t:96] Received completion queue callback
[17:07:56.270] [trace] [t:96] Handling async callback 
[17:07:56.270] [info] [t:96] SyncEngine: Fetching contention.txt
[17:07:56.271] [info] [t:96] [Fetch] Only fetch file stats since content is the same!
[17:07:56.271] [trace] [t:96] Calling InitCallbackList
[17:07:56.272] [trace] [t:96] Received completion queue callback
[17:07:56.272] [trace] [t:96] Handling async callback 
[17:07:56.272] [info] [t:96] SyncEngine: Fetching contention.txt
[17:07:56.273] [info] [t:96] [Fetch] Only fetch file stats since content is the same!
[17:07:56.273] [trace] [t:96] Calling InitCallbackList
[17:07:56.274] [trace] [t:96] Received completion queue callback
[17:07:56.274] [trace] [t:96] Handling async callback 
[17:07:56.274] [info] [t:96] SyncEngine: Fetching contention.txt
[17:07:56.275] [info] [t:96] [Fetch] Only fetch file stats since content is the same!
[17:07:56.275] [trace] [t:96] Calling InitCallbackList
[17:07:56.276] [trace] [t:96] Received completion queue callback
[17:07:56.276] [trace] [t:96] Handling async callback 
[17:07:56.276] [info] [t:96] SyncEngine: Fetching contention.txt
[17:07:56.277] [info] [t:96] [Fetch] Only fetch file stats since content is the same!
[17:07:56.277] [trace] [t:96] Calling InitCallbackList
[17:07:56.278] [trace] [t:96] Received completion queue callback
[17:07:56.278] [trace] [t:96] Handling async callback 
[17:07:56.278] [info] [t:96] SyncEngine: Fetching contention.txt
[17:07:56.280] [info] [t:96] [Fetch] Only fetch file stats since content is the same!
[17:07:56.280] [trace] [t:96] Calling InitCallbackList
[17:07:56.281] [trace] [t:96] Received completion queue callback
[17:07:56.281] [trace] [t:96] Handling async callback 
[17:07:56.281] [info] [t:96] SyncEngine: Fetching contention.txt
[17:07:56.282] [info] [t:96] [Fetch] Only fetch file stats since content is the same!
[17:07:56.282] [trace] [t:96] Calling InitCallbackList
[17:07:56.284] [trace] [t:96] Received completion queue callback
[17:07:56.284] [trace] [t:96] Handling async callback 
[17:07:56.284] [info] [t:96] SyncEngine: Fetching contention.txt
[17:07:56.285] [info] [t:96] [Fetch] Only fetch file stats since content is the same!
[17:07:56.285] [trace] [t:96] Calling InitCallbackList
[17:07:56.285] [trace] [t:96] Received completion queue callback
[17:07:56.285] [trace] [t:96] Handling async callback 
[17:07:56.286] [info] [t:96] SyncEngine: Fetching contention.txt
[17:07:56.287] [info] [t:96] [Fetch] Only fetch file stats since content is the same!
[17:07:56.287] [trace] [t:96] Calling InitCallbackList
[17:07:56.288] [trace] [t:96] Received completion queue callback
[17:07:56.288] [trace] [t:96] Handling async callback 
[17:07:56.288] [info] [t:96] SyncEngine: Fetching contention.txt
[17:07:56.289] [info] [t:96] [Fetch] Only fetch file stats since content is the same!
[17:07:56.289] [trace] [t:96] Calling InitCallbackList
[17:07:56.290] [trace] [t:96] Received completion queue callback
[17:07:56.290] [trace] [t:96] Handling async callback 
[17:07:56.290] [info] [t:96] SyncEngine: Fetching contention.txt
[17:07:56.291] [info] [t:96] [Fetch] Only fetch file stats since content is the same!
[17:07:56.291] [trace] [t:96] Calling InitCallbackList
[17:07:56.293] [trace] [t:96] Received completion queue callback
[17:07:56.293] [trace] [t:96] Handling async callback 
[17:07:56.293] [info] [t:96] SyncEngine: Fetching contention.txt
[17:07:56.294] [info] [t:96] [Fetch] Only fetch file stats since content is the same!
[17:07:56.294] [trace] [t:96] Calling InitCallbackList
[17:07:56.296] [trace] [t:96] Received completion queue callback
[17:07:56.296] [trace] [t:96] Handling async callback 
[17:07:56.296] [info] [t:96] SyncEngine: Fetching contention.txt
[17:07:56.298] [info] [t:96] [Fetch] Only fetch file stats since content is the same!
[17:07:56.298] [trace] [t:96] Calling InitCallbackList
[17:07:56.299] [trace] [t:96] Received completion queue callback
[17:07:56.299] [trace] [t:96] Handling async callback 
[17:07:56.299] [info] [t:96] SyncEngine: Fetching contention.txt
[17:07:56.300] [info] [t:96] [Fetch] Only fetch file stats since content is the same!
[17:07:56.300] [trace] [t:96] Calling InitCallbackList
[17:07:56.301] [trace] [t:96] Received completion queue callback
[17:07:56.301] [trace] [t:96] Handling async callback 
[17:07:56.302] [info] [t:96] SyncEngine: Fetching contention.txt
[17:07:56.303] [info] [t:96] [Fetch] Only fetch file stats since content is the same!
[17:07:56.303] [trace] [t:96] Calling InitCallbackList
[17:07:56.304] [trace] [t:96] Received completion queue callback
[17:07:56.304] [trace] [t:96] Handling async callback 
[17:07:56.304] [info] [t:96] SyncEngine: Fetching contention.txt
[17:07:56.305] [info] [t:96] [Fetch] Only fetch file stats since content is the same!
[17:07:56.305] [trace] [t:96] Calling InitCallbackList
[17:07:56.306] [trace] [t:96] Received completion queue callback
[17:07:56.306] [trace] [t:96] Handling async callback 
[17:07:56.306] [info] [t:96] SyncEngine: Fetching contention.txt
[17:07:56.307] [info] [t:96] [Fetch] Only fetch file stats since content is the same!
[17:07:56.307] [trace] [t:96] Calling InitCallbackList
[17:07:56.308] [trace] [t:96] Received completion queue callback
[17:07:56.308] [trace] [t:96] Handling async callback 
[17:07:56.308] [info] [t:96] SyncEngine: Fetching contention.txt
[17:07:56.310] [info] [t:96] [Fetch] Only fetch file stats since content is the same!
[17:07:56.310] [trace] [t:96] Calling InitCallbackList
[17:07:56.311] [trace] [t:96] Received completion queue callback
[17:07:56.311] [trace] [t:96] Handling async callback 
[17:07:56.311] [info] [t:96] SyncEngine: Fetching contention.txt
[17:07:56.312] [info] [t:96] [Fetch] Only fetch file stats since content is the same!
[17:07:56.312] [trace] [t:96] Calling InitCallbackList
[17:07:56.313] [trace] [t:96] Received completion queue callback
[17:07:56.313] [trace] [t:96] Handling async callback 
[17:07:56.313] [info] [t:96] SyncEngine: Fetching contention.txt
[17:07:56.314] [info] [t:96] [Fetch] Only fetch file stats since content is the same!
[17:07:56.314] [trace] [t:96] Calling InitCallbackList
[17:07:56.315] [trace] [t:96] Received completion queue callback
[17:07:56.315] [trace] [t:96] Handling async callback 
[17:07:56.315] [info] [t:96] SyncEngine: Fetching contention.txt
[17:07:56.316] [info] [t:96] [Fetch] Only fetch file stats since content is the same!
[17:07:56.316] [trace] [t:96] Calling InitCallbackList
[17:07:56.317] [trace] [t:96] Received completion queue callback
[17:07:56.317] [trace] [t:96] Handling async callback 
[17:07:56.317] [info] [t:96] SyncEngine: Fetching contention.txt
[17:07:56.319] [info] [t:96] [Fetch] Only fetch file stats since content is the same!
[17:07:56.319] [trace] [t:96] Calling InitCallbackList
[17:07:56.320] [trace] [t:96] Received completion queue callback
[17:07:56.320] [trace] [t:96] Handling async callback 
[17:07:56.320] [info] [t:96] SyncEngine: Fetching contention.txt
[17:07:56.321] [info] [t:96] [Fetch] Only fetch file stats since content is the same!
[17:07:56.322] [trace] [t:96] Calling InitCallbackList
[17:07:56.322] [trace] [t:96] Received completion queue callback
[17:07:56.323] [trace] [t:96] Handling async callback 
[17:07:56.323] [info] [t:96] SyncEngine: Fetching contention.txt
[17:07:56.324] [info] [t:96] [Fetch] Only fetch file stats since content is the same!
[17:07:56.324] [trace] [t:96] Calling InitCallbackList
[17:07:56.325] [trace] [t:96] Received completion queue callback
[17:07:56.325] [trace] [t:96] Handling async callback 
[17:07:56.325] [info] [t:96] SyncEngine: Fetching contention.txt
[17:07:56.327] [info] [t:96] [Fetch] Only fetch file stats since content is the same!
[17:07:56.327] [trace] [t:96] Calling InitCallbackList
[17:07:56.327] [trace] [t:96] Received completion queue callback
[17:07:56.327] [trace] [t:96] Handling async callback 
[17:07:56.327] [info] [t:96] SyncEngine: Fetching contention.txt
[17:07:56.328] [info] [t:96] [Fetch] Only fetch file stats since content is the same!
[17:07:56.329] [trace] [t:96] Calling InitCallbackList
[17:07:56.330] [trace] [t:96] Received completion queue callback
[17:07:56.330] [trace] [t:96] Handling async callback 
[17:07:56.330] [info] [t:96] SyncEngine: Fetching contention.txt
[17:07:56.332] [info] [t:96] [Fetch] Only fetch file stats since content is the same!
[17:07:56.332] [trace] [t:96] Calling InitCallbackList
[17:07:56.332] [trace] [t:96] Received completion queue callback
[17:07:56.332] [trace] [t:96] Handling async callback 
[17:07:56.332] [info] [t:96] SyncEngine: Fetching contention.txt
[17:07:56.334] [info] [t:96] [Fetch] Only fetch file stats since content is the same!
[17:07:56.334] [trace] [t:96] Calling InitCallbackList
[17:07:56.335] [trace] [t:96] Received completion queue callback
[17:07:56.335] [trace] [t:96] Handling async callback 
[17:07:56.335] [info] [t:96] SyncEngine: Fetching contention.txt
[17:07:56.336] [info] [t:96] [Fetch] Only fetch file stats since content is the same!
[17:07:56.336] [trace] [t:96] Calling InitCallbackList
[17:07:56.337] [trace] [t:96] Received completion queue callback
[17:07:56.337] [trace] [t:96] Handling async callback 
[17:07:56.337] [info] [t:96] SyncEngine: Fetching contention.txt
[17:07:56.338] [info] [t:96] [Fetch] Only fetch file stats since content is the same!
[17:07:56.338] [trace] [t:96] Calling InitCallbackList
[17:07:56.339] [trace] [t:96] Received completion queue callback
[17:07:56.339] [trace] [t:96] Handling async callback 
[17:07:56.340] [info] [t:96] SyncEngine: Fetching contention.txt
[17:07:56.341] [info] [t:96] [Fetch] Only fetch file stats since content is the same!
[17:07:56.341] [trace] [t:96] Calling InitCallbackList
[17:07:56.342] [trace] [t:96] Received completion queue callback
[17:07:56.342] [trace] [t:96] Handling async callback 
[17:07:56.342] [info] [t:96] SyncEngine: Fetching contention.txt
[17:07:56.344] [info] [t:96] [Fetch] Only fetch file stats since content is the same!
[17:07:56.344] [trace] [t:96] Calling InitCallbackList
[17:07:56.345] [trace] [t:96] Received completion queue callback
[17:07:56.345] [trace] [t:96] Handling async callback 
[17:07:56.345] [info] [t:96] SyncEngine: Fetching contention.txt
[17:07:56.347] [info] [t:96] [Fetch] Only fetch file stats since content is the same!
[17:07:56.347] [trace] [t:96] Calling InitCallbackList
[17:07:56.348] [trace] [t:96] Received completion queue callback
[17:07:56.348] [trace] [t:96] Handling async callback 
[17:07:56.348] [info] [t:96] SyncEngine: Fetching contention.txt
[17:07:56.349] [info] [t:96] [Fetch] Only fetch file stats since content is the same!
[17:07:56.349] [trace] [t:96] Calling InitCallbackList
[17:07:56.351] [trace] [t:96] Received completion queue callback
[17:07:56.351] [trace] [t:96] Handling async callback 
[17:07:56.351] [info] [t:96] SyncEngine: Fetching contention.txt
[17:07:56.352] [info] [t:96] [Fetch] Only fetch file stats since content is the same!
[17:07:56.352] [trace] [t:96] Calling InitCallbackList
[17:07:56.353] [trace] [t:96] Received completion queue callback
[17:07:56.353] [trace] [t:96] Handling async callback 
[17:07:56.354] [info] [t:96] SyncEngine: Fetching contention.txt
[17:07:56.355] [info] [t:96] [Fetch] Only fetch file stats since content is the same!
[17:07:56.355] [trace] [t:96] Calling InitCallbackList
[17:07:56.356] [trace] [t:96] Received completion queue callback
[17:07:56.356] [trace] [t:96] Handling async callback 
[17:07:56.356] [info] [t:96] SyncEngine: Fetching contention.txt
[17:07:56.357] [info] [t:96] [Fetch] Only fetch file stats since content is the same!
[17:07:56.357] [trace] [t:96] Calling InitCallbackList
[17:07:56.358] [trace] [t:96] Received completion queue callback
[17:07:56.358] [trace] [t:96] Handling async callback 
[17:07:56.358] [info] [t:96] SyncEngine: Fetching contention.txt
[17:07:56.358] [info] [t:96] [Fetch] Only fetch file stats since content is the same!
[17:07:56.359] [trace] [t:96] Calling InitCallbackList
[17:07:56.360] [trace] [t:96] Received completion queue callback
[17:07:56.360] [trace] [t:96] Handling async callback 
[17:07:56.360] [info] [t:96] SyncEngine: Fetching contention.txt
[17:07:56.361] [info] [t:96] [Fetch] Only fetch file stats since content is the same!
[17:07:56.362] [trace] [t:96] Calling InitCallbackList
[17:07:56.362] [trace] [t:96] Received completion queue callback
[17:07:56.362] [trace] [t:96] Handling async callback 
[17:07:56.363] [info] [t:96] SyncEngine: Fetching contention.txt
[17:07:56.364] [info] [t:96] [Fetch] Only fetch file stats since content is the same!
[17:07:56.364] [trace] [t:96] Calling InitCallbackList
[17:07:56.365] [trace] [t:96] Received completion queue callback
[17:07:56.365] [trace] [t:96] Handling async callback 
[17:07:56.365] [info] [t:96] SyncEngine: Fetching contention.txt
[17:07:56.366] [info] [t:96] [Fetch] Only fetch file stats since content is the same!
[17:07:56.367] [trace] [t:96] Calling InitCallbackList
[17:07:56.368] [trace] [t:96] Received completion queue callback
[17:07:56.368] [trace] [t:96] Handling async callback 
[17:07:56.368] [info] [t:96] SyncEngine: Fetching contention.txt
[17:07:56.369] [info] [t:96] [Fetch] Only fetch file stats since content is the same!
[17:07:56.369] [trace] [t:96] Calling InitCallbackList
[17:07:56.371] [trace] [t:96] Received completion queue callback
[17:07:56.371] [trace] [t:96] Handling async callback 
[17:07:56.371] [info] [t:96] SyncEngine: Fetching contention.txt
[17:07:56.372] [info] [t:96] [Fetch] Only fetch file stats since content is the same!
[17:07:56.372] [trace] [t:96] Calling InitCallbackList
[17:07:56.373] [trace] [t:96] Received completion queue callback
[17:07:56.373] [trace] [t:96] Handling async callback 
[17:07:56.373] [info] [t:96] SyncEngine: Fetching contention.txt
[17:07:56.374] [info] [t:96] [Fetch] Only fetch file stats since content is the same!
[17:07:56.374] [trace] [t:96] Calling InitCallbackList
[17:07:56.375] [trace] [t:96] Received completion queue callback
[17:07:56.375] [trace] [t:96] Handling async callback 
[17:07:56.375] [info] [t:96] SyncEngine: Fetching contention.txt
[17:07:56.377] [info] [t:96] [Fetch] Only fetch file stats since content is the same!
[17:07:56.377] [trace] [t:96] Calling InitCallbackList
[17:07:56.378] [trace] [t:96] Received completion queue callback
[17:07:56.378] [trace] [t:96] Handling async callback 
[17:07:56.378] [info] [t:96] SyncEngine: Fetching contention.txt
[17:07:56.379] [info] [t:96] [Fetch] Only fetch file stats since content is the same!
[17:07:56.379] [trace] [t:96] Calling InitCallbackList
[17:07:56.380] [trace] [t:96] Received completion queue callback
[17:07:56.380] [trace] [t:96] Handling async callback 
[17:07:56.380] [info] [t:96] SyncEngine: Fetching contention.txt
[17:07:56.382] [info] [t:96] [Fetch] Only fetch file stats since content is the same!
[17:07:56.382] [trace] [t:96] Calling InitCallbackList
[17:07:56.383] [trace] [t:96] Received completion queue callback
[17:07:56.383] [trace] [t:96] Handling async callback 
[17:07:56.383] [info] [t:96] SyncEngine: Fetching contention.txt
[17:07:56.384] [info] [t:96] [Fetch] Only fetch file stats since content is the same!
[17:07:56.384] [trace] [t:96] Calling InitCallbackList
[17:07:56.385] [trace] [t:96] Received completion queue callback
[17:07:56.385] [trace] [t:96] Handling async callback 
[17:07:56.385] [info] [t:96] SyncEngine: Fetching contention.txt
[17:07:56.386] [info] [t:96] [Fetch] Only fetch file stats since content is the same!
[17:07:56.386] [trace] [t:96] Calling InitCallbackList
[17:07:56.387] [trace] [t:96] Received completion queue callback
[17:07:56.387] [trace] [t:96] Handling async callback 
[17:07:56.387] [info] [t:96] SyncEngine: Fetching contention.txt
[17:07:56.388] [info] [t:96] [Fetch] Only fetch file stats since content is the same!
[17:07:56.388] [trace] [t:96] Calling InitCallbackList
[17:07:56.389] [trace] [t:96] Received completion queue callback
[17:07:56.390] [trace] [t:96] Handling async callback 
[17:07:56.390] [info] [t:96] SyncEngine: Fetching contention.txt
[17:07:56.391] [info] [t:96] [Fetch] Only fetch file stats since content is the same!
[17:07:56.391] [trace] [t:96] Calling InitCallbackList
[17:07:56.393] [trace] [t:96] Received completion queue callback
[17:07:56.393] [trace] [t:96] Handling async callback 
[17:07:56.393] [info] [t:96] SyncEngine: Fetching contention.txt
[17:07:56.394] [info] [t:96] [Fetch] Only fetch file stats since content is the same!
[17:07:56.394] [trace] [t:96] Calling InitCallbackList
[17:07:56.395] [trace] [t:96] Received completion queue callback
[17:07:56.395] [trace] [t:96] Handling async callback 
[17:07:56.395] [info] [t:96] SyncEngine: Fetching contention.txt
[17:07:56.396] [info] [t:96] [Fetch] Only fetch file stats since content is the same!
[17:07:56.396] [trace] [t:96] Calling InitCallbackList
[17:07:56.397] [trace] [t:96] Received completion queue callback
[17:07:56.397] [trace] [t:96] Handling async callback 
[17:07:56.397] [info] [t:96] SyncEngine: Fetching contention.txt
[17:07:56.399] [info] [t:96] [Fetch] Only fetch file stats since content is the same!
[17:07:56.399] [trace] [t:96] Calling InitCallbackList
[17:07:56.400] [trace] [t:96] Received completion queue callback
[17:07:56.400] [trace] [t:96] Handling async callback 
[17:07:56.400] [info] [t:96] SyncEngine: Fetching contention.txt
[17:07:56.402] [info] [t:96] [Fetch] Only fetch file stats since content is the same!
[17:07:56.402] [trace] [t:96] Calling InitCallbackList
[17:07:56.402] [trace] [t:96] Received completion queue callback
[17:07:56.402] [trace] [t:96] Handling async callback 
[17:07:56.402] [info] [t:96] SyncEngine: Fetching contention.txt
[17:07:56.403] [info] [t:96] [Fetch] Only fetch file stats since content is the same!
[17:07:56.403] [trace] [t:96] Calling InitCallbackList
[17:07:56.404] [trace] [t:96] Received completion queue callback
[17:07:56.404] [trace] [t:96] Handling async callback 
[17:07:56.404] [info] [t:96] SyncEngine: Fetching contention.txt
[17:07:56.406] [info] [t:96] [Fetch] Only fetch file stats since content is the same!
[17:07:56.406] [trace] [t:96] Calling InitCallbackList
[17:07:56.407] [trace] [t:96] Received completion queue callback
[17:07:56.407] [trace] [t:96] Handling async callback 
[17:07:56.407] [info] [t:96] SyncEngine: Fetching contention.txt
[17:07:56.408] [info] [t:96] [Fetch] Only fetch file stats since content is the same!
[17:07:56.408] [trace] [t:96] Calling InitCallbackList
[17:07:56.409] [trace] [t:96] Received completion queue callback
[17:07:56.409] [trace] [t:96] Handling async callback 
[17:07:56.409] [info] [t:96] SyncEngine: Fetching contention.txt
[17:07:56.410] [info] [t:96] [Fetch] Only fetch file stats since content is the same!
[17:07:56.410] [trace] [t:96] Calling InitCallbackList
[17:07:56.411] [trace] [t:96] Received completion queue callback
[17:07:56.411] [trace] [t:96] Handling async callback 
[17:07:56.411] [info] [t:96] SyncEngine: Fetching contention.txt
[17:07:56.412] [info] [t:96] [Fetch] Only fetch file stats since content is the same!
[17:07:56.412] [trace] [t:96] Calling InitCallbackList
[17:07:56.413] [trace] [t:96] Received completion queue callback
[17:07:56.413] [trace] [t:96] Handling async callback 
[17:07:56.413] [info] [t:96] SyncEngine: Fetching contention.txt
[17:07:56.414] [info] [t:96] [Fetch] Only fetch file stats since content is the same!
[17:07:56.414] [trace] [t:96] Calling InitCallbackList
[17:07:56.415] [trace] [t:96] Received completion queue callback
[17:07:56.415] [trace] [t:96] Handling async callback 
[17:07:56.415] [info] [t:96] SyncEngine: Fetching contention.txt
[17:07:56.416] [info] [t:96] [Fetch] Only fetch file stats since content is the same!
[17:07:56.416] [trace] [t:96] Calling InitCallbackList
[17:07:56.417] [trace] [t:96] Received completion queue callback
[17:07:56.417] [trace] [t:96] Handling async callback 
[17:07:56.417] [info] [t:96] SyncEngine: Fetching contention.txt
[17:07:56.419] [info] [t:96] [Fetch] Only fetch file stats since content is the same!
[17:07:56.419] [trace] [t:96] Calling InitCallbackList
[17:07:56.420] [trace] [t:96] Received completion queue callback
[17:07:56.420] [trace] [t:96] Handling async callback 
[17:07:56.420] [info] [t:96] SyncEngine: Fetching contention.txt
[17:07:56.421] [info] [t:96] [Fetch] Only fetch file stats since content is the same!
[17:07:56.421] [trace] [t:96] Calling InitCallbackList
[17:07:56.422] [trace] [t:96] Received completion queue callback
[17:07:56.422] [trace] [t:96] Handling async callback 
[17:07:56.422] [info] [t:96] SyncEngine: Fetching contention.txt
[17:07:56.423] [info] [t:96] [Fetch] Only fetch file stats since content is the same!
[17:07:56.423] [trace] [t:96] Calling InitCallbackList
[17:07:56.424] [trace] [t:96] Received completion queue callback
[17:07:56.424] [trace] [t:96] Handling async callback 
[17:07:56.424] [info] [t:96] SyncEngine: Fetching contention.txt
[17:07:56.425] [info] [t:96] [Fetch] Only fetch file stats since content is the same!
[17:07:56.425] [trace] [t:96] Calling InitCallbackList
[17:07:56.426] [trace] [t:96] Received completion queue callback
[17:07:56.426] [trace] [t:96] Handling async callback 
[17:07:56.426] [info] [t:96] SyncEngine: Fetching contention.txt
[17:07:56.427] [info] [t:96] [Fetch] Only fetch file stats since content is the same!
[17:07:56.427] [trace] [t:96] Calling InitCallbackList
[17:07:56.428] [trace] [t:96] Received completion queue callback
[17:07:56.428] [trace] [t:96] Handling async callback 
[17:07:56.428] [info] [t:96] SyncEngine: Fetching contention.txt
[17:07:56.429] [info] [t:96] [Fetch] Only fetch file stats since content is the same!
[17:07:56.429] [trace] [t:96] Calling InitCallbackList
[17:07:56.430] [trace] [t:96] Received completion queue callback
[17:07:56.430] [trace] [t:96] Handling async callback 
[17:07:56.431] [info] [t:96] SyncEngine: Fetching contention.txt
[17:07:56.431] [info] [t:96] [Fetch] Only fetch file stats since content is the same!
[17:07:56.431] [trace] [t:96] Calling InitCallbackList
[17:07:56.432] [trace] [t:96] Received completion queue callback
[17:07:56.432] [trace] [t:96] Handling async callback 
[17:07:56.432] [info] [t:96] SyncEngine: Fetching contention.txt
[17:07:56.434] [info] [t:96] [Fetch] Only fetch file stats since content is the same!
[17:07:56.434] [trace] [t:96] Calling InitCallbackList
[17:07:56.434] [trace] [t:96] Received completion queue callback
[17:07:56.435] [trace] [t:96] Handling async callback 
[17:07:56.435] [info] [t:96] SyncEngine: Fetching contention.txt
[17:07:56.435] [info] [t:96] [Fetch] Only fetch file stats since content is the same!
[17:07:56.436] [trace] [t:96] Calling InitCallbackList
[17:07:56.436] [trace] [t:96] Received completion queue callback
[17:07:56.437] [trace] [t:96] Handling async callback 
[17:07:56.437] [info] [t:96] SyncEngine: Fetching contention.txt
[17:07:56.438] [info] [t:96] [Fetch] Only fetch file stats since content is the same!
[17:07:56.438] [trace] [t:96] Calling InitCallbackList
[17:07:56.440] [trace] [t:96] Received completion queue callback
[17:07:56.440] [trace] [t:96] Handling async callback 
[17:07:56.440] [info] [t:96] SyncEngine: Fetching contention.txt
[17:07:56.441] [info] [t:96] [Fetch] Only fetch file stats since content is the same!
[17:07:56.441] [trace] [t:96] Calling InitCallbackList
[17:07:56.442] [trace] [t:96] Received completion queue callback
[17:07:56.442] [trace] [t:96] Handling async callback 
[17:07:56.442] [info] [t:96] SyncEngine: Fetching contention.txt
[17:07:56.443] [info] [t:96] [Fetch] Only fetch file stats since content is the same!
[17:07:56.443] [trace] [t:96] Calling InitCallbackList
[17:07:56.444] [trace] [t:96] Received completion queue callback
[17:07:56.444] [trace] [t:96] Handling async callback 
[17:07:56.444] [info] [t:96] SyncEngine: Fetching contention.txt
[17:07:56.445] [info] [t:96] [Fetch] Only fetch file stats since content is the same!
[17:07:56.445] [trace] [t:96] Calling InitCallbackList
[17:07:56.446] [trace] [t:96] Received completion queue callback
[17:07:56.446] [trace] [t:96] Handling async callback 
[17:07:56.446] [info] [t:96] SyncEngine: Fetching contention.txt
[17:07:56.447] [info] [t:96] [Fetch] Only fetch file stats since content is the same!
[17:07:56.447] [trace] [t:96] Calling InitCallbackList
[17:07:56.448] [trace] [t:96] Received completion queue callback
[17:07:56.448] [trace] [t:96] Handling async callback 
[17:07:56.448] [info] [t:96] SyncEngine: Fetching contention.txt
[17:07:56.450] [info] [t:96] [Fetch] Only fetch file stats since content is the same!
[17:07:56.450] [trace] [t:96] Calling InitCallbackList
[17:07:56.451] [trace] [t:96] Received completion queue callback
[17:07:56.451] [trace] [t:96] Handling async callback 
[17:07:56.451] [info] [t:96] SyncEngine: Fetching contention.txt
[17:07:56.452] [info] [t:96] [Fetch] Only fetch file stats since content is the same!
[17:07:56.452] [trace] [t:96] Calling InitCallbackList
[17:07:56.453] [trace] [t:96] Received completion queue callback
[17:07:56.453] [trace] [t:96] Handling async callback 
[17:07:56.453] [info] [t:96] SyncEngine: Fetching contention.txt
[17:07:56.453] [info] [t:96] [Fetch] Only fetch file stats since content is the same!
[17:07:56.454] [trace] [t:96] Calling InitCallbackList
[17:07:56.455] [trace] [t:96] Received completion queue callback
[17:07:56.455] [trace] [t:96] Handling async callback 
[17:07:56.455] [info] [t:96] SyncEngine: Fetching contention.txt
[17:07:56.456] [info] [t:96] [Fetch] Only fetch file stats since content is the same!
[17:07:56.456] [trace] [t:96] Calling InitCallbackList
[17:07:56.457] [trace] [t:96] Received completion queue callback
[17:07:56.457] [trace] [t:96] Handling async callback 
[17:07:56.457] [info] [t:96] SyncEngine: Fetching contention.txt
[17:07:56.458] [info] [t:96] [Fetch] Only fetch file stats since content is the same!
[17:07:56.458] [trace] [t:96] Calling InitCallbackList
[17:07:56.459] [trace] [t:96] Received completion queue callback
[17:07:56.459] [trace] [t:96] Handling async callback 
[17:07:56.459] [info] [t:96] SyncEngine: Fetching contention.txt
[17:07:56.461] [info] [t:96] [Fetch] Only fetch file stats since content is the same!
[17:07:56.461] [trace] [t:96] Calling InitCallbackList
[17:07:56.462] [trace] [t:96] Received completion queue callback
[17:07:56.462] [trace] [t:96] Handling async callback 
[17:07:56.462] [info] [t:96] SyncEngine: Fetching contention.txt
[17:07:56.464] [info] [t:96] [Fetch] Only fetch file stats since content is the same!
[17:07:56.464] [trace] [t:96] Calling InitCallbackList
[17:07:56.465] [trace] [t:96] Received completion queue callback
[17:07:56.465] [trace] [t:96] Handling async callback 
[17:07:56.465] [info] [t:96] SyncEngine: Fetching contention.txt
[17:07:56.466] [info] [t:96] [Fetch] Only fetch file stats since content is the same!
[17:07:56.466] [trace] [t:96] Calling InitCallbackList
[17:07:56.468] [trace] [t:96] Received completion queue callback
[17:07:56.468] [trace] [t:96] Handling async callback 
[17:07:56.468] [info] [t:96] SyncEngine: Fetching contention.txt
[17:07:56.469] [info] [t:96] [Fetch] Only fetch file stats since content is the same!
[17:07:56.469] [trace] [t:96] Calling InitCallbackList
[17:07:56.470] [trace] [t:96] Received completion queue callback
[17:07:56.470] [trace] [t:96] Handling async callback 
[17:07:56.470] [info] [t:96] SyncEngine: Fetching contention.txt
[17:07:56.471] [info] [t:96] [Fetch] Only fetch file stats since content is the same!
[17:07:56.471] [trace] [t:96] Calling InitCallbackList
[17:07:56.472] [trace] [t:96] Received completion queue callback
[17:07:56.472] [trace] [t:96] Handling async callback 
[17:07:56.472] [info] [t:96] SyncEngine: Fetching contention.txt
[17:07:56.473] [info] [t:96] [Fetch] Only fetch file stats since content is the same!
[17:07:56.473] [trace] [t:96] Calling InitCallbackList
[17:07:56.474] [trace] [t:96] Received completion queue callback
[17:07:56.474] [trace] [t:96] Handling async callback 
[17:07:56.474] [info] [t:96] SyncEngine: Fetching contention.txt
[17:07:56.475] [info] [t:96] [Fetch] Only fetch file stats since content is the same!
[17:07:56.475] [trace] [t:96] Calling InitCallbackList
[17:07:56.476] [trace] [t:96] Received completion queue callback
[17:07:56.476] [trace] [t:96] Handling async callback 
[17:07:56.476] [info] [t:96] SyncEngine: Fetching contention.txt
[17:07:56.478] [info] [t:96] [Fetch] Only fetch file stats since content is the same!
[17:07:56.478] [trace] [t:96] Calling InitCallbackList
[17:07:56.478] [trace] [t:96] Received completion queue callback
[17:07:56.479] [trace] [t:96] Handling async callback 
[17:07:56.479] [info] [t:96] SyncEngine: Fetching contention.txt
[17:07:56.479] [info] [t:96] [Fetch] Only fetch file stats since content is the same!
[17:07:56.479] [trace] [t:96] Calling InitCallbackList
[17:07:56.480] [trace] [t:96] Received completion queue callback
[17:07:56.480] [trace] [t:96] Handling async callback 
[17:07:56.480] [info] [t:96] SyncEngine: Fetching contention.txt
[17:07:56.481] [info] [t:96] [Fetch] Only fetch file stats since content is the same!
[17:07:56.481] [trace] [t:96] Calling InitCallbackList
[17:07:56.482] [trace] [t:96] Received completion queue callback
[17:07:56.482] [trace] [t:96] Handling async callback 
[17:07:56.482] [info] [t:96] SyncEngine: Fetching contention.txt
[17:07:56.483] [info] [t:96] [Fetch] Only fetch file stats since content is the same!
[17:07:56.483] [trace] [t:96] Calling InitCallbackList
[17:07:56.485] [trace] [t:96] Received completion queue callback
[17:07:56.485] [trace] [t:96] Handling async callback 
[17:07:56.485] [info] [t:96] SyncEngine: Fetching contention.txt
[17:07:56.486] [info] [t:96] [Fetch] Only fetch file stats since content is the same!
[17:07:56.486] [trace] [t:96] Calling InitCallbackList
[17:07:56.487] [trace] [t:96] Received completion queue callback
[17:07:56.487] [trace] [t:96] Handling async callback 
[17:07:56.487] [info] [t:96] SyncEngine: Fetching contention.txt
[17:07:56.488] [info] [t:96] [Fetch] Only fetch file stats since content is the same!
[17:07:56.488] [trace] [t:96] Calling InitCallbackList
[17:07:56.489] [trace] [t:96] Received completion queue callback
[17:07:56.489] [trace] [t:96] Handling async callback 
[17:07:56.489] [info] [t:96] SyncEngine: Fetching contention.txt
[17:07:56.490] [info] [t:96] [Fetch] Only fetch file stats since content is the same!
[17:07:56.490] [trace] [t:96] Calling InitCallbackList
[17:07:56.491] [trace] [t:96] Received completion queue callback
[17:07:56.491] [trace] [t:96] Handling async callback 
[17:07:56.491] [info] [t:96] SyncEngine: Fetching contention.txt
[17:07:56.492] [info] [t:96] [Fetch] Only fetch file stats since content is the same!
[17:07:56.492] [trace] [t:96] Calling InitCallbackList
[17:07:56.493] [trace] [t:96] Received completion queue callback
[17:07:56.493] [trace] [t:96] Handling async callback 
[17:07:56.493] [info] [t:96] SyncEngine: Fetching contention.txt
[17:07:56.495] [info] [t:96] [Fetch] Only fetch file stats since content is the same!
[17:07:56.495] [trace] [t:96] Calling InitCallbackList
[17:07:56.495] [trace] [t:96] Received completion queue callback
[17:07:56.495] [trace] [t:96] Handling async callback 
[17:07:56.496] [info] [t:96] SyncEngine: Fetching contention.txt
[17:07:56.497] [info] [t:96] [Fetch] Only fetch file stats since content is the same!
[17:07:56.497] [trace] [t:96] Calling InitCallbackList
[17:07:56.499] [trace] [t:96] Received completion queue callback
[17:07:56.499] [trace] [t:96] Handling async callback 
[17:07:56.499] [info] [t:96] SyncEngine: Fetching contention.txt
[17:07:56.501] [info] [t:96] [Fetch] Only fetch file stats since content is the same!
[17:07:56.501] [trace] [t:96] Calling InitCallbackList
[17:07:56.501] [trace] [t:96] Received completion queue callback
[17:07:56.501] [trace] [t:96] Handling async callback 
[17:07:56.501] [info] [t:96] SyncEngine: Fetching contention.txt
[17:07:56.503] [info] [t:96] [Fetch] Only fetch file stats since content is the same!
[17:07:56.503] [trace] [t:96] Calling InitCallbackList
[17:07:56.504] [trace] [t:96] Received completion queue callback
[17:07:56.504] [trace] [t:96] Handling async callback 
[17:07:56.504] [info] [t:96] SyncEngine: Fetching contention.txt
[17:07:56.505] [info] [t:96] [Fetch] Only fetch file stats since content is the same!
[17:07:56.505] [trace] [t:96] Calling InitCallbackList
[17:07:56.507] [trace] [t:96] Received completion queue callback
[17:07:56.507] [trace] [t:96] Handling async callback 
[17:07:56.507] [info] [t:96] SyncEngine: Fetching contention.txt
[17:07:56.507] [info] [t:96] [Fetch] Only fetch file stats since content is the same!
[17:07:56.508] [trace] [t:96] Calling InitCallbackList
[17:07:56.509] [trace] [t:96] Received completion queue callback
[17:07:56.509] [trace] [t:96] Handling async callback 
[17:07:56.509] [info] [t:96] SyncEngine: Fetching contention.txt
[17:07:56.510] [info] [t:96] [Fetch] Only fetch file stats since content is the same!
[17:07:56.510] [trace] [t:96] Calling InitCallbackList
[17:07:56.511] [trace] [t:96] Received completion queue callback
[17:07:56.511] [trace] [t:96] Handling async callback 
[17:07:56.511] [info] [t:96] SyncEngine: Fetching contention.txt
[17:07:56.512] [info] [t:96] [Fetch] Only fetch file stats since content is the same!
[17:07:56.512] [trace] [t:96] Calling InitCallbackList
[17:07:56.513] [trace] [t:96] Received completion queue callback
[17:07:56.513] [trace] [t:96] Handling async callback 
[17:07:56.513] [info] [t:96] SyncEngine: Fetching contention.txt
[17:07:56.516] [info] [t:96] [Fetch] Only fetch file stats since content is the same!
[17:07:56.516] [trace] [t:96] Calling InitCallbackList
[17:07:56.517] [trace] [t:96] Received completion queue callback
[17:07:56.517] [trace] [t:96] Handling async callback 
[17:07:56.517] [info] [t:96] SyncEngine: Fetching contention.txt
[17:07:56.518] [info] [t:96] [Fetch] Only fetch file stats since content is the same!
[17:07:56.518] [trace] [t:96] Calling InitCallbackList
[17:07:56.519] [trace] [t:96] Received completion queue callback
[17:07:56.519] [trace] [t:96] Handling async callback 
[17:07:56.519] [info] [t:96] SyncEngine: Fetching contention.txt
[17:07:56.520] [info] [t:96] [Fetch] Only fetch file stats since content is the same!
[17:07:56.520] [trace] [t:96] Calling InitCallbackList
[17:07:56.521] [trace] [t:96] Received completion queue callback
[17:07:56.521] [trace] [t:96] Handling async callback 
[17:07:56.521] [info] [t:96] SyncEngine: Fetching contention.txt
[17:07:56.522] [info] [t:96] [Fetch] Only fetch file stats since content is the same!
[17:07:56.522] [trace] [t:96] Calling InitCallbackList
[17:07:56.523] [trace] [t:96] Received completion queue callback
[17:07:56.523] [trace] [t:96] Handling async callback 
[17:07:56.523] [info] [t:96] SyncEngine: Fetching contention.txt
[17:07:56.524] [info] [t:96] [Fetch] Only fetch file stats since content is the same!
[17:07:56.524] [trace] [t:96] Calling InitCallbackList
[17:07:56.525] [trace] [t:96] Received completion queue callback
[17:07:56.525] [trace] [t:96] Handling async callback 
[17:07:56.525] [info] [t:96] SyncEngine: Fetching contention.txt
[17:07:56.527] [info] [t:96] [Fetch] Only fetch file stats since content is the same!
[17:07:56.527] [trace] [t:96] Calling InitCallbackList
[17:07:56.527] [trace] [t:96] Received completion queue callback
[17:07:56.527] [trace] [t:96] Handling async callback 
[17:07:56.528] [info] [t:96] SyncEngine: Fetching contention.txt
[17:07:56.529] [info] [t:96] [Fetch] Only fetch file stats since content is the same!
[17:07:56.529] [trace] [t:96] Calling InitCallbackList
[17:07:56.530] [trace] [t:96] Received completion queue callback
[17:07:56.530] [trace] [t:96] Handling async callback 
[17:07:56.530] [info] [t:96] SyncEngine: Fetching contention.txt
[17:07:56.531] [info] [t:96] [Fetch] Only fetch file stats since content is the same!
[17:07:56.531] [trace] [t:96] Calling InitCallbackList
[17:07:56.532] [trace] [t:96] Received completion queue callback
[17:07:56.532] [trace] [t:96] Handling async callback 
[17:07:56.532] [info] [t:96] SyncEngine: Fetching contention.txt
[17:07:56.533] [info] [t:96] [Fetch] Only fetch file stats since content is the same!
[17:07:56.533] [trace] [t:96] Calling InitCallbackList
[17:07:56.535] [trace] [t:96] Received completion queue callback
[17:07:56.535] [trace] [t:96] Handling async callback 
[17:07:56.535] [info] [t:96] SyncEngine: Fetching contention.txt
[17:07:56.536] [info] [t:96] [Fetch] Only fetch file stats since content is the same!
[17:07:56.536] [trace] [t:96] Calling InitCallbackList
[17:07:56.537] [trace] [t:96] Received completion queue callback
[17:07:56.537] [trace] [t:96] Handling async callback 
[17:07:56.537] [info] [t:96] SyncEngine: Fetching contention.txt
[17:07:56.538] [info] [t:96] [Fetch] Only fetch file stats since content is the same!
[17:07:56.538] [trace] [t:96] Calling InitCallbackList
[17:07:56.539] [trace] [t:96] Received completion queue callback
[17:07:56.539] [trace] [t:96] Handling async callback 
[17:07:56.539] [info] [t:96] SyncEngine: Fetching contention.txt
[17:07:56.540] [info] [t:96] [Fetch] Only fetch file stats since content is the same!
[17:07:56.540] [trace] [t:96] Calling InitCallbackList
[17:07:56.542] [trace] [t:96] Received completion queue callback
[17:07:56.542] [trace] [t:96] Handling async callback 
[17:07:56.542] [info] [t:96] SyncEngine: Fetching contention.txt
[17:07:56.543] [info] [t:96] [Fetch] Only fetch file stats since content is the same!
[17:07:56.543] [trace] [t:96] Calling InitCallbackList
[17:07:56.544] [trace] [t:96] Received completion queue callback
[17:07:56.544] [trace] [t:96] Handling async callback 
[17:07:56.544] [info] [t:96] SyncEngine: Fetching contention.txt
[17:07:56.545] [info] [t:96] [Fetch] Only fetch file stats since content is the same!
[17:07:56.545] [trace] [t:96] Calling InitCallbackList
[17:07:56.546] [trace] [t:96] Received completion queue callback
[17:07:56.546] [trace] [t:96] Handling async callback 
[17:07:56.546] [info] [t:96] SyncEngine: Fetching contention.txt
[17:07:56.548] [info] [t:96] [Fetch] Only fetch file stats since content is the same!
[17:07:56.548] [trace] [t:96] Calling InitCallbackList
[17:07:56.550] [trace] [t:96] Received completion queue callback
[17:07:56.550] [trace] [t:96] Handling async callback 
[17:07:56.550] [info] [t:96] SyncEngine: Fetching contention.txt
[17:07:56.551] [info] [t:96] [Fetch] Only fetch file stats since content is the same!
[17:07:56.551] [trace] [t:96] Calling InitCallbackList
[17:07:56.553] [trace] [t:96] Received completion queue callback
[17:07:56.553] [trace] [t:96] Handling async callback 
[17:07:56.553] [info] [t:96] SyncEngine: Fetching contention.txt
[17:07:56.555] [info] [t:96] [Fetch] Only fetch file stats since content is the same!
[17:07:56.555] [trace] [t:96] Calling InitCallbackList
[17:07:56.556] [trace] [t:96] Received completion queue callback
[17:07:56.556] [trace] [t:96] Handling async callback 
[17:07:56.556] [info] [t:96] SyncEngine: Fetching contention.txt
[17:07:56.557] [info] [t:96] [Fetch] Only fetch file stats since content is the same!
[17:07:56.557] [trace] [t:96] Calling InitCallbackList
[17:07:56.558] [trace] [t:96] Received completion queue callback
[17:07:56.558] [trace] [t:96] Handling async callback 
[17:07:56.558] [info] [t:96] SyncEngine: Fetching contention.txt
[17:07:56.559] [info] [t:96] [Fetch] Only fetch file stats since content is the same!
[17:07:56.560] [trace] [t:96] Calling InitCallbackList
[17:07:56.561] [trace] [t:96] Received completion queue callback
[17:07:56.561] [trace] [t:96] Handling async callback 
[17:07:56.561] [info] [t:96] SyncEngine: Fetching contention.txt
[17:07:56.562] [info] [t:96] [Fetch] Only fetch file stats since content is the same!
[17:07:56.562] [trace] [t:96] Calling InitCallbackList
[17:07:56.563] [trace] [t:96] Received completion queue callback
[17:07:56.563] [trace] [t:96] Handling async callback 
[17:07:56.563] [info] [t:96] SyncEngine: Fetching contention.txt
[17:07:56.564] [info] [t:96] [Fetch] Only fetch file stats since content is the same!
[17:07:56.564] [trace] [t:96] Calling InitCallbackList
[17:07:56.565] [trace] [t:96] Received completion queue callback
[17:07:56.565] [trace] [t:96] Handling async callback 
[17:07:56.565] [info] [t:96] SyncEngine: Fetching contention.txt
[17:07:56.566] [info] [t:96] [Fetch] Only fetch file stats since content is the same!
[17:07:56.566] [trace] [t:96] Calling InitCallbackList
[17:07:56.567] [trace] [t:96] Received completion queue callback
[17:07:56.567] [trace] [t:96] Handling async callback 
[17:07:56.567] [info] [t:96] SyncEngine: Fetching contention.txt
[17:07:56.568] [info] [t:96] [Fetch] Only fetch file stats since content is the same!
[17:07:56.568] [trace] [t:96] Calling InitCallbackList
[17:07:56.569] [trace] [t:96] Received completion queue callback
[17:07:56.569] [trace] [t:96] Handling async callback 
[17:07:56.570] [info] [t:96] SyncEngine: Fetching contention.txt
[17:07:56.571] [info] [t:96] [Fetch] Only fetch file stats since content is the same!
[17:07:56.571] [trace] [t:96] Calling InitCallbackList
[17:07:56.572] [trace] [t:96] Received completion queue callback
[17:07:56.572] [trace] [t:96] Handling async callback 
[17:07:56.572] [info] [t:96] SyncEngine: Fetching contention.txt
[17:07:56.573] [info] [t:96] [Fetch] Only fetch file stats since content is the same!
[17:07:56.573] [trace] [t:96] Calling InitCallbackList
[17:07:56.574] [trace] [t:96] Received completion queue callback
[17:07:56.574] [trace] [t:96] Handling async callback 
[17:07:56.574] [info] [t:96] SyncEngine: Fetching contention.txt
[17:07:56.576] [info] [t:96] [Fetch] Only fetch file stats since content is the same!
[17:07:56.576] [trace] [t:96] Calling InitCallbackList
[17:07:56.577] [trace] [t:96] Received completion queue callback
[17:07:56.577] [trace] [t:96] Handling async callback 
[17:07:56.577] [info] [t:96] SyncEngine: Fetching contention.txt
[17:07:56.578] [info] [t:96] [Fetch] Only fetch file stats since content is the same!
[17:07:56.578] [trace] [t:96] Calling InitCallbackList
[17:07:56.579] [trace] [t:96] Received completion queue callback
[17:07:56.579] [trace] [t:96] Handling async callback 
[17:07:56.580] [info] [t:96] SyncEngine: Fetching contention.txt
[17:07:56.580] [info] [t:96] [Fetch] Only fetch file stats since content is the same!
[17:07:56.581] [trace] [t:96] Calling InitCallbackList
[17:07:56.582] [trace] [t:96] Received completion queue callback
[17:07:56.582] [trace] [t:96] Handling async callback 
[17:07:56.582] [info] [t:96] SyncEngine: Fetching contention.txt
[17:07:56.584] [info] [t:96] [Fetch] Only fetch file stats since content is the same!
[17:07:56.584] [trace] [t:96] Calling InitCallbackList
[17:07:56.585] [trace] [t:96] Received completion queue callback
[17:07:56.585] [trace] [t:96] Handling async callback 
[17:07:56.585] [info] [t:96] SyncEngine: Fetching contention.txt
[17:07:56.586] [info] [t:96] [Fetch] Only fetch file stats since content is the same!
[17:07:56.586] [trace] [t:96] Calling InitCallbackList
[17:07:56.587] [trace] [t:96] Received completion queue callback
[17:07:56.588] [trace] [t:96] Handling async callback 
[17:07:56.588] [info] [t:96] SyncEngine: Fetching contention.txt
[17:07:56.589] [info] [t:96] [Fetch] Only fetch file stats since content is the same!
[17:07:56.589] [trace] [t:96] Calling InitCallbackList
[17:07:56.590] [trace] [t:96] Received completion queue callback
[17:07:56.590] [trace] [t:96] Handling async callback 
[17:07:56.590] [info] [t:96] SyncEngine: Fetching contention.txt
[17:07:56.591] [info] [t:96] [Fetch] Only fetch file stats since content is the same!
[17:07:56.591] [trace] [t:96] Calling InitCallbackList
[17:07:56.593] [trace] [t:96] Received completion queue callback
[17:07:56.593] [trace] [t:96] Handling async callback 
[17:07:56.593] [info] [t:96] SyncEngine: Fetching contention.txt
[17:07:56.594] [info] [t:96] [Fetch] Only fetch file stats since content is the same!
[17:07:56.595] [trace] [t:96] Calling InitCallbackList
[17:07:56.595] [trace] [t:96] Received completion queue callback
[17:07:56.595] [trace] [t:96] Handling async callback 
[17:07:56.595] [info] [t:96] SyncEngine: Fetching contention.txt
[17:07:56.597] [info] [t:96] [Fetch] Only fetch file stats since content is the same!
[17:07:56.597] [trace] [t:96] Calling InitCallbackList
[17:07:56.598] [trace] [t:96] Received completion queue callback
[17:07:56.598] [trace] [t:96] Handling async callback 
[17:07:56.598] [info] [t:96] SyncEngine: Fetching contention.txt
[17:07:56.600] [info] [t:96] [Fetch] Only fetch file stats since content is the same!
[17:07:56.600] [trace] [t:96] Calling InitCallbackList
[17:07:56.602] [trace] [t:96] Received completion queue callback
[17:07:56.602] [trace] [t:96] Handling async callback 
[17:07:56.602] [info] [t:96] SyncEngine: Fetching contention.txt
[17:07:56.603] [info] [t:96] [Fetch] Only fetch file stats since content is the same!
[17:07:56.603] [trace] [t:96] Calling InitCallbackList
[17:07:56.604] [trace] [t:96] Received completion queue callback
[17:07:56.604] [trace] [t:96] Handling async callback 
[17:07:56.604] [info] [t:96] SyncEngine: Fetching contention.txt
[17:07:56.606] [info] [t:96] [Fetch] Only fetch file stats since content is the same!
[17:07:56.606] [trace] [t:96] Calling InitCallbackList
[17:07:56.607] [trace] [t:96] Received completion queue callback
[17:07:56.607] [trace] [t:96] Handling async callback 
[17:07:56.607] [info] [t:96] SyncEngine: Fetching contention.txt
[17:07:56.609] [info] [t:96] [Fetch] Only fetch file stats since content is the same!
[17:07:56.609] [trace] [t:96] Calling InitCallbackList
[17:07:56.609] [trace] [t:96] Received completion queue callback
[17:07:56.609] [trace] [t:96] Handling async callback 
[17:07:56.610] [info] [t:96] SyncEngine: Fetching contention.txt
[17:07:56.610] [info] [t:96] [Fetch] Only fetch file stats since content is the same!
[17:07:56.610] [trace] [t:96] Calling InitCallbackList
[17:07:56.613] [trace] [t:96] Received completion queue callback
[17:07:56.613] [trace] [t:96] Handling async callback 
[17:07:56.613] [info] [t:96] SyncEngine: Fetching contention.txt
[17:07:56.614] [info] [t:96] [Fetch] Only fetch file stats since content is the same!
[17:07:56.614] [trace] [t:96] Calling InitCallbackList
[17:07:56.615] [trace] [t:96] Received completion queue callback
[17:07:56.615] [trace] [t:96] Handling async callback 
[17:07:56.615] [info] [t:96] SyncEngine: Fetching contention.txt
[17:07:56.616] [info] [t:96] [Fetch] Only fetch file stats since content is the same!
[17:07:56.616] [trace] [t:96] Calling InitCallbackList
[17:07:56.617] [trace] [t:96] Received completion queue callback
[17:07:56.617] [trace] [t:96] Handling async callback 
[17:07:56.617] [info] [t:96] SyncEngine: Fetching contention.txt
[17:07:56.618] [info] [t:96] [Fetch] Only fetch file stats since content is the same!
[17:07:56.618] [trace] [t:96] Calling InitCallbackList
[17:07:56.619] [trace] [t:96] Received completion queue callback
[17:07:56.619] [trace] [t:96] Handling async callback 
[17:07:56.619] [info] [t:96] SyncEngine: Fetching contention.txt
[17:07:56.620] [info] [t:96] [Fetch] Only fetch file stats since content is the same!
[17:07:56.621] [trace] [t:96] Calling InitCallbackList
[17:07:56.621] [trace] [t:96] Received completion queue callback
[17:07:56.622] [trace] [t:96] Handling async callback 
[17:07:56.622] [info] [t:96] SyncEngine: Fetching contention.txt
[17:07:56.623] [info] [t:96] [Fetch] Only fetch file stats since content is the same!
[17:07:56.624] [trace] [t:96] Calling InitCallbackList
[17:07:56.626] [trace] [t:96] Received completion queue callback
[17:07:56.626] [trace] [t:96] Handling async callback 
[17:07:56.626] [info] [t:96] SyncEngine: Fetching contention.txt
[17:07:56.627] [info] [t:96] [Fetch] Only fetch file stats since content is the same!
[17:07:56.627] [trace] [t:96] Calling InitCallbackList
[17:07:56.628] [trace] [t:96] Received completion queue callback
[17:07:56.628] [trace] [t:96] Handling async callback 
[17:07:56.628] [info] [t:96] SyncEngine: Fetching contention.txt
[17:07:56.630] [info] [t:96] [Fetch] Only fetch file stats since content is the same!
[17:07:56.630] [trace] [t:96] Calling InitCallbackList
[17:07:56.633] [trace] [t:96] Received completion queue callback
[17:07:56.633] [trace] [t:96] Handling async callback 
[17:07:56.633] [info] [t:96] SyncEngine: Fetching contention.txt
[17:07:56.634] [info] [t:96] [Fetch] Only fetch file stats since content is the same!
[17:07:56.634] [trace] [t:96] Calling InitCallbackList
[17:07:56.635] [trace] [t:96] Received completion queue callback
[17:07:56.635] [trace] [t:96] Handling async callback 
[17:07:56.635] [info] [t:96] SyncEngine: Fetching contention.txt
[17:07:56.637] [info] [t:96] [Fetch] Only fetch file stats since content is the same!
[17:07:56.637] [trace] [t:96] Calling InitCallbackList
[17:07:56.638] [trace] [t:96] Received completion queue callback
[17:07:56.638] [trace] [t:96] Handling async callback 
[17:07:56.638] [info] [t:96] SyncEngine: Fetching contention.txt
[17:07:56.639] [info] [t:96] [Fetch] Only fetch file stats since content is the same!
[17:07:56.639] [trace] [t:96] Calling InitCallbackList
[17:07:56.641] [trace] [t:96] Received completion queue callback
[17:07:56.641] [trace] [t:96] Handling async callback 
[17:07:56.641] [info] [t:96] SyncEngine: Fetching contention.txt
[17:07:56.643] [info] [t:96] [Fetch] Only fetch file stats since content is the same!
[17:07:56.643] [trace] [t:96] Calling InitCallbackList
[17:07:56.644] [trace] [t:96] Received completion queue callback
[17:07:56.644] [trace] [t:96] Handling async callback 
[17:07:56.644] [info] [t:96] SyncEngine: Fetching contention.txt
[17:07:56.645] [info] [t:96] [Fetch] Only fetch file stats since content is the same!
[17:07:56.645] [trace] [t:96] Calling InitCallbackList
[17:07:56.646] [trace] [t:96] Received completion queue callback
[17:07:56.646] [trace] [t:96] Handling async callback 
[17:07:56.646] [info] [t:96] SyncEngine: Fetching contention.txt
[17:07:56.649] [info] [t:96] [Fetch] Only fetch file stats since content is the same!
[17:07:56.649] [trace] [t:96] Calling InitCallbackList
[17:07:56.650] [trace] [t:96] Received completion queue callback
[17:07:56.650] [trace] [t:96] Handling async callback 
[17:07:56.650] [info] [t:96] SyncEngine: Fetching contention.txt
[17:07:56.652] [info] [t:96] [Fetch] Only fetch file stats since content is the same!
[17:07:56.652] [trace] [t:96] Calling InitCallbackList
[17:07:56.653] [trace] [t:96] Received completion queue callback
[17:07:56.653] [trace] [t:96] Handling async callback 
[17:07:56.653] [info] [t:96] SyncEngine: Fetching contention.txt
[17:07:56.654] [info] [t:96] [Fetch] Only fetch file stats since content is the same!
[17:07:56.654] [trace] [t:96] Calling InitCallbackList
[17:07:56.655] [trace] [t:96] Received completion queue callback
[17:07:56.655] [trace] [t:96] Handling async callback 
[17:07:56.655] [info] [t:96] SyncEngine: Fetching contention.txt
[17:07:56.656] [info] [t:96] [Fetch] Only fetch file stats since content is the same!
[17:07:56.656] [trace] [t:96] Calling InitCallbackList
[17:07:56.657] [trace] [t:96] Received completion queue callback
[17:07:56.657] [trace] [t:96] Handling async callback 
[17:07:56.657] [info] [t:96] SyncEngine: Fetching contention.txt
[17:07:56.658] [info] [t:96] [Fetch] Only fetch file stats since content is the same!
[17:07:56.658] [trace] [t:96] Calling InitCallbackList
[17:07:56.660] [trace] [t:96] Received completion queue callback
[17:07:56.660] [trace] [t:96] Handling async callback 
[17:07:56.660] [info] [t:96] SyncEngine: Fetching contention.txt
[17:07:56.661] [info] [t:96] [Fetch] Only fetch file stats since content is the same!
[17:07:56.661] [trace] [t:96] Calling InitCallbackList
[17:07:56.662] [trace] [t:96] Received completion queue callback
[17:07:56.662] [trace] [t:96] Handling async callback 
[17:07:56.662] [info] [t:96] SyncEngine: Fetching contention.txt
[17:07:56.664] [info] [t:96] [Fetch] Only fetch file stats since content is the same!
[17:07:56.664] [trace] [t:96] Calling InitCallbackList
[17:07:56.665] [trace] [t:96] Received completion queue callback
[17:07:56.665] [trace] [t:96] Handling async callback 
[17:07:56.665] [info] [t:96] SyncEngine: Fetching contention.txt
[17:07:56.666] [info] [t:96] [Fetch] Only fetch file stats since content is the same!
[17:07:56.666] [trace] [t:96] Calling InitCallbackList
[17:07:56.667] [trace] [t:96] Received completion queue callback
[17:07:56.667] [trace] [t:96] Handling async callback 
[17:07:56.667] [info] [t:96] SyncEngine: Fetching contention.txt
[17:07:56.669] [info] [t:96] [Fetch] Only fetch file stats since content is the same!
[17:07:56.669] [trace] [t:96] Calling InitCallbackList
[17:07:56.670] [trace] [t:96] Received completion queue callback
[17:07:56.670] [trace] [t:96] Handling async callback 
[17:07:56.670] [info] [t:96] SyncEngine: Fetching contention.txt
[17:07:56.671] [info] [t:96] [Fetch] Only fetch file stats since content is the same!
[17:07:56.672] [trace] [t:96] Calling InitCallbackList
[17:07:56.673] [trace] [t:96] Received completion queue callback
[17:07:56.673] [trace] [t:96] Handling async callback 
[17:07:56.673] [info] [t:96] SyncEngine: Fetching contention.txt
[17:07:56.674] [info] [t:96] [Fetch] Only fetch file stats since content is the same!
[17:07:56.674] [trace] [t:96] Calling InitCallbackList
[17:07:56.675] [trace] [t:96] Received completion queue callback
[17:07:56.675] [trace] [t:96] Handling async callback 
[17:07:56.675] [info] [t:96] SyncEngine: Fetching contention.txt
[17:07:56.676] [info] [t:96] [Fetch] Only fetch file stats since content is the same!
[17:07:56.676] [trace] [t:96] Calling InitCallbackList
[17:07:56.677] [trace] [t:96] Received completion queue callback
[17:07:56.677] [trace] [t:96] Handling async callback 
[17:07:56.677] [info] [t:96] SyncEngine: Fetching contention.txt
[17:07:56.678] [info] [t:96] [Fetch] Only fetch file stats since content is the same!
[17:07:56.678] [trace] [t:96] Calling InitCallbackList
[17:07:56.679] [trace] [t:96] Received completion queue callback
[17:07:56.679] [trace] [t:96] Handling async callback 
[17:07:56.679] [info] [t:96] SyncEngine: Fetching contention.txt
[17:07:56.681] [info] [t:96] [Fetch] Only fetch file stats since content is the same!
[17:07:56.681] [trace] [t:96] Calling InitCallbackList
[17:07:56.682] [trace] [t:96] Received completion queue callback
[17:07:56.682] [trace] [t:96] Handling async callback 
[17:07:56.682] [info] [t:96] SyncEngine: Fetching contention.txt
[17:07:56.683] [info] [t:96] [Fetch] Only fetch file stats since content is the same!
[17:07:56.683] [trace] [t:96] Calling InitCallbackList
[17:07:56.684] [trace] [t:96] Received completion queue callback
[17:07:56.684] [trace] [t:96] Handling async callback 
[17:07:56.684] [info] [t:96] SyncEngine: Fetching contention.txt
[17:07:56.686] [info] [t:96] [Fetch] Only fetch file stats since content is the same!
[17:07:56.686] [trace] [t:96] Calling InitCallbackList
[17:07:56.687] [trace] [t:96] Received completion queue callback
[17:07:56.687] [trace] [t:96] Handling async callback 
[17:07:56.687] [info] [t:96] SyncEngine: Fetching contention.txt
[17:07:56.687] [info] [t:96] [Fetch] Only fetch file stats since content is the same!
[17:07:56.687] [trace] [t:96] Calling InitCallbackList
[17:07:56.688] [trace] [t:96] Received completion queue callback
[17:07:56.688] [trace] [t:96] Handling async callback 
[17:07:56.688] [info] [t:96] SyncEngine: Fetching contention.txt
[17:07:56.689] [info] [t:96] [Fetch] Only fetch file stats since content is the same!
[17:07:56.689] [trace] [t:96] Calling InitCallbackList
[17:07:56.691] [trace] [t:96] Received completion queue callback
[17:07:56.691] [trace] [t:96] Handling async callback 
[17:07:56.691] [info] [t:96] SyncEngine: Fetching contention.txt
[17:07:56.693] [info] [t:96] [Fetch] Only fetch file stats since content is the same!
[17:07:56.693] [trace] [t:96] Calling InitCallbackList
[17:07:56.695] [trace] [t:96] Received completion queue callback
[17:07:56.695] [trace] [t:96] Handling async callback 
[17:07:56.695] [info] [t:96] SyncEngine: Fetching contention.txt
[17:07:56.697] [info] [t:96] [Fetch] Only fetch file stats since content is the same!
[17:07:56.697] [trace] [t:96] Calling InitCallbackList
[17:07:56.698] [trace] [t:96] Received completion queue callback
[17:07:56.698] [trace] [t:96] Handling async callback 
[17:07:56.698] [info] [t:96] SyncEngine: Fetching contention.txt
[17:07:56.699] [info] [t:96] [Fetch] Only fetch file stats since content is the same!
[17:07:56.700] [trace] [t:96] Calling InitCallbackList
[17:07:56.701] [trace] [t:96] Received completion queue callback
[17:07:56.701] [trace] [t:96] Handling async callback 
[17:07:56.701] [info] [t:96] SyncEngine: Fetching contention.txt
[17:07:56.702] [info] [t:96] [Fetch] Only fetch file stats since content is the same!
[17:07:56.703] [trace] [t:96] Calling InitCallbackList
[17:07:56.704] [trace] [t:96] Received completion queue callback
[17:07:56.704] [trace] [t:96] Handling async callback 
[17:07:56.704] [info] [t:96] SyncEngine: Fetching contention.txt
[17:07:56.705] [info] [t:96] [Fetch] Only fetch file stats since content is the same!
[17:07:56.705] [trace] [t:96] Calling InitCallbackList
[17:07:56.706] [trace] [t:96] Received completion queue callback
[17:07:56.706] [trace] [t:96] Handling async callback 
[17:07:56.706] [info] [t:96] SyncEngine: Fetching contention.txt
[17:07:56.708] [info] [t:96] [Fetch] Only fetch file stats since content is the same!
[17:07:56.708] [trace] [t:96] Calling InitCallbackList
[17:07:56.709] [trace] [t:96] Received completion queue callback
[17:07:56.709] [trace] [t:96] Handling async callback 
[17:07:56.709] [info] [t:96] SyncEngine: Fetching contention.txt
[17:07:56.709] [info] [t:96] [Fetch] Only fetch file stats since content is the same!
[17:07:56.710] [trace] [t:96] Calling InitCallbackList
[17:07:56.710] [trace] [t:96] Received completion queue callback
[17:07:56.710] [trace] [t:96] Handling async callback 
[17:07:56.711] [info] [t:96] SyncEngine: Fetching contention.txt
[17:07:56.712] [info] [t:96] [Fetch] Only fetch file stats since content is the same!
[17:07:56.712] [trace] [t:96] Calling InitCallbackList
[17:07:56.713] [trace] [t:96] Received completion queue callback
[17:07:56.713] [trace] [t:96] Handling async callback 
[17:07:56.713] [info] [t:96] SyncEngine: Fetching contention.txt
[17:07:56.714] [info] [t:96] [Fetch] Only fetch file stats since content is the same!
[17:07:56.714] [trace] [t:96] Calling InitCallbackList
[17:07:56.715] [trace] [t:96] Received completion queue callback
[17:07:56.715] [trace] [t:96] Handling async callback 
[17:07:56.715] [info] [t:96] SyncEngine: Fetching contention.txt
[17:07:56.716] [info] [t:96] [Fetch] Only fetch file stats since content is the same!
[17:07:56.716] [trace] [t:96] Calling InitCallbackList
[17:07:56.718] [trace] [t:96] Received completion queue callback
[17:07:56.718] [trace] [t:96] Handling async callback 
[17:07:56.718] [info] [t:96] SyncEngine: Fetching contention.txt
[17:07:56.719] [info] [t:96] [Fetch] Only fetch file stats since content is the same!
[17:07:56.719] [trace] [t:96] Calling InitCallbackList
[17:07:56.720] [trace] [t:96] Received completion queue callback
[17:07:56.720] [trace] [t:96] Handling async callback 
[17:07:56.720] [info] [t:96] SyncEngine: Fetching contention.txt
[17:07:56.721] [info] [t:96] [Fetch] Only fetch file stats since content is the same!
[17:07:56.721] [trace] [t:96] Calling InitCallbackList
[17:07:56.722] [trace] [t:96] Received completion queue callback
[17:07:56.722] [trace] [t:96] Handling async callback 
[17:07:56.722] [info] [t:96] SyncEngine: Fetching contention.txt
[17:07:56.724] [info] [t:96] [Fetch] File fetched successfully: contention.txt
[17:07:56.724] [trace] [t:96] Calling InitCallbackList
[17:07:56.725] [trace] [t:94] inotify IN_MODIFY event occurred
[17:07:56.726] [trace] [t:96] Received completion queue callback
[17:07:56.726] [trace] [t:96] Handling async callback 
[17:07:56.727] [info] [t:94] [RequestWriteLock] Write lock obtained for file: contention.txt
[17:07:56.729] [error] [t:94] [Store] Store failed: File on server is identical to client's version.
[17:07:56.730] [trace] [t:94] inotify IN_MODIFY event occurred
[17:07:56.732] [info] [t:94] [RequestWriteLock] Write lock obtained for file: contention.txt
[17:07:56.733] [error] [t:94] [Store] Store failed: File on server is identical to client's version.
[17:07:56.733] [info] [t:96] SyncEngine: Fetching contention.txt
[17:07:56.735] [info] [t:96] [Fetch] Only fetch file stats since content is the same!
[17:07:56.735] [trace] [t:96] Calling InitCallbackList
[17:07:56.735] [trace] [t:96] Received completion queue callback
[17:07:56.736] [trace] [t:96] Handling async callback 
[17:07:56.736] [info] [t:96] SyncEngine: Fetching contention.txt
[17:07:56.736] [info] [t:96] [Fetch] Only fetch file stats since content is the same!
[17:07:56.736] [trace] [t:96] Calling InitCallbackList
[17:07:56.737] [trace] [t:96] Received completion queue callback
[17:07:56.737] [trace] [t:96] Handling async callback 
[17:07:56.738] [info] [t:96] SyncEngine: Fetching contention.txt
[17:07:56.739] [info] [t:96] [Fetch] Only fetch file stats since content is the same!
[17:07:56.739] [trace] [t:96] Calling InitCallbackList
[17:07:56.740] [trace] [t:96] Received completion queue callback
[17:07:56.740] [trace] [t:96] Handling async callback 
[17:07:56.740] [info] [t:96] SyncEngine: Fetching contention.txt
[17:07:56.742] [info] [t:96] [Fetch] Only fetch file stats since content is the same!
[17:07:56.742] [trace] [t:96] Calling InitCallbackList
[17:07:56.743] [trace] [t:96] Received completion queue callback
[17:07:56.743] [trace] [t:96] Handling async callback 
[17:07:56.743] [info] [t:96] SyncEngine: Fetching contention.txt
[17:07:56.744] [info] [t:96] [Fetch] Only fetch file stats since content is the same!
[17:07:56.744] [trace] [t:96] Calling InitCallbackList
[17:07:56.745] [trace] [t:96] Received completion queue callback
[17:07:56.745] [trace] [t:96] Handling async callback 
[17:07:56.745] [info] [t:96] SyncEngine: Fetching contention.txt
[17:07:56.746] [info] [t:96] [Fetch] Only fetch file stats since content is the same!
[17:07:56.746] [trace] [t:96] Calling InitCallbackList
[17:07:56.747] [trace] [t:96] Received completion queue callback
[17:07:56.747] [trace] [t:96] Handling async callback 
[17:07:56.747] [info] [t:96] SyncEngine: Fetching contention.txt
[17:07:56.748] [info] [t:96] [Fetch] Only fetch file stats since content is the same!
[17:07:56.748] [trace] [t:96] Calling InitCallbackList
[17:07:56.749] [trace] [t:96] Received completion queue callback
[17:07:56.749] [trace] [t:96] Handling async callback 
[17:07:56.749] [info] [t:96] SyncEngine: Fetching contention.txt
[17:07:56.750] [info] [t:96] [Fetch] Only fetch file stats since content is the same!
[17:07:56.750] [trace] [t:96] Calling InitCallbackList
[17:07:56.750] [trace] [t:96] Received completion queue callback
[17:07:56.751] [trace] [t:96] Handling async callback 
[17:07:56.751] [info] [t:96] SyncEngine: Fetching contention.txt
[17:07:56.752] [info] [t:96] [Fetch] Only fetch file stats since content is the same!
[17:07:56.752] [trace] [t:96] Calling InitCallbackList
[17:07:56.753] [trace] [t:96] Received completion queue callback
[17:07:56.753] [trace] [t:96] Handling async callback 
[17:07:56.754] [info] [t:96] SyncEngine: Fetching contention.txt
[17:07:56.754] [info] [t:96] [Fetch] Only fetch file stats since content is the same!
[17:07:56.754] [trace] [t:96] Calling InitCallbackList
[17:07:56.756] [trace] [t:96] Received completion queue callback
[17:07:56.756] [trace] [t:96] Handling async callback 
[17:07:56.756] [info] [t:96] SyncEngine: Fetching contention.txt
[17:07:56.756] [info] [t:96] [Fetch] Only fetch file stats since content is the same!
[17:07:56.757] [trace] [t:96] Calling InitCallbackList
[17:07:56.757] [trace] [t:96] Received completion queue callback
[17:07:56.757] [trace] [t:96] Handling async callback 
[17:07:56.757] [info] [t:96] SyncEngine: Fetching contention.txt
[17:07:56.758] [info] [t:96] [Fetch] Only fetch file stats since content is the same!
[17:07:56.758] [trace] [t:96] Calling InitCallbackList
[17:07:56.760] [trace] [t:96] Received completion queue callback
[17:07:56.760] [trace] [t:96] Handling async callback 
[17:07:56.760] [info] [t:96] SyncEngine: Fetching contention.txt
[17:07:56.761] [info] [t:96] [Fetch] Only fetch file stats since content is the same!
[17:07:56.761] [trace] [t:96] Calling InitCallbackList
[17:07:56.762] [trace] [t:96] Received completion queue callback
[17:07:56.762] [trace] [t:96] Handling async callback 
[17:07:56.762] [info] [t:96] SyncEngine: Fetching contention.txt
[17:07:56.764] [info] [t:96] [Fetch] Only fetch file stats since content is the same!
[17:07:56.764] [trace] [t:96] Calling InitCallbackList
[17:07:56.765] [trace] [t:96] Received completion queue callback
[17:07:56.765] [trace] [t:96] Handling async callback 
[17:07:56.765] [info] [t:96] SyncEngine: Fetching contention.txt
[17:07:56.766] [info] [t:96] [Fetch] Only fetch file stats since content is the same!
[17:07:56.767] [trace] [t:96] Calling InitCallbackList
[17:07:56.768] [trace] [t:96] Received completion queue callback
[17:07:56.768] [trace] [t:96] Handling async callback 
[17:07:56.768] [info] [t:96] SyncEngine: Fetching contention.txt
[17:07:56.772] [info] [t:96] [Fetch] File fetched successfully: contention.txt
[17:07:56.772] [trace] [t:96] Calling InitCallbackList
[17:07:56.773] [trace] [t:94] inotify IN_MODIFY event occurred
[17:07:56.773] [trace] [t:96] Received completion queue callback
[17:07:56.773] [trace] [t:96] Handling async callback 
[17:07:56.774] [info] [t:94] [RequestWriteLock] Write lock obtained for file: contention.txt
[17:07:56.776] [error] [t:94] [Store] Store failed: File on server is identical to client's version.
[17:07:56.777] [trace] [t:94] inotify IN_MODIFY event occurred
[17:07:56.778] [info] [t:94] [RequestWriteLock] Write lock obtained for file: contention.txt
[17:07:56.780] [error] [t:94] [Store] Store failed: File on server is identical to client's version.
[17:07:56.780] [info] [t:96] SyncEngine: Fetching contention.txt
[17:07:56.781] [info] [t:96] [Fetch] Only fetch file stats since content is the same!
[17:07:56.781] [trace] [t:96] Calling InitCallbackList
[17:07:56.782] [trace] [t:96] Received completion queue callback
[17:07:56.782] [trace] [t:96] Handling async callback 
[17:07:56.782] [info] [t:96] SyncEngine: Fetching contention.txt
[17:07:56.783] [info] [t:96] [Fetch] Only fetch file stats since content is the same!
[17:07:56.783] [trace] [t:96] Calling InitCallbackList
[17:07:56.784] [trace] [t:96] Received completion queue callback
[17:07:56.784] [trace] [t:96] Handling async callback 
[17:07:56.784] [info] [t:96] SyncEngine: Fetching contention.txt
[17:07:56.786] [info] [t:96] [Fetch] Only fetch file stats since content is the same!
[17:07:56.786] [trace] [t:96] Calling InitCallbackList
[17:07:56.787] [trace] [t:96] Received completion queue callback
[17:07:56.787] [trace] [t:96] Handling async callback 
[17:07:56.787] [info] [t:96] SyncEngine: Fetching contention.txt
[17:07:56.788] [info] [t:96] [Fetch] Only fetch file stats since content is the same!
[17:07:56.788] [trace] [t:96] Calling InitCallbackList
[17:07:56.789] [trace] [t:96] Received completion queue callback
[17:07:56.789] [trace] [t:96] Handling async callback 
[17:07:56.789] [info] [t:96] SyncEngine: Fetching contention.txt
[17:07:56.790] [info] [t:96] [Fetch] Only fetch file stats since content is the same!
[17:07:56.790] [trace] [t:96] Calling InitCallbackList
[17:07:56.791] [trace] [t:96] Received completion queue callback
[17:07:56.791] [trace] [t:96] Handling async callback 
[17:07:56.791] [info] [t:96] SyncEngine: Fetching contention.txt
[17:07:56.792] [info] [t:96] [Fetch] Only fetch file stats since content is the same!
[17:07:56.792] [trace] [t:96] Calling InitCallbackList
[17:07:56.793] [trace] [t:96] Received completion queue callback
[17:07:56.793] [trace] [t:96] Handling async callback 
[17:07:56.793] [info] [t:96] SyncEngine: Fetching contention.txt
[17:07:56.793] [info] [t:96] [Fetch] Only fetch file stats since content is the same!
[17:07:56.794] [trace] [t:96] Calling InitCallbackList
[17:07:56.796] [trace] [t:96] Received completion queue callback
[17:07:56.796] [trace] [t:96] Handling async callback 
[17:07:56.796] [info] [t:96] SyncEngine: Fetching contention.txt
[17:07:56.797] [info] [t:96] [Fetch] Only fetch file stats since content is the same!
[17:07:56.797] [trace] [t:96] Calling InitCallbackList
[17:07:56.797] [trace] [t:96] Received completion queue callback
[17:07:56.797] [trace] [t:96] Handling async callback 
[17:07:56.798] [info] [t:96] SyncEngine: Fetching contention.txt
[17:07:56.799] [info] [t:96] [Fetch] Only fetch file stats since content is the same!
[17:07:56.799] [trace] [t:96] Calling InitCallbackList
[17:07:56.800] [trace] [t:96] Received completion queue callback
[17:07:56.800] [trace] [t:96] Handling async callback 
[17:07:56.800] [info] [t:96] SyncEngine: Fetching contention.txt
[17:07:56.802] [info] [t:96] [Fetch] Only fetch file stats since content is the same!
[17:07:56.802] [trace] [t:96] Calling InitCallbackList
[17:07:56.803] [trace] [t:96] Received completion queue callback
[17:07:56.803] [trace] [t:96] Handling async callback 
[17:07:56.803] [info] [t:96] SyncEngine: Fetching contention.txt
[17:07:56.804] [info] [t:96] [Fetch] Only fetch file stats since content is the same!
[17:07:56.804] [trace] [t:96] Calling InitCallbackList
[17:07:56.805] [trace] [t:96] Received completion queue callback
[17:07:56.805] [trace] [t:96] Handling async callback 
[17:07:56.805] [info] [t:96] SyncEngine: Fetching contention.txt
[17:07:56.806] [info] [t:96] [Fetch] Only fetch file stats since content is the same!
[17:07:56.806] [trace] [t:96] Calling InitCallbackList
[17:07:56.807] [trace] [t:96] Received completion queue callback
[17:07:56.807] [trace] [t:96] Handling async callback 
[17:07:56.807] [info] [t:96] SyncEngine: Fetching contention.txt
[17:07:56.810] [info] [t:96] [Fetch] File fetched successfully: contention.txt
[17:07:56.810] [trace] [t:96] Calling InitCallbackList
[17:07:56.811] [trace] [t:94] inotify IN_MODIFY event occurred
[17:07:56.812] [trace] [t:96] Received completion queue callback
[17:07:56.812] [trace] [t:96] Handling async callback 
[17:07:56.813] [info] [t:94] [RequestWriteLock] Write lock obtained for file: contention.txt
[17:07:56.815] [error] [t:94] [Store] Store failed: File on server is identical to client's version.
[17:07:56.815] [trace] [t:94] inotify IN_MODIFY event occurred
[17:07:56.817] [info] [t:94] [RequestWriteLock] Write lock obtained for file: contention.txt
[17:07:56.818] [error] [t:94] [Store] Store failed: File on server is identical to client's version.
[17:07:56.819] [info] [t:96] SyncEngine: Fetching contention.txt
[17:07:56.819] [info] [t:96] [Fetch] Only fetch file stats since content is the same!
[17:07:56.819] [trace] [t:96] Calling InitCallbackList
[17:07:56.821] [trace] [t:96] Received completion queue callback
[17:07:56.821] [trace] [t:96] Handling async callback 
[17:07:56.821] [info] [t:96] SyncEngine: Fetching contention.txt
[17:07:56.822] [info] [t:96] [Fetch] Only fetch file stats since content is the same!
[17:07:56.822] [trace] [t:96] Calling InitCallbackList
[17:07:56.823] [trace] [t:96] Received completion queue callback
[17:07:56.823] [trace] [t:96] Handling async callback 
[17:07:56.823] [info] [t:96] SyncEngine: Fetching contention.txt
[17:07:56.824] [info] [t:96] [Fetch] Only fetch file stats since content is the same!
[17:07:56.824] [trace] [t:96] Calling InitCallbackList
[17:07:56.825] [trace] [t:96] Received completion queue callback
[17:07:56.825] [trace] [t:96] Handling async callback 
[17:07:56.825] [info] [t:96] SyncEngine: Fetching contention.txt
[17:07:56.826] [info] [t:96] [Fetch] Only fetch file stats since content is the same!
[17:07:56.826] [trace] [t:96] Calling InitCallbackList
[17:07:56.827] [trace] [t:96] Received completion queue callback
[17:07:56.827] [trace] [t:96] Handling async callback 
[17:07:56.827] [info] [t:96] SyncEngine: Fetching contention.txt
[17:07:56.829] [info] [t:96] [Fetch] Only fetch file stats since content is the same!
[17:07:56.829] [trace] [t:96] Calling InitCallbackList
[17:07:56.830] [trace] [t:96] Received completion queue callback
[17:07:56.830] [trace] [t:96] Handling async callback 
[17:07:56.830] [info] [t:96] SyncEngine: Fetching contention.txt
[17:07:56.831] [info] [t:96] [Fetch] Only fetch file stats since content is the same!
[17:07:56.831] [trace] [t:96] Calling InitCallbackList
[17:07:56.832] [trace] [t:96] Received completion queue callback
[17:07:56.832] [trace] [t:96] Handling async callback 
[17:07:56.832] [info] [t:96] SyncEngine: Fetching contention.txt
[17:07:56.834] [info] [t:96] [Fetch] Only fetch file stats since content is the same!
[17:07:56.834] [trace] [t:96] Calling InitCallbackList
[17:07:56.835] [trace] [t:96] Received completion queue callback
[17:07:56.835] [trace] [t:96] Handling async callback 
[17:07:56.835] [info] [t:96] SyncEngine: Fetching contention.txt
[17:07:56.836] [info] [t:96] [Fetch] Only fetch file stats since content is the same!
[17:07:56.836] [trace] [t:96] Calling InitCallbackList
[17:07:56.837] [trace] [t:96] Received completion queue callback
[17:07:56.837] [trace] [t:96] Handling async callback 
[17:07:56.837] [info] [t:96] SyncEngine: Fetching contention.txt
[17:07:56.838] [info] [t:96] [Fetch] Only fetch file stats since content is the same!
[17:07:56.838] [trace] [t:96] Calling InitCallbackList
[17:07:56.839] [trace] [t:96] Received completion queue callback
[17:07:56.839] [trace] [t:96] Handling async callback 
[17:07:56.839] [info] [t:96] SyncEngine: Fetching contention.txt
[17:07:56.839] [info] [t:96] [Fetch] Only fetch file stats since content is the same!
[17:07:56.839] [trace] [t:96] Calling InitCallbackList
[17:07:56.840] [trace] [t:96] Received completion queue callback
[17:07:56.840] [trace] [t:96] Handling async callback 
[17:07:56.840] [info] [t:96] SyncEngine: Fetching contention.txt
[17:07:56.841] [info] [t:96] [Fetch] Only fetch file stats since content is the same!
[17:07:56.841] [trace] [t:96] Calling InitCallbackList
[17:07:56.843] [trace] [t:96] Received completion queue callback
[17:07:56.843] [trace] [t:96] Handling async callback 
[17:07:56.843] [info] [t:96] SyncEngine: Fetching contention.txt
[17:07:56.844] [info] [t:96] [Fetch] Only fetch file stats since content is the same!
[17:07:56.844] [trace] [t:96] Calling InitCallbackList
[17:07:56.845] [trace] [t:96] Received completion queue callback
[17:07:56.845] [trace] [t:96] Handling async callback 
[17:07:56.845] [info] [t:96] SyncEngine: Fetching contention.txt
[17:07:56.847] [info] [t:96] [Fetch] Only fetch file stats since content is the same!
[17:07:56.847] [trace] [t:96] Calling InitCallbackList
[17:07:56.848] [trace] [t:96] Received completion queue callback
[17:07:56.848] [trace] [t:96] Handling async callback 
[17:07:56.849] [trace] [t:94] inotify IN_MODIFY event occurred
[17:07:56.850] [info] [t:94] [RequestWriteLock] Write lock obtained for file: contention.txt
[17:07:56.853] [info] [t:94] [Store] File stored successfully: /tmp/dfs_test_mounts/client_1/contention.txt
[17:07:56.853] [info] [t:96] SyncEngine: Fetching contention.txt
[17:07:56.854] [info] [t:96] [Fetch] Only fetch file stats since content is the same!
[17:07:56.854] [trace] [t:96] Calling InitCallbackList
[17:07:56.855] [trace] [t:96] Received completion queue callback
[17:07:56.855] [trace] [t:96] Handling async callback 
[17:07:56.855] [info] [t:96] SyncEngine: Fetching contention.txt
[17:07:56.857] [info] [t:96] [Fetch] Only fetch file stats since content is the same!
[17:07:56.857] [trace] [t:96] Calling InitCallbackList
[17:07:56.858] [trace] [t:96] Received completion queue callback
[17:07:56.858] [trace] [t:96] Handling async callback 
[17:07:56.858] [info] [t:96] SyncEngine: Fetching contention.txt
[17:07:56.860] [info] [t:96] [Fetch] Only fetch file stats since content is the same!
[17:07:56.860] [trace] [t:96] Calling InitCallbackList
[17:07:56.861] [trace] [t:96] Received completion queue callback
[17:07:56.861] [trace] [t:96] Handling async callback 
[17:07:56.861] [info] [t:96] SyncEngine: Fetching contention.txt
[17:07:56.862] [info] [t:96] [Fetch] Only fetch file stats since content is the same!
[17:07:56.862] [trace] [t:96] Calling InitCallbackList
[17:07:56.863] [trace] [t:96] Received completion queue callback
[17:07:56.863] [trace] [t:96] Handling async callback 
[17:07:56.863] [info] [t:96] SyncEngine: Fetching contention.txt
[17:07:56.864] [info] [t:96] [Fetch] Only fetch file stats since content is the same!
[17:07:56.864] [trace] [t:96] Calling InitCallbackList
[17:07:56.865] [trace] [t:96] Received completion queue callback
[17:07:56.865] [trace] [t:96] Handling async callback 
[17:07:56.865] [info] [t:96] SyncEngine: Fetching contention.txt
[17:07:56.866] [info] [t:96] [Fetch] Only fetch file stats since content is the same!
[17:07:56.867] [trace] [t:96] Calling InitCallbackList
[17:07:56.868] [trace] [t:96] Received completion queue callback
[17:07:56.868] [trace] [t:96] Handling async callback 
[17:07:56.868] [info] [t:96] SyncEngine: Fetching contention.txt
[17:07:56.869] [info] [t:96] [Fetch] Only fetch file stats since content is the same!
[17:07:56.869] [trace] [t:96] Calling InitCallbackList
[17:07:56.870] [trace] [t:96] Received completion queue callback
[17:07:56.870] [trace] [t:96] Handling async callback 
[17:07:56.870] [info] [t:96] SyncEngine: Fetching contention.txt
[17:07:56.871] [info] [t:96] [Fetch] Only fetch file stats since content is the same!
[17:07:56.871] [trace] [t:96] Calling InitCallbackList
[17:07:56.872] [trace] [t:96] Received completion queue callback
[17:07:56.872] [trace] [t:96] Handling async callback 
[17:07:56.872] [info] [t:96] SyncEngine: Fetching contention.txt
[17:07:56.873] [info] [t:96] [Fetch] Only fetch file stats since content is the same!
[17:07:56.874] [trace] [t:96] Calling InitCallbackList
[17:07:56.875] [trace] [t:96] Received completion queue callback
[17:07:56.875] [trace] [t:96] Handling async callback 
[17:07:56.875] [info] [t:96] SyncEngine: Fetching contention.txt
[17:07:56.876] [info] [t:96] [Fetch] Only fetch file stats since content is the same!
[17:07:56.876] [trace] [t:96] Calling InitCallbackList
[17:07:56.877] [trace] [t:96] Received completion queue callback
[17:07:56.877] [trace] [t:96] Handling async callback 
[17:07:56.877] [info] [t:96] SyncEngine: Fetching contention.txt
[17:07:56.878] [info] [t:96] [Fetch] Only fetch file stats since content is the same!
[17:07:56.878] [trace] [t:96] Calling InitCallbackList
[17:07:56.879] [trace] [t:96] Received completion queue callback
[17:07:56.879] [trace] [t:96] Handling async callback 
[17:07:56.879] [info] [t:96] SyncEngine: Fetching contention.txt
[17:07:56.880] [info] [t:96] [Fetch] Only fetch file stats since content is the same!
[17:07:56.880] [trace] [t:96] Calling InitCallbackList
[17:07:56.881] [trace] [t:96] Received completion queue callback
[17:07:56.881] [trace] [t:96] Handling async callback 
[17:07:56.881] [info] [t:96] SyncEngine: Fetching contention.txt
[17:07:56.882] [info] [t:96] [Fetch] Only fetch file stats since content is the same!
[17:07:56.882] [trace] [t:96] Calling InitCallbackList
[17:07:56.883] [trace] [t:96] Received completion queue callback
[17:07:56.883] [trace] [t:96] Handling async callback 
[17:07:56.883] [info] [t:96] SyncEngine: Fetching contention.txt
[17:07:56.884] [info] [t:96] [Fetch] Only fetch file stats since content is the same!
[17:07:56.884] [trace] [t:96] Calling InitCallbackList
[17:07:56.885] [trace] [t:96] Received completion queue callback
[17:07:56.885] [trace] [t:96] Handling async callback 
[17:07:56.885] [info] [t:96] SyncEngine: Fetching contention.txt
[17:07:56.886] [info] [t:96] [Fetch] Only fetch file stats since content is the same!
[17:07:56.886] [trace] [t:96] Calling InitCallbackList
[17:07:56.887] [trace] [t:96] Received completion queue callback
[17:07:56.887] [trace] [t:96] Handling async callback 
[17:07:56.888] [info] [t:96] SyncEngine: Fetching contention.txt
[17:07:56.888] [info] [t:96] [Fetch] Only fetch file stats since content is the same!
[17:07:56.888] [trace] [t:96] Calling InitCallbackList
[17:07:56.889] [trace] [t:96] Received completion queue callback
[17:07:56.889] [trace] [t:96] Handling async callback 
[17:07:56.889] [info] [t:96] SyncEngine: Fetching contention.txt
[17:07:56.890] [info] [t:96] [Fetch] Only fetch file stats since content is the same!
[17:07:56.890] [trace] [t:96] Calling InitCallbackList
[17:07:56.891] [trace] [t:96] Received completion queue callback
[17:07:56.891] [trace] [t:96] Handling async callback 
[17:07:56.891] [info] [t:96] SyncEngine: Fetching contention.txt
[17:07:56.892] [info] [t:96] [Fetch] Only fetch file stats since content is the same!
[17:07:56.892] [trace] [t:96] Calling InitCallbackList
[17:07:56.893] [trace] [t:96] Received completion queue callback
[17:07:56.893] [trace] [t:96] Handling async callback 
[17:07:56.893] [info] [t:96] SyncEngine: Fetching contention.txt
[17:07:56.895] [info] [t:96] [Fetch] Only fetch file stats since content is the same!
[17:07:56.895] [trace] [t:96] Calling InitCallbackList
[17:07:56.896] [trace] [t:96] Received completion queue callback
[17:07:56.896] [trace] [t:96] Handling async callback 
[17:07:56.896] [info] [t:96] SyncEngine: Fetching contention.txt
[17:07:56.899] [info] [t:96] [Fetch] File fetched successfully: contention.txt
[17:07:56.899] [trace] [t:96] Calling InitCallbackList
[17:07:56.900] [trace] [t:94] inotify IN_MODIFY event occurred
[17:07:56.901] [trace] [t:96] Received completion queue callback
[17:07:56.901] [trace] [t:96] Handling async callback 
[17:07:56.902] [info] [t:94] [RequestWriteLock] Write lock obtained for file: contention.txt
[17:07:56.904] [error] [t:94] [Store] Store failed: File on server is identical to client's version.
[17:07:56.905] [trace] [t:94] inotify IN_MODIFY event occurred
[17:07:56.906] [info] [t:94] [RequestWriteLock] Write lock obtained for file: contention.txt
[17:07:56.907] [error] [t:94] [Store] Store failed: File on server is identical to client's version.
[17:07:56.907] [info] [t:96] SyncEngine: Fetching contention.txt
[17:07:56.909] [info] [t:96] [Fetch] Only fetch file stats since content is the same!
[17:07:56.909] [trace] [t:96] Calling InitCallbackList
[17:07:56.910] [trace] [t:96] Received completion queue callback
[17:07:56.910] [trace] [t:96] Handling async callback 
[17:07:56.910] [info] [t:96] SyncEngine: Fetching contention.txt
[17:07:56.911] [info] [t:96] [Fetch] Only fetch file stats since content is the same!
[17:07:56.911] [trace] [t:96] Calling InitCallbackList
[17:07:56.913] [trace] [t:96] Received completion queue callback
[17:07:56.913] [trace] [t:96] Handling async callback 
[17:07:56.913] [info] [t:96] SyncEngine: Fetching contention.txt
[17:07:56.914] [info] [t:96] [Fetch] Only fetch file stats since content is the same!
[17:07:56.914] [trace] [t:96] Calling InitCallbackList
[17:07:56.915] [trace] [t:96] Received completion queue callback
[17:07:56.915] [trace] [t:96] Handling async callback 
[17:07:56.915] [info] [t:96] SyncEngine: Fetching contention.txt
[17:07:56.916] [info] [t:96] [Fetch] Only fetch file stats since content is the same!
[17:07:56.917] [trace] [t:96] Calling InitCallbackList
[17:07:56.917] [trace] [t:96] Received completion queue callback
[17:07:56.917] [trace] [t:96] Handling async callback 
[17:07:56.917] [info] [t:96] SyncEngine: Fetching contention.txt
[17:07:56.918] [info] [t:96] [Fetch] Only fetch file stats since content is the same!
[17:07:56.919] [trace] [t:96] Calling InitCallbackList
[17:07:56.920] [trace] [t:96] Received completion queue callback
[17:07:56.920] [trace] [t:96] Handling async callback 
[17:07:56.920] [info] [t:96] SyncEngine: Fetching contention.txt
[17:07:56.921] [info] [t:96] [Fetch] Only fetch file stats since content is the same!
[17:07:56.921] [trace] [t:96] Calling InitCallbackList
[17:07:56.921] [trace] [t:96] Received completion queue callback
[17:07:56.921] [trace] [t:96] Handling async callback 
[17:07:56.921] [info] [t:96] SyncEngine: Fetching contention.txt
[17:07:56.923] [info] [t:96] [Fetch] Only fetch file stats since content is the same!
[17:07:56.923] [trace] [t:96] Calling InitCallbackList
[17:07:56.924] [trace] [t:96] Received completion queue callback
[17:07:56.924] [trace] [t:96] Handling async callback 
[17:07:56.924] [info] [t:96] SyncEngine: Fetching contention.txt
[17:07:56.925] [info] [t:96] [Fetch] Only fetch file stats since content is the same!
[17:07:56.925] [trace] [t:96] Calling InitCallbackList
[17:07:56.926] [trace] [t:96] Received completion queue callback
[17:07:56.926] [trace] [t:96] Handling async callback 
[17:07:56.927] [trace] [t:96] SyncEngine: No action for contention.txt
[17:07:56.927] [trace] [t:96] Calling InitCallbackList
[17:07:56.928] [trace] [t:94] inotify IN_MODIFY event occurred
[17:07:56.928] [trace] [t:96] Received completion queue callback
[17:07:56.929] [trace] [t:96] Handling async callback 
[17:07:56.929] [info] [t:94] [RequestWriteLock] Write lock obtained for file: contention.txt
[17:07:56.931] [info] [t:94] [Store] File stored successfully: /tmp/dfs_test_mounts/client_1/contention.txt
[17:07:56.931] [info] [t:96] SyncEngine: Fetching contention.txt
[17:07:56.932] [info] [t:96] [Fetch] Only fetch file stats since content is the same!
[17:07:56.932] [trace] [t:96] Calling InitCallbackList
[17:07:56.933] [trace] [t:96] Received completion queue callback
[17:07:56.933] [trace] [t:96] Handling async callback 
[17:07:56.934] [info] [t:96] SyncEngine: Fetching contention.txt
[17:07:56.935] [info] [t:96] [Fetch] Only fetch file stats since content is the same!
[17:07:56.935] [trace] [t:96] Calling InitCallbackList
[17:07:56.936] [trace] [t:96] Received completion queue callback
[17:07:56.936] [trace] [t:96] Handling async callback 
[17:07:56.936] [info] [t:96] SyncEngine: Fetching contention.txt
[17:07:56.937] [info] [t:96] [Fetch] Only fetch file stats since content is the same!
[17:07:56.937] [trace] [t:96] Calling InitCallbackList
[17:07:56.939] [trace] [t:96] Received completion queue callback
[17:07:56.939] [trace] [t:96] Handling async callback 
[17:07:56.939] [info] [t:96] SyncEngine: Fetching contention.txt
[17:07:56.940] [info] [t:96] [Fetch] Only fetch file stats since content is the same!
[17:07:56.940] [trace] [t:96] Calling InitCallbackList
[17:07:56.941] [trace] [t:96] Received completion queue callback
[17:07:56.941] [trace] [t:96] Handling async callback 
[17:07:56.941] [info] [t:96] SyncEngine: Fetching contention.txt
[17:07:56.942] [info] [t:96] [Fetch] Only fetch file stats since content is the same!
[17:07:56.943] [trace] [t:96] Calling InitCallbackList
[17:07:56.944] [trace] [t:96] Received completion queue callback
[17:07:56.944] [trace] [t:96] Handling async callback 
[17:07:56.944] [info] [t:96] SyncEngine: Fetching contention.txt
[17:07:56.945] [info] [t:96] [Fetch] Only fetch file stats since content is the same!
[17:07:56.945] [trace] [t:96] Calling InitCallbackList
[17:07:56.946] [trace] [t:96] Received completion queue callback
[17:07:56.946] [trace] [t:96] Handling async callback 
[17:07:56.946] [info] [t:96] SyncEngine: Fetching contention.txt
[17:07:56.948] [info] [t:96] [Fetch] Only fetch file stats since content is the same!
[17:07:56.948] [trace] [t:96] Calling InitCallbackList
[17:07:56.949] [trace] [t:96] Received completion queue callback
[17:07:56.949] [trace] [t:96] Handling async callback 
[17:07:56.949] [info] [t:96] SyncEngine: Fetching contention.txt
[17:07:56.950] [info] [t:96] [Fetch] Only fetch file stats since content is the same!
[17:07:56.950] [trace] [t:96] Calling InitCallbackList
[17:07:56.951] [trace] [t:96] Received completion queue callback
[17:07:56.951] [trace] [t:96] Handling async callback 
[17:07:56.951] [info] [t:96] SyncEngine: Fetching contention.txt
[17:07:56.952] [info] [t:96] [Fetch] Only fetch file stats since content is the same!
[17:07:56.952] [trace] [t:96] Calling InitCallbackList
[17:07:56.953] [trace] [t:96] Received completion queue callback
[17:07:56.953] [trace] [t:96] Handling async callback 
[17:07:56.953] [info] [t:96] SyncEngine: Fetching contention.txt
[17:07:56.954] [info] [t:96] [Fetch] Only fetch file stats since content is the same!
[17:07:56.954] [trace] [t:96] Calling InitCallbackList
[17:07:56.955] [trace] [t:96] Received completion queue callback
[17:07:56.955] [trace] [t:96] Handling async callback 
[17:07:56.955] [info] [t:96] SyncEngine: Fetching contention.txt
[17:07:56.956] [info] [t:96] [Fetch] Only fetch file stats since content is the same!
[17:07:56.956] [trace] [t:96] Calling InitCallbackList
[17:07:56.957] [trace] [t:96] Received completion queue callback
[17:07:56.957] [trace] [t:96] Handling async callback 
[17:07:56.957] [info] [t:96] SyncEngine: Fetching contention.txt
[17:07:56.958] [info] [t:96] [Fetch] Only fetch file stats since content is the same!
[17:07:56.959] [trace] [t:96] Calling InitCallbackList
[17:07:56.960] [trace] [t:96] Received completion queue callback
[17:07:56.960] [trace] [t:96] Handling async callback 
[17:07:56.960] [info] [t:96] SyncEngine: Fetching contention.txt
[17:07:56.961] [info] [t:96] [Fetch] Only fetch file stats since content is the same!
[17:07:56.962] [trace] [t:96] Calling InitCallbackList
[17:07:56.963] [trace] [t:96] Received completion queue callback
[17:07:56.963] [trace] [t:96] Handling async callback 
[17:07:56.963] [info] [t:96] SyncEngine: Fetching contention.txt
[17:07:56.964] [info] [t:96] [Fetch] Only fetch file stats since content is the same!
[17:07:56.964] [trace] [t:96] Calling InitCallbackList
[17:07:56.965] [trace] [t:96] Received completion queue callback
[17:07:56.965] [trace] [t:96] Handling async callback 
[17:07:56.965] [info] [t:96] SyncEngine: Fetching contention.txt
[17:07:56.966] [info] [t:96] [Fetch] Only fetch file stats since content is the same!
[17:07:56.966] [trace] [t:96] Calling InitCallbackList
[17:07:56.966] [trace] [t:96] Received completion queue callback
[17:07:56.966] [trace] [t:96] Handling async callback 
[17:07:56.966] [info] [t:96] SyncEngine: Fetching contention.txt
[17:07:56.967] [info] [t:96] [Fetch] Only fetch file stats since content is the same!
[17:07:56.967] [trace] [t:96] Calling InitCallbackList
[17:07:56.968] [trace] [t:96] Received completion queue callback
[17:07:56.968] [trace] [t:96] Handling async callback 
[17:07:56.968] [info] [t:96] SyncEngine: Fetching contention.txt
[17:07:56.969] [info] [t:96] [Fetch] Only fetch file stats since content is the same!
[17:07:56.969] [trace] [t:96] Calling InitCallbackList
[17:07:56.970] [trace] [t:96] Received completion queue callback
[17:07:56.970] [trace] [t:96] Handling async callback 
[17:07:56.970] [info] [t:96] SyncEngine: Fetching contention.txt
[17:07:56.971] [info] [t:96] [Fetch] Only fetch file stats since content is the same!
[17:07:56.971] [trace] [t:96] Calling InitCallbackList
[17:07:56.973] [trace] [t:96] Received completion queue callback
[17:07:56.973] [trace] [t:96] Handling async callback 
[17:07:56.973] [info] [t:96] SyncEngine: Fetching contention.txt
[17:07:56.974] [info] [t:96] [Fetch] Only fetch file stats since content is the same!
[17:07:56.974] [trace] [t:96] Calling InitCallbackList
[17:07:56.975] [trace] [t:96] Received completion queue callback
[17:07:56.975] [trace] [t:96] Handling async callback 
[17:07:56.976] [info] [t:96] SyncEngine: Fetching contention.txt
[17:07:56.977] [info] [t:96] [Fetch] Only fetch file stats since content is the same!
[17:07:56.977] [trace] [t:96] Calling InitCallbackList
[17:07:56.978] [trace] [t:96] Received completion queue callback
[17:07:56.978] [trace] [t:96] Handling async callback 
[17:07:56.978] [info] [t:96] SyncEngine: Fetching contention.txt
[17:07:56.980] [info] [t:96] [Fetch] File fetched successfully: contention.txt
[17:07:56.980] [trace] [t:96] Calling InitCallbackList
[17:07:56.981] [trace] [t:94] inotify IN_MODIFY event occurred
[17:07:56.983] [info] [t:94] [RequestWriteLock] Write lock obtained for file: contention.txt
[17:07:56.983] [trace] [t:96] Received completion queue callback
[17:07:56.983] [trace] [t:96] Handling async callback 
[17:07:56.985] [error] [t:94] [Store] Store failed: File on server is identical to client's version.
[17:07:56.985] [trace] [t:94] inotify IN_MODIFY event occurred
[17:07:56.986] [info] [t:94] [RequestWriteLock] Write lock obtained for file: contention.txt
[17:07:56.988] [error] [t:94] [Store] Store failed: File on server is identical to client's version.
[17:07:56.988] [info] [t:96] SyncEngine: Fetching contention.txt
[17:07:56.989] [info] [t:96] [Fetch] Only fetch file stats since content is the same!
[17:07:56.989] [trace] [t:96] Calling InitCallbackList
[17:07:56.990] [trace] [t:96] Received completion queue callback
[17:07:56.990] [trace] [t:96] Handling async callback 
[17:07:56.990] [info] [t:96] SyncEngine: Fetching contention.txt
[17:07:56.991] [info] [t:96] [Fetch] Only fetch file stats since content is the same!
[17:07:56.991] [trace] [t:96] Calling InitCallbackList
[17:07:56.992] [trace] [t:96] Received completion queue callback
[17:07:56.992] [trace] [t:96] Handling async callback 
[17:07:56.992] [info] [t:96] SyncEngine: Fetching contention.txt
[17:07:56.993] [info] [t:96] [Fetch] Only fetch file stats since content is the same!
[17:07:56.993] [trace] [t:96] Calling InitCallbackList
[17:07:56.994] [trace] [t:96] Received completion queue callback
[17:07:56.994] [trace] [t:96] Handling async callback 
[17:07:56.994] [info] [t:96] SyncEngine: Fetching contention.txt
[17:07:56.995] [info] [t:96] [Fetch] Only fetch file stats since content is the same!
[17:07:56.995] [trace] [t:96] Calling InitCallbackList
[17:07:56.996] [trace] [t:96] Received completion queue callback
[17:07:56.996] [trace] [t:96] Handling async callback 
[17:07:56.996] [info] [t:96] SyncEngine: Fetching contention.txt
[17:07:56.997] [info] [t:96] [Fetch] Only fetch file stats since content is the same!
[17:07:56.997] [trace] [t:96] Calling InitCallbackList
[17:07:56.998] [trace] [t:96] Received completion queue callback
[17:07:56.998] [trace] [t:96] Handling async callback 
[17:07:56.998] [info] [t:96] SyncEngine: Fetching contention.txt
[17:07:56.999] [info] [t:96] [Fetch] Only fetch file stats since content is the same!
[17:07:56.999] [trace] [t:96] Calling InitCallbackList
[17:07:57.000] [trace] [t:96] Received completion queue callback
[17:07:57.000] [trace] [t:96] Handling async callback 
[17:07:57.000] [info] [t:96] SyncEngine: Fetching contention.txt
[17:07:57.001] [info] [t:96] [Fetch] Only fetch file stats since content is the same!
[17:07:57.001] [trace] [t:96] Calling InitCallbackList
[17:07:57.002] [trace] [t:96] Received completion queue callback
[17:07:57.003] [trace] [t:96] Handling async callback 
[17:07:57.003] [info] [t:96] SyncEngine: Fetching contention.txt
[17:07:57.006] [info] [t:96] [Fetch] File fetched successfully: contention.txt
[17:07:57.006] [trace] [t:96] Calling InitCallbackList
[17:07:57.007] [trace] [t:96] Received completion queue callback
[17:07:57.007] [trace] [t:96] Handling async callback 
[17:07:57.007] [trace] [t:94] inotify IN_MODIFY event occurred
[17:07:57.008] [info] [t:94] [RequestWriteLock] Write lock obtained for file: contention.txt
[17:07:57.010] [error] [t:94] [Store] Store failed: File on server is identical to client's version.
[17:07:57.011] [trace] [t:94] inotify IN_MODIFY event occurred
[17:07:57.013] [info] [t:94] [RequestWriteLock] Write lock obtained for file: contention.txt
[17:07:57.014] [error] [t:94] [Store] Store failed: File on server is identical to client's version.
[17:07:57.014] [info] [t:96] SyncEngine: Fetching contention.txt
[17:07:57.016] [info] [t:96] [Fetch] Only fetch file stats since content is the same!
[17:07:57.016] [trace] [t:96] Calling InitCallbackList
[17:07:57.016] [trace] [t:96] Received completion queue callback
[17:07:57.016] [trace] [t:96] Handling async callback 
[17:07:57.017] [info] [t:96] SyncEngine: Fetching contention.txt
[17:07:57.018] [info] [t:96] [Fetch] Only fetch file stats since content is the same!
[17:07:57.018] [trace] [t:96] Calling InitCallbackList
[17:07:57.019] [trace] [t:96] Received completion queue callback
[17:07:57.019] [trace] [t:96] Handling async callback 
[17:07:57.019] [info] [t:96] SyncEngine: Fetching contention.txt
[17:07:57.020] [info] [t:96] [Fetch] Only fetch file stats since content is the same!
[17:07:57.020] [trace] [t:96] Calling InitCallbackList
[17:07:57.021] [trace] [t:96] Received completion queue callback
[17:07:57.021] [trace] [t:96] Handling async callback 
[17:07:57.021] [info] [t:96] SyncEngine: Fetching contention.txt
[17:07:57.023] [info] [t:96] [Fetch] Only fetch file stats since content is the same!
[17:07:57.023] [trace] [t:96] Calling InitCallbackList
[17:07:57.024] [trace] [t:96] Received completion queue callback
[17:07:57.024] [trace] [t:96] Handling async callback 
[17:07:57.024] [info] [t:96] SyncEngine: Fetching contention.txt
[17:07:57.025] [info] [t:96] [Fetch] Only fetch file stats since content is the same!
[17:07:57.025] [trace] [t:96] Calling InitCallbackList
[17:07:57.026] [trace] [t:96] Received completion queue callback
[17:07:57.026] [trace] [t:96] Handling async callback 
[17:07:57.026] [info] [t:96] SyncEngine: Fetching contention.txt
[17:07:57.027] [info] [t:96] [Fetch] Only fetch file stats since content is the same!
[17:07:57.027] [trace] [t:96] Calling InitCallbackList
[17:07:57.028] [trace] [t:96] Received completion queue callback
[17:07:57.028] [trace] [t:96] Handling async callback 
[17:07:57.028] [info] [t:96] SyncEngine: Fetching contention.txt
[17:07:57.030] [info] [t:96] [Fetch] Only fetch file stats since content is the same!
[17:07:57.030] [trace] [t:96] Calling InitCallbackList
[17:07:57.031] [trace] [t:96] Received completion queue callback
[17:07:57.031] [trace] [t:96] Handling async callback 
[17:07:57.031] [info] [t:96] SyncEngine: Fetching contention.txt
[17:07:57.032] [info] [t:96] [Fetch] Only fetch file stats since content is the same!
[17:07:57.033] [trace] [t:96] Calling InitCallbackList
[17:07:57.033] [trace] [t:96] Received completion queue callback
[17:07:57.033] [trace] [t:96] Handling async callback 
[17:07:57.034] [info] [t:96] SyncEngine: Fetching contention.txt
[17:07:57.037] [info] [t:96] [Fetch] File fetched successfully: contention.txt
[17:07:57.037] [trace] [t:96] Calling InitCallbackList
[17:07:57.038] [trace] [t:94] inotify IN_MODIFY event occurred
[17:07:57.038] [trace] [t:96] Received completion queue callback
[17:07:57.038] [trace] [t:96] Handling async callback 
[17:07:57.039] [info] [t:94] [RequestWriteLock] Write lock obtained for file: contention.txt
[17:07:57.040] [error] [t:94] [Store] Store failed: File on server is identical to client's version.
[17:07:57.041] [trace] [t:94] inotify IN_MODIFY event occurred
[17:07:57.042] [info] [t:94] [RequestWriteLock] Write lock obtained for file: contention.txt
[17:07:57.044] [error] [t:94] [Store] Store failed: File on server is identical to client's version.
[17:07:57.044] [info] [t:96] SyncEngine: Fetching contention.txt
[17:07:57.045] [info] [t:96] [Fetch] Only fetch file stats since content is the same!
[17:07:57.045] [trace] [t:96] Calling InitCallbackList
[17:07:57.046] [trace] [t:96] Received completion queue callback
[17:07:57.046] [trace] [t:96] Handling async callback 
[17:07:57.047] [info] [t:96] SyncEngine: Fetching contention.txt
[17:07:57.048] [info] [t:96] [Fetch] Only fetch file stats since content is the same!
[17:07:57.048] [trace] [t:96] Calling InitCallbackList
[17:07:57.049] [trace] [t:96] Received completion queue callback
[17:07:57.049] [trace] [t:96] Handling async callback 
[17:07:57.049] [info] [t:96] SyncEngine: Fetching contention.txt
[17:07:57.051] [info] [t:96] [Fetch] Only fetch file stats since content is the same!
[17:07:57.051] [trace] [t:96] Calling InitCallbackList
[17:07:57.052] [trace] [t:96] Received completion queue callback
[17:07:57.052] [trace] [t:96] Handling async callback 
[17:07:57.052] [trace] [t:94] inotify IN_MODIFY event occurred
[17:07:57.054] [info] [t:94] [RequestWriteLock] Write lock obtained for file: contention.txt
[17:07:57.055] [info] [t:94] [Store] File stored successfully: /tmp/dfs_test_mounts/client_1/contention.txt
[17:07:57.055] [info] [t:96] SyncEngine: Fetching contention.txt
[17:07:57.057] [info] [t:96] [Fetch] Only fetch file stats since content is the same!
[17:07:57.057] [trace] [t:96] Calling InitCallbackList
[17:07:57.058] [trace] [t:96] Received completion queue callback
[17:07:57.058] [trace] [t:96] Handling async callback 
[17:07:57.058] [info] [t:96] SyncEngine: Fetching contention.txt
[17:07:57.060] [info] [t:96] [Fetch] Only fetch file stats since content is the same!
[17:07:57.060] [trace] [t:96] Calling InitCallbackList
[17:07:57.062] [trace] [t:96] Received completion queue callback
[17:07:57.062] [trace] [t:96] Handling async callback 
[17:07:57.062] [info] [t:96] SyncEngine: Fetching contention.txt
[17:07:57.063] [info] [t:96] [Fetch] Only fetch file stats since content is the same!
[17:07:57.063] [trace] [t:96] Calling InitCallbackList
[17:07:57.064] [trace] [t:96] Received completion queue callback
[17:07:57.064] [trace] [t:96] Handling async callback 
[17:07:57.064] [info] [t:96] SyncEngine: Fetching contention.txt
[17:07:57.065] [info] [t:96] [Fetch] Only fetch file stats since content is the same!
[17:07:57.065] [trace] [t:96] Calling InitCallbackList
[17:07:57.066] [trace] [t:96] Received completion queue callback
[17:07:57.066] [trace] [t:96] Handling async callback 
[17:07:57.066] [info] [t:96] SyncEngine: Fetching contention.txt
[17:07:57.067] [info] [t:96] [Fetch] Only fetch file stats since content is the same!
[17:07:57.067] [trace] [t:96] Calling InitCallbackList
[17:07:57.068] [trace] [t:96] Received completion queue callback
[17:07:57.068] [trace] [t:96] Handling async callback 
[17:07:57.069] [info] [t:96] SyncEngine: Fetching contention.txt
[17:07:57.069] [info] [t:96] [Fetch] Only fetch file stats since content is the same!
[17:07:57.069] [trace] [t:96] Calling InitCallbackList
[17:07:57.070] [trace] [t:96] Received completion queue callback
[17:07:57.070] [trace] [t:96] Handling async callback 
[17:07:57.070] [info] [t:96] SyncEngine: Fetching contention.txt
[17:07:57.072] [info] [t:96] [Fetch] Only fetch file stats since content is the same!
[17:07:57.072] [trace] [t:96] Calling InitCallbackList
[17:07:57.073] [trace] [t:96] Received completion queue callback
[17:07:57.073] [trace] [t:96] Handling async callback 
[17:07:57.074] [info] [t:96] SyncEngine: Fetching contention.txt
[17:07:57.074] [info] [t:96] [Fetch] Only fetch file stats since content is the same!
[17:07:57.075] [trace] [t:96] Calling InitCallbackList
[17:07:57.075] [trace] [t:96] Received completion queue callback
[17:07:57.075] [trace] [t:96] Handling async callback 
[17:07:57.076] [info] [t:96] SyncEngine: Fetching contention.txt
[17:07:57.076] [info] [t:96] [Fetch] Only fetch file stats since content is the same!
[17:07:57.077] [trace] [t:96] Calling InitCallbackList
[17:07:57.077] [trace] [t:96] Received completion queue callback
[17:07:57.078] [trace] [t:96] Handling async callback 
[17:07:57.078] [info] [t:96] SyncEngine: Fetching contention.txt
[17:07:57.079] [info] [t:96] [Fetch] Only fetch file stats since content is the same!
[17:07:57.079] [trace] [t:96] Calling InitCallbackList
[17:07:57.080] [trace] [t:96] Received completion queue callback
[17:07:57.080] [trace] [t:96] Handling async callback 
[17:07:57.080] [info] [t:96] SyncEngine: Fetching contention.txt
[17:07:57.081] [info] [t:96] [Fetch] Only fetch file stats since content is the same!
[17:07:57.081] [trace] [t:96] Calling InitCallbackList
[17:07:57.082] [trace] [t:96] Received completion queue callback
[17:07:57.082] [trace] [t:96] Handling async callback 
[17:07:57.082] [info] [t:96] SyncEngine: Fetching contention.txt
[17:07:57.083] [info] [t:96] [Fetch] Only fetch file stats since content is the same!
[17:07:57.083] [trace] [t:96] Calling InitCallbackList
[17:07:57.084] [trace] [t:96] Received completion queue callback
[17:07:57.084] [trace] [t:96] Handling async callback 
[17:07:57.084] [info] [t:96] SyncEngine: Fetching contention.txt
[17:07:57.086] [info] [t:96] [Fetch] Only fetch file stats since content is the same!
[17:07:57.086] [trace] [t:96] Calling InitCallbackList
[17:07:57.087] [trace] [t:96] Received completion queue callback
[17:07:57.087] [trace] [t:96] Handling async callback 
[17:07:57.087] [info] [t:96] SyncEngine: Fetching contention.txt
[17:07:57.089] [info] [t:96] [Fetch] Only fetch file stats since content is the same!
[17:07:57.089] [trace] [t:96] Calling InitCallbackList
[17:07:57.090] [trace] [t:96] Received completion queue callback
[17:07:57.090] [trace] [t:96] Handling async callback 
[17:07:57.090] [info] [t:96] SyncEngine: Fetching contention.txt
[17:07:57.091] [info] [t:96] [Fetch] Only fetch file stats since content is the same!
[17:07:57.092] [trace] [t:96] Calling InitCallbackList
[17:07:57.093] [trace] [t:96] Received completion queue callback
[17:07:57.093] [trace] [t:96] Handling async callback 
[17:07:57.093] [info] [t:96] SyncEngine: Fetching contention.txt
[17:07:57.094] [info] [t:96] [Fetch] Only fetch file stats since content is the same!
[17:07:57.094] [trace] [t:96] Calling InitCallbackList
[17:07:57.095] [trace] [t:96] Received completion queue callback
[17:07:57.095] [trace] [t:96] Handling async callback 
[17:07:57.095] [info] [t:96] SyncEngine: Fetching contention.txt
[17:07:57.096] [info] [t:96] [Fetch] Only fetch file stats since content is the same!
[17:07:57.096] [trace] [t:96] Calling InitCallbackList
[17:07:57.097] [trace] [t:96] Received completion queue callback
[17:07:57.097] [trace] [t:96] Handling async callback 
[17:07:57.097] [info] [t:96] SyncEngine: Fetching contention.txt
[17:07:57.098] [info] [t:96] [Fetch] Only fetch file stats since content is the same!
[17:07:57.098] [trace] [t:96] Calling InitCallbackList
[17:07:57.099] [trace] [t:96] Received completion queue callback
[17:07:57.099] [trace] [t:96] Handling async callback 
[17:07:57.099] [info] [t:96] SyncEngine: Fetching contention.txt
[17:07:57.100] [info] [t:96] [Fetch] Only fetch file stats since content is the same!
[17:07:57.100] [trace] [t:96] Calling InitCallbackList
[17:07:57.101] [trace] [t:96] Received completion queue callback
[17:07:57.101] [trace] [t:96] Handling async callback 
[17:07:57.101] [info] [t:96] SyncEngine: Fetching contention.txt
[17:07:57.104] [info] [t:96] [Fetch] File fetched successfully: contention.txt
[17:07:57.104] [trace] [t:96] Calling InitCallbackList
[17:07:57.105] [trace] [t:94] inotify IN_MODIFY event occurred
[17:07:57.105] [trace] [t:96] Received completion queue callback
[17:07:57.105] [trace] [t:96] Handling async callback 
[17:07:57.107] [info] [t:94] [RequestWriteLock] Write lock obtained for file: contention.txt
[17:07:57.108] [error] [t:94] [Store] Store failed: File on server is identical to client's version.
[17:07:57.108] [trace] [t:94] inotify IN_MODIFY event occurred
[17:07:57.110] [info] [t:94] [RequestWriteLock] Write lock obtained for file: contention.txt
[17:07:57.111] [error] [t:94] [Store] Store failed: File on server is identical to client's version.
[17:07:57.111] [info] [t:96] SyncEngine: Fetching contention.txt
[17:07:57.112] [info] [t:96] [Fetch] Only fetch file stats since content is the same!
[17:07:57.112] [trace] [t:96] Calling InitCallbackList
[17:07:57.113] [trace] [t:96] Received completion queue callback
[17:07:57.113] [trace] [t:96] Handling async callback 
[17:07:57.114] [info] [t:96] SyncEngine: Fetching contention.txt
[17:07:57.114] [info] [t:96] [Fetch] Only fetch file stats since content is the same!
[17:07:57.115] [trace] [t:96] Calling InitCallbackList
[17:07:57.116] [trace] [t:96] Received completion queue callback
[17:07:57.116] [trace] [t:96] Handling async callback 
[17:07:57.116] [info] [t:96] SyncEngine: Fetching contention.txt
[17:07:57.117] [info] [t:96] [Fetch] Only fetch file stats since content is the same!
[17:07:57.118] [trace] [t:96] Calling InitCallbackList
[17:07:57.119] [trace] [t:96] Received completion queue callback
[17:07:57.119] [trace] [t:96] Handling async callback 
[17:07:57.119] [info] [t:96] SyncEngine: Fetching contention.txt
[17:07:57.121] [info] [t:96] [Fetch] Only fetch file stats since content is the same!
[17:07:57.121] [trace] [t:96] Calling InitCallbackList
[17:07:57.122] [trace] [t:96] Received completion queue callback
[17:07:57.122] [trace] [t:96] Handling async callback 
[17:07:57.122] [info] [t:96] SyncEngine: Fetching contention.txt
[17:07:57.125] [info] [t:96] [Fetch] File fetched successfully: contention.txt
[17:07:57.125] [trace] [t:96] Calling InitCallbackList
[17:07:57.126] [trace] [t:94] inotify IN_MODIFY event occurred
[17:07:57.126] [trace] [t:96] Received completion queue callback
[17:07:57.126] [trace] [t:96] Handling async callback 
[17:07:57.127] [info] [t:94] [RequestWriteLock] Write lock obtained for file: contention.txt
[17:07:57.129] [error] [t:94] [Store] Store failed: File on server is identical to client's version.
[17:07:57.130] [trace] [t:94] inotify IN_MODIFY event occurred
[17:07:57.131] [info] [t:94] [RequestWriteLock] Write lock obtained for file: contention.txt
[17:07:57.133] [error] [t:94] [Store] Store failed: File on server is identical to client's version.
[17:07:57.133] [info] [t:96] SyncEngine: Fetching contention.txt
[17:07:57.135] [info] [t:96] [Fetch] Only fetch file stats since content is the same!
[17:07:57.135] [trace] [t:96] Calling InitCallbackList
[17:07:57.136] [trace] [t:96] Received completion queue callback
[17:07:57.136] [trace] [t:96] Handling async callback 
[17:07:57.136] [info] [t:96] SyncEngine: Fetching contention.txt
[17:07:57.137] [info] [t:96] [Fetch] Only fetch file stats since content is the same!
[17:07:57.137] [trace] [t:96] Calling InitCallbackList
[17:07:57.138] [trace] [t:96] Received completion queue callback
[17:07:57.139] [trace] [t:96] Handling async callback 
[17:07:57.139] [info] [t:96] SyncEngine: Fetching contention.txt
[17:07:57.142] [info] [t:96] [Fetch] File fetched successfully: contention.txt
[17:07:57.142] [trace] [t:96] Calling InitCallbackList
[17:07:57.143] [trace] [t:94] inotify IN_MODIFY event occurred
[17:07:57.144] [trace] [t:96] Received completion queue callback
[17:07:57.144] [trace] [t:96] Handling async callback 
[17:07:57.144] [info] [t:94] [RequestWriteLock] Write lock obtained for file: contention.txt
[17:07:57.146] [error] [t:94] [Store] Store failed: File on server is identical to client's version.
[17:07:57.147] [trace] [t:94] inotify IN_MODIFY event occurred
[17:07:57.150] [info] [t:94] [RequestWriteLock] Write lock obtained for file: contention.txt
[17:07:57.152] [error] [t:94] [Store] Store failed: File on server is identical to client's version.
[17:07:57.153] [info] [t:96] SyncEngine: Fetching contention.txt
[17:07:57.155] [info] [t:96] [Fetch] Only fetch file stats since content is the same!
[17:07:57.155] [trace] [t:96] Calling InitCallbackList
[17:07:57.156] [trace] [t:96] Received completion queue callback
[17:07:57.156] [trace] [t:96] Handling async callback 
[17:07:57.156] [info] [t:96] SyncEngine: Fetching contention.txt
[17:07:57.158] [info] [t:96] [Fetch] Only fetch file stats since content is the same!
[17:07:57.158] [trace] [t:96] Calling InitCallbackList
[17:07:57.159] [trace] [t:96] Received completion queue callback
[17:07:57.159] [trace] [t:96] Handling async callback 
[17:07:57.159] [info] [t:96] SyncEngine: Fetching contention.txt
[17:07:57.160] [info] [t:96] [Fetch] Only fetch file stats since content is the same!
[17:07:57.160] [trace] [t:96] Calling InitCallbackList
[17:07:57.161] [trace] [t:96] Received completion queue callback
[17:07:57.161] [trace] [t:96] Handling async callback 
[17:07:57.161] [info] [t:96] SyncEngine: Fetching contention.txt
[17:07:57.163] [info] [t:96] [Fetch] Only fetch file stats since content is the same!
[17:07:57.163] [trace] [t:96] Calling InitCallbackList
[17:07:57.164] [trace] [t:96] Received completion queue callback
[17:07:57.164] [trace] [t:96] Handling async callback 
[17:07:57.164] [info] [t:96] SyncEngine: Fetching contention.txt
[17:07:57.165] [info] [t:96] [Fetch] Only fetch file stats since content is the same!
[17:07:57.165] [trace] [t:96] Calling InitCallbackList
[17:07:57.166] [trace] [t:96] Received completion queue callback
[17:07:57.166] [trace] [t:96] Handling async callback 
[17:07:57.166] [info] [t:96] SyncEngine: Fetching contention.txt
[17:07:57.167] [info] [t:96] [Fetch] Only fetch file stats since content is the same!
[17:07:57.167] [trace] [t:96] Calling InitCallbackList
[17:07:57.168] [trace] [t:96] Received completion queue callback
[17:07:57.168] [trace] [t:96] Handling async callback 
[17:07:57.168] [info] [t:96] SyncEngine: Fetching contention.txt
[17:07:57.170] [info] [t:96] [Fetch] Only fetch file stats since content is the same!
[17:07:57.170] [trace] [t:96] Calling InitCallbackList
[17:07:57.171] [trace] [t:96] Received completion queue callback
[17:07:57.171] [trace] [t:96] Handling async callback 
[17:07:57.171] [trace] [t:94] inotify IN_MODIFY event occurred
[17:07:57.172] [info] [t:94] [RequestWriteLock] Write lock obtained for file: contention.txt
[17:07:57.174] [info] [t:94] [Store] File stored successfully: /tmp/dfs_test_mounts/client_1/contention.txt
[17:07:57.174] [trace] [t:94] inotify IN_MODIFY event occurred
[17:07:57.176] [info] [t:94] [RequestWriteLock] Write lock obtained for file: contention.txt
[17:07:57.178] [error] [t:94] [Store] Store failed: File on server is identical to client's version.
[17:07:57.178] [info] [t:96] SyncEngine: Fetching contention.txt
[17:07:57.179] [info] [t:96] [Fetch] Only fetch file stats since content is the same!
[17:07:57.180] [trace] [t:96] Calling InitCallbackList
[17:07:57.181] [trace] [t:96] Received completion queue callback
[17:07:57.181] [trace] [t:96] Handling async callback 
[17:07:57.181] [info] [t:96] SyncEngine: Fetching contention.txt
[17:07:57.182] [info] [t:96] [Fetch] Only fetch file stats since content is the same!
[17:07:57.182] [trace] [t:96] Calling InitCallbackList
[17:07:57.183] [trace] [t:96] Received completion queue callback
[17:07:57.183] [trace] [t:96] Handling async callback 
[17:07:57.183] [info] [t:96] SyncEngine: Fetching contention.txt
[17:07:57.184] [info] [t:96] [Fetch] Only fetch file stats since content is the same!
[17:07:57.184] [trace] [t:96] Calling InitCallbackList
[17:07:57.185] [trace] [t:96] Received completion queue callback
[17:07:57.185] [trace] [t:96] Handling async callback 
[17:07:57.185] [info] [t:96] SyncEngine: Fetching contention.txt
[17:07:57.186] [info] [t:96] [Fetch] Only fetch file stats since content is the same!
[17:07:57.186] [trace] [t:96] Calling InitCallbackList
[17:07:57.187] [trace] [t:96] Received completion queue callback
[17:07:57.187] [trace] [t:96] Handling async callback 
[17:07:57.187] [info] [t:96] SyncEngine: Fetching contention.txt
[17:07:57.188] [info] [t:96] [Fetch] Only fetch file stats since content is the same!
[17:07:57.188] [trace] [t:96] Calling InitCallbackList
[17:07:57.190] [trace] [t:96] Received completion queue callback
[17:07:57.190] [trace] [t:96] Handling async callback 
[17:07:57.190] [info] [t:96] SyncEngine: Fetching contention.txt
[17:07:57.191] [info] [t:96] [Fetch] Only fetch file stats since content is the same!
[17:07:57.191] [trace] [t:96] Calling InitCallbackList
[17:07:57.192] [trace] [t:96] Received completion queue callback
[17:07:57.192] [trace] [t:96] Handling async callback 
[17:07:57.192] [info] [t:96] SyncEngine: Fetching contention.txt
[17:07:57.193] [info] [t:96] [Fetch] Only fetch file stats since content is the same!
[17:07:57.194] [trace] [t:96] Calling InitCallbackList
[17:07:57.195] [trace] [t:96] Received completion queue callback
[17:07:57.195] [trace] [t:96] Handling async callback 
[17:07:57.195] [info] [t:96] SyncEngine: Fetching contention.txt
[17:07:57.196] [info] [t:96] [Fetch] Only fetch file stats since content is the same!
[17:07:57.196] [trace] [t:96] Calling InitCallbackList
[17:07:57.197] [trace] [t:96] Received completion queue callback
[17:07:57.197] [trace] [t:96] Handling async callback 
[17:07:57.197] [info] [t:96] SyncEngine: Fetching contention.txt
[17:07:57.199] [info] [t:96] [Fetch] Only fetch file stats since content is the same!
[17:07:57.199] [trace] [t:96] Calling InitCallbackList
[17:07:57.200] [trace] [t:96] Received completion queue callback
[17:07:57.201] [trace] [t:96] Handling async callback 
[17:07:57.201] [info] [t:96] SyncEngine: Fetching contention.txt
[17:07:57.202] [info] [t:96] [Fetch] Only fetch file stats since content is the same!
[17:07:57.202] [trace] [t:96] Calling InitCallbackList
[17:07:57.203] [trace] [t:96] Received completion queue callback
[17:07:57.203] [trace] [t:96] Handling async callback 
[17:07:57.203] [info] [t:96] SyncEngine: Fetching contention.txt
[17:07:57.204] [info] [t:96] [Fetch] Only fetch file stats since content is the same!
[17:07:57.204] [trace] [t:96] Calling InitCallbackList
[17:07:57.205] [trace] [t:96] Received completion queue callback
[17:07:57.205] [trace] [t:96] Handling async callback 
[17:07:57.205] [info] [t:96] SyncEngine: Fetching contention.txt
[17:07:57.206] [info] [t:96] [Fetch] Only fetch file stats since content is the same!
[17:07:57.206] [trace] [t:96] Calling InitCallbackList
[17:07:57.208] [trace] [t:96] Received completion queue callback
[17:07:57.208] [trace] [t:96] Handling async callback 
[17:07:57.208] [info] [t:96] SyncEngine: Fetching contention.txt
[17:07:57.209] [info] [t:96] [Fetch] Only fetch file stats since content is the same!
[17:07:57.209] [trace] [t:96] Calling InitCallbackList
[17:07:57.210] [trace] [t:96] Received completion queue callback
[17:07:57.210] [trace] [t:96] Handling async callback 
[17:07:57.210] [info] [t:96] SyncEngine: Fetching contention.txt
[17:07:57.212] [info] [t:96] [Fetch] Only fetch file stats since content is the same!
[17:07:57.212] [trace] [t:96] Calling InitCallbackList
[17:07:57.214] [trace] [t:96] Received completion queue callback
[17:07:57.214] [trace] [t:96] Handling async callback 
[17:07:57.214] [info] [t:96] SyncEngine: Fetching contention.txt
[17:07:57.215] [info] [t:96] [Fetch] Only fetch file stats since content is the same!
[17:07:57.215] [trace] [t:96] Calling InitCallbackList
[17:07:57.216] [trace] [t:96] Received completion queue callback
[17:07:57.216] [trace] [t:96] Handling async callback 
[17:07:57.216] [info] [t:96] SyncEngine: Fetching contention.txt
[17:07:57.218] [info] [t:96] [Fetch] Only fetch file stats since content is the same!
[17:07:57.218] [trace] [t:96] Calling InitCallbackList
[17:07:57.219] [trace] [t:94] inotify IN_MODIFY event occurred
[17:07:57.219] [trace] [t:96] Received completion queue callback
[17:07:57.219] [trace] [t:96] Handling async callback 
[17:07:57.219] [info] [t:94] [RequestWriteLock] Write lock obtained for file: contention.txt
[17:07:57.222] [info] [t:94] [Store] File stored successfully: /tmp/dfs_test_mounts/client_1/contention.txt
[17:07:57.223] [trace] [t:94] inotify IN_MODIFY event occurred
[17:07:57.224] [info] [t:94] [RequestWriteLock] Write lock obtained for file: contention.txt
[17:07:57.225] [error] [t:94] [Store] Store failed: File on server is identical to client's version.
[17:07:57.225] [info] [t:96] SyncEngine: Fetching contention.txt
[17:07:57.228] [info] [t:96] [Fetch] Only fetch file stats since content is the same!
[17:07:57.228] [trace] [t:96] Calling InitCallbackList
[17:07:57.229] [trace] [t:96] Received completion queue callback
[17:07:57.229] [trace] [t:96] Handling async callback 
[17:07:57.230] [info] [t:96] SyncEngine: Fetching contention.txt
[17:07:57.231] [info] [t:96] [Fetch] Only fetch file stats since content is the same!
[17:07:57.231] [trace] [t:96] Calling InitCallbackList
[17:07:57.232] [trace] [t:96] Received completion queue callback
[17:07:57.232] [trace] [t:96] Handling async callback 
[17:07:57.232] [info] [t:96] SyncEngine: Fetching contention.txt
[17:07:57.233] [info] [t:96] [Fetch] Only fetch file stats since content is the same!
[17:07:57.233] [trace] [t:96] Calling InitCallbackList
[17:07:57.234] [trace] [t:96] Received completion queue callback
[17:07:57.234] [trace] [t:96] Handling async callback 
[17:07:57.234] [info] [t:96] SyncEngine: Fetching contention.txt
[17:07:57.236] [info] [t:96] [Fetch] Only fetch file stats since content is the same!
[17:07:57.236] [trace] [t:96] Calling InitCallbackList
[17:07:57.237] [trace] [t:96] Received completion queue callback
[17:07:57.237] [trace] [t:96] Handling async callback 
[17:07:57.238] [info] [t:96] SyncEngine: Fetching contention.txt
[17:07:57.239] [info] [t:96] [Fetch] Only fetch file stats since content is the same!
[17:07:57.239] [trace] [t:96] Calling InitCallbackList
[17:07:57.240] [trace] [t:96] Received completion queue callback
[17:07:57.240] [trace] [t:96] Handling async callback 
[17:07:57.240] [info] [t:96] SyncEngine: Fetching contention.txt
[17:07:57.243] [info] [t:96] [Fetch] File fetched successfully: contention.txt
[17:07:57.243] [trace] [t:96] Calling InitCallbackList
[17:07:57.244] [trace] [t:96] Received completion queue callback
[17:07:57.244] [trace] [t:96] Handling async callback 
[17:07:57.244] [trace] [t:94] inotify IN_MODIFY event occurred
[17:07:57.245] [info] [t:94] [RequestWriteLock] Write lock obtained for file: contention.txt
[17:07:57.246] [error] [t:94] [Store] Store failed: File on server is identical to client's version.
[17:07:57.247] [trace] [t:94] inotify IN_MODIFY event occurred
[17:07:57.248] [info] [t:94] [RequestWriteLock] Write lock obtained for file: contention.txt
[17:07:57.250] [error] [t:94] [Store] Store failed: File on server is identical to client's version.
[17:07:57.251] [info] [t:96] SyncEngine: Fetching contention.txt
[17:07:57.252] [info] [t:96] [Fetch] Only fetch file stats since content is the same!
[17:07:57.252] [trace] [t:96] Calling InitCallbackList
[17:07:57.253] [trace] [t:96] Received completion queue callback
[17:07:57.253] [trace] [t:96] Handling async callback 
[17:07:57.254] [info] [t:96] SyncEngine: Fetching contention.txt
[17:07:57.255] [info] [t:96] [Fetch] Only fetch file stats since content is the same!
[17:07:57.255] [trace] [t:96] Calling InitCallbackList
[17:07:57.256] [trace] [t:96] Received completion queue callback
[17:07:57.256] [trace] [t:96] Handling async callback 
[17:07:57.256] [info] [t:96] SyncEngine: Fetching contention.txt
[17:07:57.257] [info] [t:96] [Fetch] Only fetch file stats since content is the same!
[17:07:57.257] [trace] [t:96] Calling InitCallbackList
[17:07:57.258] [trace] [t:96] Received completion queue callback
[17:07:57.258] [trace] [t:96] Handling async callback 
[17:07:57.258] [info] [t:96] SyncEngine: Fetching contention.txt
[17:07:57.260] [info] [t:96] [Fetch] Only fetch file stats since content is the same!
[17:07:57.260] [trace] [t:96] Calling InitCallbackList
[17:07:57.261] [trace] [t:96] Received completion queue callback
[17:07:57.261] [trace] [t:96] Handling async callback 
[17:07:57.261] [info] [t:96] SyncEngine: Fetching contention.txt
[17:07:57.262] [info] [t:96] [Fetch] Only fetch file stats since content is the same!
[17:07:57.262] [trace] [t:96] Calling InitCallbackList
[17:07:57.263] [trace] [t:96] Received completion queue callback
[17:07:57.263] [trace] [t:96] Handling async callback 
[17:07:57.263] [info] [t:96] SyncEngine: Fetching contention.txt
[17:07:57.264] [info] [t:96] [Fetch] Only fetch file stats since content is the same!
[17:07:57.264] [trace] [t:96] Calling InitCallbackList
[17:07:57.265] [trace] [t:96] Received completion queue callback
[17:07:57.265] [trace] [t:96] Handling async callback 
[17:07:57.265] [info] [t:96] SyncEngine: Fetching contention.txt
[17:07:57.266] [info] [t:96] [Fetch] Only fetch file stats since content is the same!
[17:07:57.266] [trace] [t:96] Calling InitCallbackList
[17:07:57.267] [trace] [t:96] Received completion queue callback
[17:07:57.267] [trace] [t:96] Handling async callback 
[17:07:57.267] [info] [t:96] SyncEngine: Fetching contention.txt
[17:07:57.268] [info] [t:96] [Fetch] Only fetch file stats since content is the same!
[17:07:57.268] [trace] [t:96] Calling InitCallbackList
[17:07:57.269] [trace] [t:96] Received completion queue callback
[17:07:57.269] [trace] [t:96] Handling async callback 
[17:07:57.269] [info] [t:96] SyncEngine: Fetching contention.txt
[17:07:57.270] [info] [t:96] [Fetch] Only fetch file stats since content is the same!
[17:07:57.271] [trace] [t:96] Calling InitCallbackList
[17:07:57.272] [trace] [t:96] Received completion queue callback
[17:07:57.272] [trace] [t:96] Handling async callback 
[17:07:57.272] [info] [t:96] SyncEngine: Fetching contention.txt
[17:07:57.273] [info] [t:96] [Fetch] Only fetch file stats since content is the same!
[17:07:57.273] [trace] [t:96] Calling InitCallbackList
[17:07:57.274] [trace] [t:96] Received completion queue callback
[17:07:57.274] [trace] [t:96] Handling async callback 
[17:07:57.274] [trace] [t:94] inotify IN_MODIFY event occurred
[17:07:57.276] [info] [t:94] [RequestWriteLock] Write lock obtained for file: contention.txt
[17:07:57.277] [info] [t:94] [Store] File stored successfully: /tmp/dfs_test_mounts/client_1/contention.txt
[17:07:57.277] [info] [t:96] SyncEngine: Fetching contention.txt
[17:07:57.279] [info] [t:96] [Fetch] Only fetch file stats since content is the same!
[17:07:57.279] [trace] [t:96] Calling InitCallbackList
[17:07:57.281] [trace] [t:96] Received completion queue callback
[17:07:57.281] [trace] [t:96] Handling async callback 
[17:07:57.281] [info] [t:96] SyncEngine: Fetching contention.txt
[17:07:57.283] [info] [t:96] [Fetch] Only fetch file stats since content is the same!
[17:07:57.283] [trace] [t:96] Calling InitCallbackList
[17:07:57.284] [trace] [t:96] Received completion queue callback
[17:07:57.284] [trace] [t:96] Handling async callback 
[17:07:57.284] [info] [t:96] SyncEngine: Fetching contention.txt
[17:07:57.285] [info] [t:96] [Fetch] Only fetch file stats since content is the same!
[17:07:57.285] [trace] [t:96] Calling InitCallbackList
[17:07:57.286] [trace] [t:96] Received completion queue callback
[17:07:57.286] [trace] [t:96] Handling async callback 
[17:07:57.286] [info] [t:96] SyncEngine: Fetching contention.txt
[17:07:57.287] [info] [t:96] [Fetch] Only fetch file stats since content is the same!
[17:07:57.287] [trace] [t:96] Calling InitCallbackList
[17:07:57.288] [trace] [t:96] Received completion queue callback
[17:07:57.288] [trace] [t:96] Handling async callback 
[17:07:57.288] [info] [t:96] SyncEngine: Fetching contention.txt
[17:07:57.289] [info] [t:96] [Fetch] Only fetch file stats since content is the same!
[17:07:57.289] [trace] [t:96] Calling InitCallbackList
[17:07:57.290] [trace] [t:96] Received completion queue callback
[17:07:57.290] [trace] [t:96] Handling async callback 
[17:07:57.291] [info] [t:96] SyncEngine: Fetching contention.txt
[17:07:57.292] [info] [t:96] [Fetch] Only fetch file stats since content is the same!
[17:07:57.292] [trace] [t:96] Calling InitCallbackList
[17:07:57.293] [trace] [t:96] Received completion queue callback
[17:07:57.293] [trace] [t:96] Handling async callback 
[17:07:57.293] [info] [t:96] SyncEngine: Fetching contention.txt
[17:07:57.294] [info] [t:96] [Fetch] Only fetch file stats since content is the same!
[17:07:57.294] [trace] [t:96] Calling InitCallbackList
[17:07:57.296] [trace] [t:96] Received completion queue callback
[17:07:57.296] [trace] [t:96] Handling async callback 
[17:07:57.296] [info] [t:96] SyncEngine: Fetching contention.txt
[17:07:57.297] [info] [t:96] [Fetch] Only fetch file stats since content is the same!
[17:07:57.297] [trace] [t:96] Calling InitCallbackList
[17:07:57.298] [trace] [t:96] Received completion queue callback
[17:07:57.298] [trace] [t:96] Handling async callback 
[17:07:57.298] [info] [t:96] SyncEngine: Fetching contention.txt
[17:07:57.300] [info] [t:96] [Fetch] Only fetch file stats since content is the same!
[17:07:57.300] [trace] [t:96] Calling InitCallbackList
[17:07:57.301] [trace] [t:96] Received completion queue callback
[17:07:57.301] [trace] [t:96] Handling async callback 
[17:07:57.301] [info] [t:96] SyncEngine: Fetching contention.txt
[17:07:57.302] [info] [t:96] [Fetch] Only fetch file stats since content is the same!
[17:07:57.302] [trace] [t:96] Calling InitCallbackList
[17:07:57.304] [trace] [t:96] Received completion queue callback
[17:07:57.304] [trace] [t:96] Handling async callback 
[17:07:57.304] [info] [t:96] SyncEngine: Fetching contention.txt
[17:07:57.305] [info] [t:96] [Fetch] Only fetch file stats since content is the same!
[17:07:57.306] [trace] [t:96] Calling InitCallbackList
[17:07:57.307] [trace] [t:96] Received completion queue callback
[17:07:57.307] [trace] [t:96] Handling async callback 
[17:07:57.307] [info] [t:96] SyncEngine: Fetching contention.txt
[17:07:57.308] [info] [t:96] [Fetch] Only fetch file stats since content is the same!
[17:07:57.309] [trace] [t:96] Calling InitCallbackList
[17:07:57.310] [trace] [t:96] Received completion queue callback
[17:07:57.310] [trace] [t:96] Handling async callback 
[17:07:57.310] [info] [t:96] SyncEngine: Fetching contention.txt
[17:07:57.311] [info] [t:96] [Fetch] Only fetch file stats since content is the same!
[17:07:57.311] [trace] [t:96] Calling InitCallbackList
[17:07:57.312] [trace] [t:96] Received completion queue callback
[17:07:57.312] [trace] [t:96] Handling async callback 
[17:07:57.312] [info] [t:96] SyncEngine: Fetching contention.txt
[17:07:57.315] [info] [t:96] [Fetch] File fetched successfully: contention.txt
[17:07:57.315] [trace] [t:96] Calling InitCallbackList
[17:07:57.316] [trace] [t:96] Received completion queue callback
[17:07:57.316] [trace] [t:96] Handling async callback 
[17:07:57.316] [trace] [t:94] inotify IN_MODIFY event occurred
[17:07:57.317] [info] [t:94] [RequestWriteLock] Write lock obtained for file: contention.txt
[17:07:57.319] [error] [t:94] [Store] Store failed: File on server is identical to client's version.
[17:07:57.320] [trace] [t:94] inotify IN_MODIFY event occurred
[17:07:57.321] [info] [t:94] [RequestWriteLock] Write lock obtained for file: contention.txt
[17:07:57.322] [error] [t:94] [Store] Store failed: File on server is identical to client's version.
[17:07:57.322] [info] [t:96] SyncEngine: Fetching contention.txt
[17:07:57.323] [info] [t:96] [Fetch] Only fetch file stats since content is the same!
[17:07:57.324] [trace] [t:96] Calling InitCallbackList
[17:07:57.325] [trace] [t:96] Received completion queue callback
[17:07:57.325] [trace] [t:96] Handling async callback 
[17:07:57.325] [info] [t:96] SyncEngine: Fetching contention.txt
[17:07:57.326] [info] [t:96] [Fetch] Only fetch file stats since content is the same!
[17:07:57.326] [trace] [t:96] Calling InitCallbackList
[17:07:57.327] [trace] [t:96] Received completion queue callback
[17:07:57.327] [trace] [t:96] Handling async callback 
[17:07:57.327] [info] [t:96] SyncEngine: Fetching contention.txt
[17:07:57.328] [info] [t:96] [Fetch] Only fetch file stats since content is the same!
[17:07:57.328] [trace] [t:96] Calling InitCallbackList
[17:07:57.329] [trace] [t:96] Received completion queue callback
[17:07:57.329] [trace] [t:96] Handling async callback 
[17:07:57.329] [info] [t:96] SyncEngine: Fetching contention.txt
[17:07:57.330] [info] [t:96] [Fetch] Only fetch file stats since content is the same!
[17:07:57.330] [trace] [t:96] Calling InitCallbackList
[17:07:57.331] [trace] [t:96] Received completion queue callback
[17:07:57.331] [trace] [t:96] Handling async callback 
[17:07:57.331] [info] [t:96] SyncEngine: Fetching contention.txt
[17:07:57.333] [info] [t:96] [Fetch] Only fetch file stats since content is the same!
[17:07:57.333] [trace] [t:96] Calling InitCallbackList
[17:07:57.334] [trace] [t:96] Received completion queue callback
[17:07:57.334] [trace] [t:96] Handling async callback 
[17:07:57.334] [info] [t:96] SyncEngine: Fetching contention.txt
[17:07:57.335] [info] [t:96] [Fetch] Only fetch file stats since content is the same!
[17:07:57.335] [trace] [t:96] Calling InitCallbackList
[17:07:57.336] [trace] [t:96] Received completion queue callback
[17:07:57.336] [trace] [t:96] Handling async callback 
[17:07:57.336] [info] [t:96] SyncEngine: Fetching contention.txt
[17:07:57.337] [info] [t:96] [Fetch] Only fetch file stats since content is the same!
[17:07:57.337] [trace] [t:96] Calling InitCallbackList
[17:07:57.338] [trace] [t:96] Received completion queue callback
[17:07:57.338] [trace] [t:96] Handling async callback 
[17:07:57.338] [info] [t:96] SyncEngine: Fetching contention.txt
[17:07:57.340] [info] [t:96] [Fetch] Only fetch file stats since content is the same!
[17:07:57.340] [trace] [t:96] Calling InitCallbackList
[17:07:57.341] [trace] [t:96] Received completion queue callback
[17:07:57.341] [trace] [t:96] Handling async callback 
[17:07:57.342] [info] [t:96] SyncEngine: Fetching contention.txt
[17:07:57.342] [info] [t:96] [Fetch] Only fetch file stats since content is the same!
[17:07:57.342] [trace] [t:96] Calling InitCallbackList
[17:07:57.343] [trace] [t:96] Received completion queue callback
[17:07:57.343] [trace] [t:96] Handling async callback 
[17:07:57.343] [info] [t:96] SyncEngine: Fetching contention.txt
[17:07:57.345] [info] [t:96] [Fetch] Only fetch file stats since content is the same!
[17:07:57.345] [trace] [t:96] Calling InitCallbackList
[17:07:57.346] [trace] [t:96] Received completion queue callback
[17:07:57.346] [trace] [t:96] Handling async callback 
[17:07:57.346] [info] [t:96] SyncEngine: Fetching contention.txt
[17:07:57.347] [info] [t:96] [Fetch] Only fetch file stats since content is the same!
[17:07:57.347] [trace] [t:96] Calling InitCallbackList
[17:07:57.348] [trace] [t:96] Received completion queue callback
[17:07:57.348] [trace] [t:96] Handling async callback 
[17:07:57.348] [info] [t:96] SyncEngine: Fetching contention.txt
[17:07:57.349] [info] [t:96] [Fetch] Only fetch file stats since content is the same!
[17:07:57.349] [trace] [t:96] Calling InitCallbackList
[17:07:57.350] [trace] [t:96] Received completion queue callback
[17:07:57.350] [trace] [t:96] Handling async callback 
[17:07:57.351] [info] [t:96] SyncEngine: Fetching contention.txt
[17:07:57.352] [info] [t:96] [Fetch] Only fetch file stats since content is the same!
[17:07:57.352] [trace] [t:96] Calling InitCallbackList
[17:07:57.354] [trace] [t:96] Received completion queue callback
[17:07:57.354] [trace] [t:96] Handling async callback 
[17:07:57.354] [info] [t:96] SyncEngine: Fetching contention.txt
[17:07:57.355] [info] [t:96] [Fetch] Only fetch file stats since content is the same!
[17:07:57.355] [trace] [t:96] Calling InitCallbackList
[17:07:57.357] [trace] [t:96] Received completion queue callback
[17:07:57.357] [trace] [t:96] Handling async callback 
[17:07:57.357] [info] [t:96] SyncEngine: Fetching contention.txt
[17:07:57.359] [info] [t:96] [Fetch] File fetched successfully: contention.txt
[17:07:57.359] [trace] [t:96] Calling InitCallbackList
[17:07:57.360] [trace] [t:94] inotify IN_MODIFY event occurred
[17:07:57.361] [trace] [t:96] Received completion queue callback
[17:07:57.361] [trace] [t:96] Handling async callback 
[17:07:57.362] [info] [t:94] [RequestWriteLock] Write lock obtained for file: contention.txt
[17:07:57.365] [error] [t:94] [Store] Store failed: File on server is identical to client's version.
[17:07:57.365] [trace] [t:94] inotify IN_MODIFY event occurred
[17:07:57.367] [info] [t:94] [RequestWriteLock] Write lock obtained for file: contention.txt
[17:07:57.368] [error] [t:94] [Store] Store failed: File on server is identical to client's version.
[17:07:57.368] [info] [t:96] SyncEngine: Fetching contention.txt
[17:07:57.369] [info] [t:96] [Fetch] Only fetch file stats since content is the same!
[17:07:57.370] [trace] [t:96] Calling InitCallbackList
[17:07:57.371] [trace] [t:96] Received completion queue callback
[17:07:57.371] [trace] [t:96] Handling async callback 
[17:07:57.372] [info] [t:96] SyncEngine: Fetching contention.txt
[17:07:57.373] [info] [t:96] [Fetch] Only fetch file stats since content is the same!
[17:07:57.373] [trace] [t:96] Calling InitCallbackList
[17:07:57.374] [trace] [t:96] Received completion queue callback
[17:07:57.374] [trace] [t:96] Handling async callback 
[17:07:57.374] [info] [t:96] SyncEngine: Fetching contention.txt
[17:07:57.375] [info] [t:96] [Fetch] Only fetch file stats since content is the same!
[17:07:57.375] [trace] [t:96] Calling InitCallbackList
[17:07:57.375] [trace] [t:96] Received completion queue callback
[17:07:57.376] [trace] [t:96] Handling async callback 
[17:07:57.376] [info] [t:96] SyncEngine: Fetching contention.txt
[17:07:57.377] [info] [t:96] [Fetch] Only fetch file stats since content is the same!
[17:07:57.377] [trace] [t:96] Calling InitCallbackList
[17:07:57.377] [trace] [t:96] Received completion queue callback
[17:07:57.377] [trace] [t:96] Handling async callback 
[17:07:57.377] [info] [t:96] SyncEngine: Fetching contention.txt
[17:07:57.379] [info] [t:96] [Fetch] Only fetch file stats since content is the same!
[17:07:57.379] [trace] [t:96] Calling InitCallbackList
[17:07:57.380] [trace] [t:96] Received completion queue callback
[17:07:57.380] [trace] [t:96] Handling async callback 
[17:07:57.380] [info] [t:96] SyncEngine: Fetching contention.txt
[17:07:57.381] [info] [t:96] [Fetch] Only fetch file stats since content is the same!
[17:07:57.381] [trace] [t:96] Calling InitCallbackList
[17:07:57.382] [trace] [t:96] Received completion queue callback
[17:07:57.383] [trace] [t:96] Handling async callback 
[17:07:57.383] [info] [t:96] SyncEngine: Fetching contention.txt
[17:07:57.385] [info] [t:96] [Fetch] Only fetch file stats since content is the same!
[17:07:57.385] [trace] [t:96] Calling InitCallbackList
[17:07:57.386] [trace] [t:96] Received completion queue callback
[17:07:57.386] [trace] [t:96] Handling async callback 
[17:07:57.386] [info] [t:96] SyncEngine: Fetching contention.txt
[17:07:57.389] [info] [t:96] [Fetch] Only fetch file stats since content is the same!
[17:07:57.389] [trace] [t:96] Calling InitCallbackList
[17:07:57.390] [trace] [t:96] Received completion queue callback
[17:07:57.390] [trace] [t:96] Handling async callback 
[17:07:57.390] [info] [t:96] SyncEngine: Fetching contention.txt
[17:07:57.391] [info] [t:96] [Fetch] Only fetch file stats since content is the same!
[17:07:57.391] [trace] [t:96] Calling InitCallbackList
[17:07:57.392] [trace] [t:96] Received completion queue callback
[17:07:57.392] [trace] [t:96] Handling async callback 
[17:07:57.392] [info] [t:96] SyncEngine: Fetching contention.txt
[17:07:57.394] [info] [t:96] [Fetch] Only fetch file stats since content is the same!
[17:07:57.394] [trace] [t:96] Calling InitCallbackList
[17:07:57.395] [trace] [t:96] Received completion queue callback
[17:07:57.395] [trace] [t:96] Handling async callback 
[17:07:57.396] [info] [t:96] SyncEngine: Fetching contention.txt
[17:07:57.396] [info] [t:96] [Fetch] Only fetch file stats since content is the same!
[17:07:57.396] [trace] [t:96] Calling InitCallbackList
[17:07:57.398] [trace] [t:96] Received completion queue callback
[17:07:57.398] [trace] [t:96] Handling async callback 
[17:07:57.398] [info] [t:96] SyncEngine: Fetching contention.txt
[17:07:57.399] [info] [t:96] [Fetch] Only fetch file stats since content is the same!
[17:07:57.399] [trace] [t:96] Calling InitCallbackList
[17:07:57.400] [trace] [t:96] Received completion queue callback
[17:07:57.400] [trace] [t:96] Handling async callback 
[17:07:57.400] [info] [t:96] SyncEngine: Fetching contention.txt
[17:07:57.401] [info] [t:96] [Fetch] Only fetch file stats since content is the same!
[17:07:57.401] [trace] [t:96] Calling InitCallbackList
[17:07:57.402] [trace] [t:96] Received completion queue callback
[17:07:57.403] [trace] [t:96] Handling async callback 
[17:07:57.403] [info] [t:96] SyncEngine: Fetching contention.txt
[17:07:57.404] [info] [t:96] [Fetch] Only fetch file stats since content is the same!
[17:07:57.404] [trace] [t:96] Calling InitCallbackList
[17:07:57.405] [trace] [t:96] Received completion queue callback
[17:07:57.406] [trace] [t:96] Handling async callback 
[17:07:57.406] [info] [t:96] SyncEngine: Fetching contention.txt
[17:07:57.407] [info] [t:96] [Fetch] Only fetch file stats since content is the same!
[17:07:57.407] [trace] [t:96] Calling InitCallbackList
[17:07:57.408] [trace] [t:96] Received completion queue callback
[17:07:57.408] [trace] [t:96] Handling async callback 
[17:07:57.408] [info] [t:96] SyncEngine: Fetching contention.txt
[17:07:57.410] [info] [t:96] [Fetch] Only fetch file stats since content is the same!
[17:07:57.410] [trace] [t:96] Calling InitCallbackList
[17:07:57.411] [trace] [t:96] Received completion queue callback
[17:07:57.411] [trace] [t:96] Handling async callback 
[17:07:57.411] [info] [t:96] SyncEngine: Fetching contention.txt
[17:07:57.413] [info] [t:96] [Fetch] Only fetch file stats since content is the same!
[17:07:57.413] [trace] [t:96] Calling InitCallbackList
[17:07:57.414] [trace] [t:96] Received completion queue callback
[17:07:57.414] [trace] [t:96] Handling async callback 
[17:07:57.414] [info] [t:96] SyncEngine: Fetching contention.txt
[17:07:57.415] [info] [t:96] [Fetch] Only fetch file stats since content is the same!
[17:07:57.415] [trace] [t:96] Calling InitCallbackList
[17:07:57.416] [trace] [t:96] Received completion queue callback
[17:07:57.416] [trace] [t:96] Handling async callback 
[17:07:57.416] [info] [t:96] SyncEngine: Fetching contention.txt
[17:07:57.418] [info] [t:96] [Fetch] Only fetch file stats since content is the same!
[17:07:57.418] [trace] [t:96] Calling InitCallbackList
[17:07:57.419] [trace] [t:96] Received completion queue callback
[17:07:57.419] [trace] [t:96] Handling async callback 
[17:07:57.420] [info] [t:96] SyncEngine: Fetching contention.txt
[17:07:57.420] [info] [t:96] [Fetch] Only fetch file stats since content is the same!
[17:07:57.420] [trace] [t:96] Calling InitCallbackList
[17:07:57.422] [trace] [t:96] Received completion queue callback
[17:07:57.422] [trace] [t:96] Handling async callback 
[17:07:57.422] [info] [t:96] SyncEngine: Fetching contention.txt
[17:07:57.423] [info] [t:96] [Fetch] Only fetch file stats since content is the same!
[17:07:57.423] [trace] [t:96] Calling InitCallbackList
[17:07:57.424] [trace] [t:96] Received completion queue callback
[17:07:57.424] [trace] [t:96] Handling async callback 
[17:07:57.424] [info] [t:96] SyncEngine: Fetching contention.txt
[17:07:57.425] [info] [t:96] [Fetch] Only fetch file stats since content is the same!
[17:07:57.425] [trace] [t:96] Calling InitCallbackList
[17:07:57.426] [trace] [t:96] Received completion queue callback
[17:07:57.426] [trace] [t:96] Handling async callback 
[17:07:57.426] [info] [t:96] SyncEngine: Fetching contention.txt
[17:07:57.427] [info] [t:96] [Fetch] Only fetch file stats since content is the same!
[17:07:57.427] [trace] [t:96] Calling InitCallbackList
[17:07:57.428] [trace] [t:96] Received completion queue callback
[17:07:57.428] [trace] [t:96] Handling async callback 
[17:07:57.428] [info] [t:96] SyncEngine: Fetching contention.txt
[17:07:57.430] [info] [t:96] [Fetch] Only fetch file stats since content is the same!
[17:07:57.430] [trace] [t:96] Calling InitCallbackList
[17:07:57.431] [trace] [t:96] Received completion queue callback
[17:07:57.431] [trace] [t:96] Handling async callback 
[17:07:57.431] [info] [t:96] SyncEngine: Fetching contention.txt
[17:07:57.434] [info] [t:96] [Fetch] Only fetch file stats since content is the same!
[17:07:57.434] [trace] [t:96] Calling InitCallbackList
[17:07:57.435] [trace] [t:96] Received completion queue callback
[17:07:57.435] [trace] [t:96] Handling async callback 
[17:07:57.436] [info] [t:96] SyncEngine: Fetching contention.txt
[17:07:57.437] [info] [t:96] [Fetch] Only fetch file stats since content is the same!
[17:07:57.437] [trace] [t:96] Calling InitCallbackList
[17:07:57.438] [trace] [t:96] Received completion queue callback
[17:07:57.438] [trace] [t:96] Handling async callback 
[17:07:57.438] [info] [t:96] SyncEngine: Fetching contention.txt
[17:07:57.440] [info] [t:96] [Fetch] Only fetch file stats since content is the same!
[17:07:57.440] [trace] [t:96] Calling InitCallbackList
[17:07:57.441] [trace] [t:96] Received completion queue callback
[17:07:57.441] [trace] [t:96] Handling async callback 
[17:07:57.441] [info] [t:96] SyncEngine: Fetching contention.txt
[17:07:57.443] [info] [t:96] [Fetch] Only fetch file stats since content is the same!
[17:07:57.443] [trace] [t:96] Calling InitCallbackList
[17:07:57.444] [trace] [t:96] Received completion queue callback
[17:07:57.444] [trace] [t:96] Handling async callback 
[17:07:57.444] [info] [t:96] SyncEngine: Fetching contention.txt
[17:07:57.446] [info] [t:96] [Fetch] Only fetch file stats since content is the same!
[17:07:57.446] [trace] [t:96] Calling InitCallbackList
[17:07:57.447] [trace] [t:96] Received completion queue callback
[17:07:57.447] [trace] [t:96] Handling async callback 
[17:07:57.447] [info] [t:96] SyncEngine: Fetching contention.txt
[17:07:57.448] [info] [t:96] [Fetch] Only fetch file stats since content is the same!
[17:07:57.448] [trace] [t:96] Calling InitCallbackList
[17:07:57.449] [trace] [t:96] Received completion queue callback
[17:07:57.449] [trace] [t:96] Handling async callback 
[17:07:57.449] [info] [t:96] SyncEngine: Fetching contention.txt
[17:07:57.451] [info] [t:96] [Fetch] Only fetch file stats since content is the same!
[17:07:57.451] [trace] [t:96] Calling InitCallbackList
[17:07:57.452] [trace] [t:96] Received completion queue callback
[17:07:57.453] [trace] [t:96] Handling async callback 
[17:07:57.453] [info] [t:96] SyncEngine: Fetching contention.txt
[17:07:57.456] [info] [t:96] [Fetch] Only fetch file stats since content is the same!
[17:07:57.456] [trace] [t:96] Calling InitCallbackList
[17:07:57.458] [trace] [t:96] Received completion queue callback
[17:07:57.458] [trace] [t:96] Handling async callback 
[17:07:57.458] [info] [t:96] SyncEngine: Fetching contention.txt
[17:07:57.460] [info] [t:96] [Fetch] Only fetch file stats since content is the same!
[17:07:57.461] [trace] [t:96] Calling InitCallbackList
[17:07:57.462] [trace] [t:96] Received completion queue callback
[17:07:57.462] [trace] [t:96] Handling async callback 
[17:07:57.462] [info] [t:96] SyncEngine: Fetching contention.txt
[17:07:57.463] [info] [t:96] [Fetch] Only fetch file stats since content is the same!
[17:07:57.463] [trace] [t:96] Calling InitCallbackList
[17:07:57.465] [trace] [t:96] Received completion queue callback
[17:07:57.465] [trace] [t:96] Handling async callback 
[17:07:57.465] [info] [t:96] SyncEngine: Fetching contention.txt
[17:07:57.466] [info] [t:96] [Fetch] Only fetch file stats since content is the same!
[17:07:57.466] [trace] [t:96] Calling InitCallbackList
[17:07:57.467] [trace] [t:96] Received completion queue callback
[17:07:57.467] [trace] [t:96] Handling async callback 
[17:07:57.467] [info] [t:96] SyncEngine: Fetching contention.txt
[17:07:57.468] [info] [t:96] [Fetch] Only fetch file stats since content is the same!
[17:07:57.468] [trace] [t:96] Calling InitCallbackList
[17:07:57.469] [trace] [t:96] Received completion queue callback
[17:07:57.469] [trace] [t:96] Handling async callback 
[17:07:57.469] [info] [t:96] SyncEngine: Fetching contention.txt
[17:07:57.470] [info] [t:96] [Fetch] Only fetch file stats since content is the same!
[17:07:57.470] [trace] [t:96] Calling InitCallbackList
[17:07:57.471] [trace] [t:96] Received completion queue callback
[17:07:57.471] [trace] [t:96] Handling async callback 
[17:07:57.471] [info] [t:96] SyncEngine: Fetching contention.txt
[17:07:57.473] [info] [t:96] [Fetch] Only fetch file stats since content is the same!
[17:07:57.473] [trace] [t:96] Calling InitCallbackList
[17:07:57.474] [trace] [t:96] Received completion queue callback
[17:07:57.474] [trace] [t:96] Handling async callback 
[17:07:57.474] [info] [t:96] SyncEngine: Fetching contention.txt
[17:07:57.476] [info] [t:96] [Fetch] Only fetch file stats since content is the same!
[17:07:57.476] [trace] [t:96] Calling InitCallbackList
[17:07:57.477] [trace] [t:96] Received completion queue callback
[17:07:57.477] [trace] [t:96] Handling async callback 
[17:07:57.477] [info] [t:96] SyncEngine: Fetching contention.txt
[17:07:57.478] [info] [t:96] [Fetch] Only fetch file stats since content is the same!
[17:07:57.478] [trace] [t:96] Calling InitCallbackList
[17:07:57.479] [trace] [t:96] Received completion queue callback
[17:07:57.480] [trace] [t:96] Handling async callback 
[17:07:57.480] [info] [t:96] SyncEngine: Fetching contention.txt
[17:07:57.481] [info] [t:96] [Fetch] Only fetch file stats since content is the same!
[17:07:57.481] [trace] [t:96] Calling InitCallbackList
[17:07:57.481] [trace] [t:96] Received completion queue callback
[17:07:57.481] [trace] [t:96] Handling async callback 
[17:07:57.482] [info] [t:96] SyncEngine: Fetching contention.txt
[17:07:57.483] [info] [t:96] [Fetch] Only fetch file stats since content is the same!
[17:07:57.483] [trace] [t:96] Calling InitCallbackList
[17:07:57.485] [trace] [t:96] Received completion queue callback
[17:07:57.485] [trace] [t:96] Handling async callback 
[17:07:57.485] [info] [t:96] SyncEngine: Fetching contention.txt
[17:07:57.486] [info] [t:96] [Fetch] Only fetch file stats since content is the same!
[17:07:57.486] [trace] [t:96] Calling InitCallbackList
[17:07:57.488] [trace] [t:96] Received completion queue callback
[17:07:57.488] [trace] [t:96] Handling async callback 
[17:07:57.488] [info] [t:96] SyncEngine: Fetching contention.txt
[17:07:57.489] [info] [t:96] [Fetch] Only fetch file stats since content is the same!
[17:07:57.489] [trace] [t:96] Calling InitCallbackList
[17:07:57.490] [trace] [t:96] Received completion queue callback
[17:07:57.490] [trace] [t:96] Handling async callback 
[17:07:57.490] [info] [t:96] SyncEngine: Fetching contention.txt
[17:07:57.491] [info] [t:96] [Fetch] Only fetch file stats since content is the same!
[17:07:57.491] [trace] [t:96] Calling InitCallbackList
[17:07:57.494] [trace] [t:96] Received completion queue callback
[17:07:57.494] [trace] [t:96] Handling async callback 
[17:07:57.494] [info] [t:96] SyncEngine: Fetching contention.txt
[17:07:57.495] [info] [t:96] [Fetch] Only fetch file stats since content is the same!
[17:07:57.495] [trace] [t:96] Calling InitCallbackList
[17:07:57.496] [trace] [t:96] Received completion queue callback
[17:07:57.496] [trace] [t:96] Handling async callback 
[17:07:57.496] [info] [t:96] SyncEngine: Fetching contention.txt
[17:07:57.497] [info] [t:96] [Fetch] Only fetch file stats since content is the same!
[17:07:57.497] [trace] [t:96] Calling InitCallbackList
[17:07:57.498] [trace] [t:96] Received completion queue callback
[17:07:57.498] [trace] [t:96] Handling async callback 
[17:07:57.498] [info] [t:96] SyncEngine: Fetching contention.txt
[17:07:57.499] [info] [t:96] [Fetch] Only fetch file stats since content is the same!
[17:07:57.499] [trace] [t:96] Calling InitCallbackList
[17:07:57.500] [trace] [t:96] Received completion queue callback
[17:07:57.500] [trace] [t:96] Handling async callback 
[17:07:57.500] [info] [t:96] SyncEngine: Fetching contention.txt
[17:07:57.501] [info] [t:96] [Fetch] Only fetch file stats since content is the same!
[17:07:57.501] [trace] [t:96] Calling InitCallbackList
[17:07:57.502] [trace] [t:96] Received completion queue callback
[17:07:57.502] [trace] [t:96] Handling async callback 
[17:07:57.503] [info] [t:96] SyncEngine: Fetching contention.txt
[17:07:57.504] [info] [t:96] [Fetch] Only fetch file stats since content is the same!
[17:07:57.504] [trace] [t:96] Calling InitCallbackList
[17:07:57.505] [trace] [t:96] Received completion queue callback
[17:07:57.505] [trace] [t:96] Handling async callback 
[17:07:57.505] [info] [t:96] SyncEngine: Fetching contention.txt
[17:07:57.506] [info] [t:96] [Fetch] Only fetch file stats since content is the same!
[17:07:57.506] [trace] [t:96] Calling InitCallbackList
[17:07:57.507] [trace] [t:96] Received completion queue callback
[17:07:57.507] [trace] [t:96] Handling async callback 
[17:07:57.507] [info] [t:96] SyncEngine: Fetching contention.txt
[17:07:57.509] [info] [t:96] [Fetch] Only fetch file stats since content is the same!
[17:07:57.509] [trace] [t:96] Calling InitCallbackList
[17:07:57.510] [trace] [t:96] Received completion queue callback
[17:07:57.510] [trace] [t:96] Handling async callback 
[17:07:57.510] [info] [t:96] SyncEngine: Fetching contention.txt
[17:07:57.511] [info] [t:96] [Fetch] Only fetch file stats since content is the same!
[17:07:57.511] [trace] [t:96] Calling InitCallbackList
[17:07:57.511] [trace] [t:96] Received completion queue callback
[17:07:57.511] [trace] [t:96] Handling async callback 
[17:07:57.511] [info] [t:96] SyncEngine: Fetching contention.txt
[17:07:57.513] [info] [t:96] [Fetch] Only fetch file stats since content is the same!
[17:07:57.513] [trace] [t:96] Calling InitCallbackList
[17:07:57.514] [trace] [t:96] Received completion queue callback
[17:07:57.514] [trace] [t:96] Handling async callback 
[17:07:57.514] [info] [t:96] SyncEngine: Fetching contention.txt
[17:07:57.515] [info] [t:96] [Fetch] Only fetch file stats since content is the same!
[17:07:57.515] [trace] [t:96] Calling InitCallbackList
[17:07:57.517] [trace] [t:96] Received completion queue callback
[17:07:57.517] [trace] [t:96] Handling async callback 
[17:07:57.517] [info] [t:96] SyncEngine: Fetching contention.txt
[17:07:57.518] [info] [t:96] [Fetch] Only fetch file stats since content is the same!
[17:07:57.518] [trace] [t:96] Calling InitCallbackList
[17:07:57.520] [trace] [t:96] Received completion queue callback
[17:07:57.520] [trace] [t:96] Handling async callback 
[17:07:57.521] [info] [t:96] SyncEngine: Fetching contention.txt
[17:07:57.521] [info] [t:96] [Fetch] Only fetch file stats since content is the same!
[17:07:57.521] [trace] [t:96] Calling InitCallbackList
[17:07:57.522] [trace] [t:96] Received completion queue callback
[17:07:57.522] [trace] [t:96] Handling async callback 
[17:07:57.522] [info] [t:96] SyncEngine: Fetching contention.txt
[17:07:57.523] [info] [t:96] [Fetch] Only fetch file stats since content is the same!
[17:07:57.523] [trace] [t:96] Calling InitCallbackList
[17:07:57.524] [trace] [t:96] Received completion queue callback
[17:07:57.524] [trace] [t:96] Handling async callback 
[17:07:57.524] [info] [t:96] SyncEngine: Fetching contention.txt
[17:07:57.525] [info] [t:96] [Fetch] Only fetch file stats since content is the same!
[17:07:57.525] [trace] [t:96] Calling InitCallbackList
[17:07:57.526] [trace] [t:96] Received completion queue callback
[17:07:57.526] [trace] [t:96] Handling async callback 
[17:07:57.526] [info] [t:96] SyncEngine: Fetching contention.txt
[17:07:57.527] [info] [t:96] [Fetch] Only fetch file stats since content is the same!
[17:07:57.527] [trace] [t:96] Calling InitCallbackList
[17:07:57.528] [trace] [t:96] Received completion queue callback
[17:07:57.528] [trace] [t:96] Handling async callback 
[17:07:57.528] [info] [t:96] SyncEngine: Fetching contention.txt
[17:07:57.529] [info] [t:96] [Fetch] Only fetch file stats since content is the same!
[17:07:57.529] [trace] [t:96] Calling InitCallbackList
[17:07:57.530] [trace] [t:96] Received completion queue callback
[17:07:57.530] [trace] [t:96] Handling async callback 
[17:07:57.530] [info] [t:96] SyncEngine: Fetching contention.txt
[17:07:57.531] [info] [t:96] [Fetch] Only fetch file stats since content is the same!
[17:07:57.531] [trace] [t:96] Calling InitCallbackList
[17:07:57.532] [trace] [t:96] Received completion queue callback
[17:07:57.532] [trace] [t:96] Handling async callback 
[17:07:57.532] [info] [t:96] SyncEngine: Fetching contention.txt
[17:07:57.533] [info] [t:96] [Fetch] Only fetch file stats since content is the same!
[17:07:57.533] [trace] [t:96] Calling InitCallbackList
[17:07:57.534] [trace] [t:96] Received completion queue callback
[17:07:57.534] [trace] [t:96] Handling async callback 
[17:07:57.534] [info] [t:96] SyncEngine: Fetching contention.txt
[17:07:57.535] [info] [t:96] [Fetch] Only fetch file stats since content is the same!
[17:07:57.535] [trace] [t:96] Calling InitCallbackList
[17:07:57.535] [trace] [t:96] Received completion queue callback
[17:07:57.535] [trace] [t:96] Handling async callback 
[17:07:57.535] [info] [t:96] SyncEngine: Fetching contention.txt
[17:07:57.536] [info] [t:96] [Fetch] Only fetch file stats since content is the same!
[17:07:57.537] [trace] [t:96] Calling InitCallbackList
[17:07:57.537] [trace] [t:96] Received completion queue callback
[17:07:57.537] [trace] [t:96] Handling async callback 
[17:07:57.537] [info] [t:96] SyncEngine: Fetching contention.txt
[17:07:57.539] [info] [t:96] [Fetch] Only fetch file stats since content is the same!
[17:07:57.539] [trace] [t:96] Calling InitCallbackList
[17:07:57.541] [trace] [t:96] Received completion queue callback
[17:07:57.541] [trace] [t:96] Handling async callback 
[17:07:57.541] [info] [t:96] SyncEngine: Fetching contention.txt
[17:07:57.542] [info] [t:96] [Fetch] Only fetch file stats since content is the same!
[17:07:57.542] [trace] [t:96] Calling InitCallbackList
[17:07:57.543] [trace] [t:96] Received completion queue callback
[17:07:57.543] [trace] [t:96] Handling async callback 
[17:07:57.543] [info] [t:96] SyncEngine: Fetching contention.txt
[17:07:57.544] [info] [t:96] [Fetch] Only fetch file stats since content is the same!
[17:07:57.544] [trace] [t:96] Calling InitCallbackList
[17:07:57.545] [trace] [t:96] Received completion queue callback
[17:07:57.545] [trace] [t:96] Handling async callback 
[17:07:57.545] [info] [t:96] SyncEngine: Fetching contention.txt
[17:07:57.547] [info] [t:96] [Fetch] Only fetch file stats since content is the same!
[17:07:57.547] [trace] [t:96] Calling InitCallbackList
[17:07:57.548] [trace] [t:96] Received completion queue callback
[17:07:57.548] [trace] [t:96] Handling async callback 
[17:07:57.548] [info] [t:96] SyncEngine: Fetching contention.txt
[17:07:57.549] [info] [t:96] [Fetch] Only fetch file stats since content is the same!
[17:07:57.549] [trace] [t:96] Calling InitCallbackList
[17:07:57.550] [trace] [t:96] Received completion queue callback
[17:07:57.550] [trace] [t:96] Handling async callback 
[17:07:57.550] [info] [t:96] SyncEngine: Fetching contention.txt
[17:07:57.551] [info] [t:96] [Fetch] Only fetch file stats since content is the same!
[17:07:57.551] [trace] [t:96] Calling InitCallbackList
[17:07:57.553] [trace] [t:96] Received completion queue callback
[17:07:57.553] [trace] [t:96] Handling async callback 
[17:07:57.553] [info] [t:96] SyncEngine: Fetching contention.txt
[17:07:57.554] [info] [t:96] [Fetch] Only fetch file stats since content is the same!
[17:07:57.554] [trace] [t:96] Calling InitCallbackList
[17:07:57.555] [trace] [t:96] Received completion queue callback
[17:07:57.555] [trace] [t:96] Handling async callback 
[17:07:57.555] [info] [t:96] SyncEngine: Fetching contention.txt
[17:07:57.556] [info] [t:96] [Fetch] Only fetch file stats since content is the same!
[17:07:57.556] [trace] [t:96] Calling InitCallbackList
[17:07:57.557] [trace] [t:96] Received completion queue callback
[17:07:57.557] [trace] [t:96] Handling async callback 
[17:07:57.557] [info] [t:96] SyncEngine: Fetching contention.txt
[17:07:57.558] [info] [t:96] [Fetch] Only fetch file stats since content is the same!
[17:07:57.558] [trace] [t:96] Calling InitCallbackList
[17:07:57.559] [trace] [t:96] Received completion queue callback
[17:07:57.559] [trace] [t:96] Handling async callback 
[17:07:57.559] [info] [t:96] SyncEngine: Fetching contention.txt
[17:07:57.561] [info] [t:96] [Fetch] Only fetch file stats since content is the same!
[17:07:57.561] [trace] [t:96] Calling InitCallbackList
[17:07:57.562] [trace] [t:96] Received completion queue callback
[17:07:57.562] [trace] [t:96] Handling async callback 
[17:07:57.562] [info] [t:96] SyncEngine: Fetching contention.txt
[17:07:57.563] [info] [t:96] [Fetch] Only fetch file stats since content is the same!
[17:07:57.563] [trace] [t:96] Calling InitCallbackList
[17:07:57.564] [trace] [t:96] Received completion queue callback
[17:07:57.564] [trace] [t:96] Handling async callback 
[17:07:57.564] [info] [t:96] SyncEngine: Fetching contention.txt
[17:07:57.566] [info] [t:96] [Fetch] Only fetch file stats since content is the same!
[17:07:57.566] [trace] [t:96] Calling InitCallbackList
[17:07:57.567] [trace] [t:96] Received completion queue callback
[17:07:57.567] [trace] [t:96] Handling async callback 
[17:07:57.567] [info] [t:96] SyncEngine: Fetching contention.txt
[17:07:57.569] [info] [t:96] [Fetch] Only fetch file stats since content is the same!
[17:07:57.569] [trace] [t:96] Calling InitCallbackList
[17:07:57.570] [trace] [t:96] Received completion queue callback
[17:07:57.570] [trace] [t:96] Handling async callback 
[17:07:57.570] [info] [t:96] SyncEngine: Fetching contention.txt
[17:07:57.571] [info] [t:96] [Fetch] Only fetch file stats since content is the same!
[17:07:57.571] [trace] [t:96] Calling InitCallbackList
[17:07:57.572] [trace] [t:96] Received completion queue callback
[17:07:57.572] [trace] [t:96] Handling async callback 
[17:07:57.572] [info] [t:96] SyncEngine: Fetching contention.txt
[17:07:57.573] [info] [t:96] [Fetch] Only fetch file stats since content is the same!
[17:07:57.573] [trace] [t:96] Calling InitCallbackList
[17:07:57.574] [trace] [t:96] Received completion queue callback
[17:07:57.574] [trace] [t:96] Handling async callback 
[17:07:57.574] [info] [t:96] SyncEngine: Fetching contention.txt
[17:07:57.575] [info] [t:96] [Fetch] Only fetch file stats since content is the same!
[17:07:57.575] [trace] [t:96] Calling InitCallbackList
[17:07:57.576] [trace] [t:96] Received completion queue callback
[17:07:57.576] [trace] [t:96] Handling async callback 
[17:07:57.576] [info] [t:96] SyncEngine: Fetching contention.txt
[17:07:57.578] [info] [t:96] [Fetch] Only fetch file stats since content is the same!
[17:07:57.578] [trace] [t:96] Calling InitCallbackList
[17:07:57.579] [trace] [t:96] Received completion queue callback
[17:07:57.579] [trace] [t:96] Handling async callback 
[17:07:57.579] [info] [t:96] SyncEngine: Fetching contention.txt
[17:07:57.579] [info] [t:96] [Fetch] Only fetch file stats since content is the same!
[17:07:57.580] [trace] [t:96] Calling InitCallbackList
[17:07:57.581] [trace] [t:96] Received completion queue callback
[17:07:57.581] [trace] [t:96] Handling async callback 
[17:07:57.581] [info] [t:96] SyncEngine: Fetching contention.txt
[17:07:57.582] [info] [t:96] [Fetch] Only fetch file stats since content is the same!
[17:07:57.582] [trace] [t:96] Calling InitCallbackList
[17:07:57.583] [trace] [t:96] Received completion queue callback
[17:07:57.583] [trace] [t:96] Handling async callback 
[17:07:57.583] [info] [t:96] SyncEngine: Fetching contention.txt
[17:07:57.584] [info] [t:96] [Fetch] Only fetch file stats since content is the same!
[17:07:57.584] [trace] [t:96] Calling InitCallbackList
[17:07:57.586] [trace] [t:96] Received completion queue callback
[17:07:57.586] [trace] [t:96] Handling async callback 
[17:07:57.586] [info] [t:96] SyncEngine: Fetching contention.txt
[17:07:57.587] [info] [t:96] [Fetch] Only fetch file stats since content is the same!
[17:07:57.587] [trace] [t:96] Calling InitCallbackList
[17:07:57.589] [trace] [t:96] Received completion queue callback
[17:07:57.589] [trace] [t:96] Handling async callback 
[17:07:57.589] [info] [t:96] SyncEngine: Fetching contention.txt
[17:07:57.590] [info] [t:96] [Fetch] Only fetch file stats since content is the same!
[17:07:57.591] [trace] [t:96] Calling InitCallbackList
[17:07:57.591] [trace] [t:96] Received completion queue callback
[17:07:57.591] [trace] [t:96] Handling async callback 
[17:07:57.591] [info] [t:96] SyncEngine: Fetching contention.txt
[17:07:57.592] [info] [t:96] [Fetch] Only fetch file stats since content is the same!
[17:07:57.592] [trace] [t:96] Calling InitCallbackList
[17:07:57.593] [trace] [t:96] Received completion queue callback
[17:07:57.593] [trace] [t:96] Handling async callback 
[17:07:57.593] [info] [t:96] SyncEngine: Fetching contention.txt
[17:07:57.594] [info] [t:96] [Fetch] Only fetch file stats since content is the same!
[17:07:57.594] [trace] [t:96] Calling InitCallbackList
[17:07:57.595] [trace] [t:96] Received completion queue callback
[17:07:57.595] [trace] [t:96] Handling async callback 
[17:07:57.595] [info] [t:96] SyncEngine: Fetching contention.txt
[17:07:57.596] [info] [t:96] [Fetch] Only fetch file stats since content is the same!
[17:07:57.596] [trace] [t:96] Calling InitCallbackList
[17:07:57.597] [trace] [t:96] Received completion queue callback
[17:07:57.597] [trace] [t:96] Handling async callback 
[17:07:57.597] [info] [t:96] SyncEngine: Fetching contention.txt
[17:07:57.598] [info] [t:96] [Fetch] Only fetch file stats since content is the same!
[17:07:57.598] [trace] [t:96] Calling InitCallbackList
[17:07:57.599] [trace] [t:96] Received completion queue callback
[17:07:57.599] [trace] [t:96] Handling async callback 
[17:07:57.599] [info] [t:96] SyncEngine: Fetching contention.txt
[17:07:57.601] [info] [t:96] [Fetch] Only fetch file stats since content is the same!
[17:07:57.601] [trace] [t:96] Calling InitCallbackList
[17:07:57.602] [trace] [t:96] Received completion queue callback
[17:07:57.602] [trace] [t:96] Handling async callback 
[17:07:57.602] [info] [t:96] SyncEngine: Fetching contention.txt
[17:07:57.603] [info] [t:96] [Fetch] Only fetch file stats since content is the same!
[17:07:57.603] [trace] [t:96] Calling InitCallbackList
[17:07:57.604] [trace] [t:96] Received completion queue callback
[17:07:57.604] [trace] [t:96] Handling async callback 
[17:07:57.604] [info] [t:96] SyncEngine: Fetching contention.txt
[17:07:57.605] [info] [t:96] [Fetch] Only fetch file stats since content is the same!
[17:07:57.605] [trace] [t:96] Calling InitCallbackList
[17:07:57.606] [trace] [t:96] Received completion queue callback
[17:07:57.606] [trace] [t:96] Handling async callback 
[17:07:57.606] [info] [t:96] SyncEngine: Fetching contention.txt
[17:07:57.607] [info] [t:96] [Fetch] Only fetch file stats since content is the same!
[17:07:57.607] [trace] [t:96] Calling InitCallbackList
[17:07:57.609] [trace] [t:96] Received completion queue callback
[17:07:57.609] [trace] [t:96] Handling async callback 
[17:07:57.609] [info] [t:96] SyncEngine: Fetching contention.txt
[17:07:57.610] [info] [t:96] [Fetch] Only fetch file stats since content is the same!
[17:07:57.610] [trace] [t:96] Calling InitCallbackList
[17:07:57.611] [trace] [t:96] Received completion queue callback
[17:07:57.611] [trace] [t:96] Handling async callback 
[17:07:57.611] [info] [t:96] SyncEngine: Fetching contention.txt
[17:07:57.612] [info] [t:96] [Fetch] Only fetch file stats since content is the same!
[17:07:57.613] [trace] [t:96] Calling InitCallbackList
[17:07:57.614] [trace] [t:96] Received completion queue callback
[17:07:57.614] [trace] [t:96] Handling async callback 
[17:07:57.614] [info] [t:96] SyncEngine: Fetching contention.txt
[17:07:57.615] [info] [t:96] [Fetch] Only fetch file stats since content is the same!
[17:07:57.615] [trace] [t:96] Calling InitCallbackList
[17:07:57.616] [trace] [t:96] Received completion queue callback
[17:07:57.616] [trace] [t:96] Handling async callback 
[17:07:57.616] [info] [t:96] SyncEngine: Fetching contention.txt
[17:07:57.617] [info] [t:96] [Fetch] Only fetch file stats since content is the same!
[17:07:57.617] [trace] [t:96] Calling InitCallbackList
[17:07:57.619] [trace] [t:96] Received completion queue callback
[17:07:57.619] [trace] [t:96] Handling async callback 
[17:07:57.619] [info] [t:96] SyncEngine: Fetching contention.txt
[17:07:57.621] [info] [t:96] [Fetch] Only fetch file stats since content is the same!
[17:07:57.621] [trace] [t:96] Calling InitCallbackList
[17:07:57.622] [trace] [t:96] Received completion queue callback
[17:07:57.622] [trace] [t:96] Handling async callback 
[17:07:57.623] [info] [t:96] SyncEngine: Fetching contention.txt
[17:07:57.624] [info] [t:96] [Fetch] Only fetch file stats since content is the same!
[17:07:57.624] [trace] [t:96] Calling InitCallbackList
[17:07:57.626] [trace] [t:96] Received completion queue callback
[17:07:57.626] [trace] [t:96] Handling async callback 
[17:07:57.626] [info] [t:96] SyncEngine: Fetching contention.txt
[17:07:57.627] [info] [t:96] [Fetch] Only fetch file stats since content is the same!
[17:07:57.627] [trace] [t:96] Calling InitCallbackList
[17:07:57.628] [trace] [t:96] Received completion queue callback
[17:07:57.628] [trace] [t:96] Handling async callback 
[17:07:57.629] [info] [t:96] SyncEngine: Fetching contention.txt
[17:07:57.630] [info] [t:96] [Fetch] Only fetch file stats since content is the same!
[17:07:57.630] [trace] [t:96] Calling InitCallbackList
[17:07:57.631] [trace] [t:96] Received completion queue callback
[17:07:57.631] [trace] [t:96] Handling async callback 
[17:07:57.632] [info] [t:96] SyncEngine: Fetching contention.txt
[17:07:57.633] [info] [t:96] [Fetch] Only fetch file stats since content is the same!
[17:07:57.633] [trace] [t:96] Calling InitCallbackList
[17:07:57.634] [trace] [t:96] Received completion queue callback
[17:07:57.634] [trace] [t:96] Handling async callback 
[17:07:57.634] [info] [t:96] SyncEngine: Fetching contention.txt
[17:07:57.635] [info] [t:96] [Fetch] Only fetch file stats since content is the same!
[17:07:57.635] [trace] [t:96] Calling InitCallbackList
[17:07:57.636] [trace] [t:96] Received completion queue callback
[17:07:57.636] [trace] [t:96] Handling async callback 
[17:07:57.636] [info] [t:96] SyncEngine: Fetching contention.txt
[17:07:57.637] [info] [t:96] [Fetch] Only fetch file stats since content is the same!
[17:07:57.637] [trace] [t:96] Calling InitCallbackList
[17:07:57.638] [trace] [t:96] Received completion queue callback
[17:07:57.638] [trace] [t:96] Handling async callback 
[17:07:57.638] [info] [t:96] SyncEngine: Fetching contention.txt
[17:07:57.639] [info] [t:96] [Fetch] Only fetch file stats since content is the same!
[17:07:57.639] [trace] [t:96] Calling InitCallbackList
[17:07:57.640] [trace] [t:96] Received completion queue callback
[17:07:57.640] [trace] [t:96] Handling async callback 
[17:07:57.640] [info] [t:96] SyncEngine: Fetching contention.txt
[17:07:57.641] [info] [t:96] [Fetch] Only fetch file stats since content is the same!
[17:07:57.641] [trace] [t:96] Calling InitCallbackList
[17:07:57.642] [trace] [t:96] Received completion queue callback
[17:07:57.642] [trace] [t:96] Handling async callback 
[17:07:57.642] [info] [t:96] SyncEngine: Fetching contention.txt
[17:07:57.643] [info] [t:96] [Fetch] Only fetch file stats since content is the same!
[17:07:57.643] [trace] [t:96] Calling InitCallbackList
[17:07:57.644] [trace] [t:96] Received completion queue callback
[17:07:57.644] [trace] [t:96] Handling async callback 
[17:07:57.644] [info] [t:96] SyncEngine: Fetching contention.txt
[17:07:57.645] [info] [t:96] [Fetch] Only fetch file stats since content is the same!
[17:07:57.645] [trace] [t:96] Calling InitCallbackList
[17:07:57.646] [trace] [t:96] Received completion queue callback
[17:07:57.646] [trace] [t:96] Handling async callback 
[17:07:57.647] [info] [t:96] SyncEngine: Fetching contention.txt
[17:07:57.648] [info] [t:96] [Fetch] Only fetch file stats since content is the same!
[17:07:57.648] [trace] [t:96] Calling InitCallbackList
[17:07:57.649] [trace] [t:96] Received completion queue callback
[17:07:57.649] [trace] [t:96] Handling async callback 
[17:07:57.649] [info] [t:96] SyncEngine: Fetching contention.txt
[17:07:57.652] [info] [t:96] [Fetch] Only fetch file stats since content is the same!
[17:07:57.652] [trace] [t:96] Calling InitCallbackList
[17:07:57.653] [trace] [t:96] Received completion queue callback
[17:07:57.653] [trace] [t:96] Handling async callback 
[17:07:57.653] [info] [t:96] SyncEngine: Fetching contention.txt
[17:07:57.654] [info] [t:96] [Fetch] Only fetch file stats since content is the same!
[17:07:57.654] [trace] [t:96] Calling InitCallbackList
[17:07:57.655] [trace] [t:96] Received completion queue callback
[17:07:57.655] [trace] [t:96] Handling async callback 
[17:07:57.655] [info] [t:96] SyncEngine: Fetching contention.txt
[17:07:57.657] [info] [t:96] [Fetch] Only fetch file stats since content is the same!
[17:07:57.657] [trace] [t:96] Calling InitCallbackList
[17:07:57.658] [trace] [t:96] Received completion queue callback
[17:07:57.658] [trace] [t:96] Handling async callback 
[17:07:57.658] [info] [t:96] SyncEngine: Fetching contention.txt
[17:07:57.659] [info] [t:96] [Fetch] Only fetch file stats since content is the same!
[17:07:57.659] [trace] [t:96] Calling InitCallbackList
[17:07:57.660] [trace] [t:96] Received completion queue callback
[17:07:57.660] [trace] [t:96] Handling async callback 
[17:07:57.660] [info] [t:96] SyncEngine: Fetching contention.txt
[17:07:57.661] [info] [t:96] [Fetch] Only fetch file stats since content is the same!
[17:07:57.661] [trace] [t:96] Calling InitCallbackList
[17:07:57.663] [trace] [t:96] Received completion queue callback
[17:07:57.663] [trace] [t:96] Handling async callback 
[17:07:57.663] [info] [t:96] SyncEngine: Fetching contention.txt
[17:07:57.664] [info] [t:96] [Fetch] Only fetch file stats since content is the same!
[17:07:57.664] [trace] [t:96] Calling InitCallbackList
[17:07:57.665] [trace] [t:96] Received completion queue callback
[17:07:57.665] [trace] [t:96] Handling async callback 
[17:07:57.665] [info] [t:96] SyncEngine: Fetching contention.txt
[17:07:57.666] [info] [t:96] [Fetch] Only fetch file stats since content is the same!
[17:07:57.667] [trace] [t:96] Calling InitCallbackList
[17:07:57.667] [trace] [t:96] Received completion queue callback
[17:07:57.668] [trace] [t:96] Handling async callback 
[17:07:57.668] [info] [t:96] SyncEngine: Fetching contention.txt
[17:07:57.669] [info] [t:96] [Fetch] Only fetch file stats since content is the same!
[17:07:57.669] [trace] [t:96] Calling InitCallbackList
[17:07:57.670] [trace] [t:96] Received completion queue callback
[17:07:57.671] [trace] [t:96] Handling async callback 
[17:07:57.671] [info] [t:96] SyncEngine: Fetching contention.txt
[17:07:57.672] [info] [t:96] [Fetch] Only fetch file stats since content is the same!
[17:07:57.672] [trace] [t:96] Calling InitCallbackList
[17:07:57.674] [trace] [t:96] Received completion queue callback
[17:07:57.674] [trace] [t:96] Handling async callback 
[17:07:57.674] [info] [t:96] SyncEngine: Fetching contention.txt
[17:07:57.675] [info] [t:96] [Fetch] Only fetch file stats since content is the same!
[17:07:57.675] [trace] [t:96] Calling InitCallbackList
[17:07:57.676] [trace] [t:96] Received completion queue callback
[17:07:57.676] [trace] [t:96] Handling async callback 
[17:07:57.676] [info] [t:96] SyncEngine: Fetching contention.txt
[17:07:57.677] [info] [t:96] [Fetch] Only fetch file stats since content is the same!
[17:07:57.677] [trace] [t:96] Calling InitCallbackList
[17:07:57.679] [trace] [t:96] Received completion queue callback
[17:07:57.679] [trace] [t:96] Handling async callback 
[17:07:57.680] [info] [t:96] SyncEngine: Fetching contention.txt
[17:07:57.680] [info] [t:96] [Fetch] Only fetch file stats since content is the same!
[17:07:57.680] [trace] [t:96] Calling InitCallbackList
[17:07:57.682] [trace] [t:96] Received completion queue callback
[17:07:57.682] [trace] [t:96] Handling async callback 
[17:07:57.682] [info] [t:96] SyncEngine: Fetching contention.txt
[17:07:57.683] [info] [t:96] [Fetch] Only fetch file stats since content is the same!
[17:07:57.684] [trace] [t:96] Calling InitCallbackList
[17:07:57.684] [trace] [t:96] Received completion queue callback
[17:07:57.684] [trace] [t:96] Handling async callback 
[17:07:57.684] [info] [t:96] SyncEngine: Fetching contention.txt
[17:07:57.685] [info] [t:96] [Fetch] Only fetch file stats since content is the same!
[17:07:57.685] [trace] [t:96] Calling InitCallbackList
[17:07:57.686] [trace] [t:96] Received completion queue callback
[17:07:57.686] [trace] [t:96] Handling async callback 
[17:07:57.686] [info] [t:96] SyncEngine: Fetching contention.txt
[17:07:57.687] [info] [t:96] [Fetch] Only fetch file stats since content is the same!
[17:07:57.687] [trace] [t:96] Calling InitCallbackList
[17:07:57.688] [trace] [t:96] Received completion queue callback
[17:07:57.688] [trace] [t:96] Handling async callback 
[17:07:57.689] [info] [t:96] SyncEngine: Fetching contention.txt
[17:07:57.690] [info] [t:96] [Fetch] Only fetch file stats since content is the same!
[17:07:57.690] [trace] [t:96] Calling InitCallbackList
[17:07:57.691] [trace] [t:96] Received completion queue callback
[17:07:57.691] [trace] [t:96] Handling async callback 
[17:07:57.691] [info] [t:96] SyncEngine: Fetching contention.txt
[17:07:57.692] [info] [t:96] [Fetch] Only fetch file stats since content is the same!
[17:07:57.692] [trace] [t:96] Calling InitCallbackList
[17:07:57.693] [trace] [t:96] Received completion queue callback
[17:07:57.693] [trace] [t:96] Handling async callback 
[17:07:57.693] [info] [t:96] SyncEngine: Fetching contention.txt
[17:07:57.694] [info] [t:96] [Fetch] Only fetch file stats since content is the same!
[17:07:57.694] [trace] [t:96] Calling InitCallbackList
[17:07:57.695] [trace] [t:96] Received completion queue callback
[17:07:57.695] [trace] [t:96] Handling async callback 
[17:07:57.695] [info] [t:96] SyncEngine: Fetching contention.txt
[17:07:57.696] [info] [t:96] [Fetch] Only fetch file stats since content is the same!
[17:07:57.696] [trace] [t:96] Calling InitCallbackList
[17:07:57.697] [trace] [t:96] Received completion queue callback
[17:07:57.697] [trace] [t:96] Handling async callback 
[17:07:57.697] [info] [t:96] SyncEngine: Fetching contention.txt
[17:07:57.698] [info] [t:96] [Fetch] Only fetch file stats since content is the same!
[17:07:57.698] [trace] [t:96] Calling InitCallbackList
[17:07:57.700] [trace] [t:96] Received completion queue callback
[17:07:57.700] [trace] [t:96] Handling async callback 
[17:07:57.700] [info] [t:96] SyncEngine: Fetching contention.txt
[17:07:57.701] [info] [t:96] [Fetch] Only fetch file stats since content is the same!
[17:07:57.701] [trace] [t:96] Calling InitCallbackList
[17:07:57.702] [trace] [t:96] Received completion queue callback
[17:07:57.702] [trace] [t:96] Handling async callback 
[17:07:57.702] [info] [t:96] SyncEngine: Fetching contention.txt
[17:07:57.703] [info] [t:96] [Fetch] Only fetch file stats since content is the same!
[17:07:57.703] [trace] [t:96] Calling InitCallbackList
[17:07:57.704] [trace] [t:96] Received completion queue callback
[17:07:57.704] [trace] [t:96] Handling async callback 
[17:07:57.705] [info] [t:96] SyncEngine: Fetching contention.txt
[17:07:57.706] [info] [t:96] [Fetch] Only fetch file stats since content is the same!
[17:07:57.706] [trace] [t:96] Calling InitCallbackList
[17:07:57.707] [trace] [t:96] Received completion queue callback
[17:07:57.707] [trace] [t:96] Handling async callback 
[17:07:57.707] [info] [t:96] SyncEngine: Fetching contention.txt
[17:07:57.708] [info] [t:96] [Fetch] Only fetch file stats since content is the same!
[17:07:57.708] [trace] [t:96] Calling InitCallbackList
[17:07:57.708] [trace] [t:96] Received completion queue callback
[17:07:57.708] [trace] [t:96] Handling async callback 
[17:07:57.709] [info] [t:96] SyncEngine: Fetching contention.txt
[17:07:57.710] [info] [t:96] [Fetch] Only fetch file stats since content is the same!
[17:07:57.710] [trace] [t:96] Calling InitCallbackList
[17:07:57.711] [trace] [t:96] Received completion queue callback
[17:07:57.711] [trace] [t:96] Handling async callback 
[17:07:57.711] [info] [t:96] SyncEngine: Fetching contention.txt
[17:07:57.712] [info] [t:96] [Fetch] Only fetch file stats since content is the same!
[17:07:57.712] [trace] [t:96] Calling InitCallbackList
[17:07:57.713] [trace] [t:96] Received completion queue callback
[17:07:57.713] [trace] [t:96] Handling async callback 
[17:07:57.713] [info] [t:96] SyncEngine: Fetching contention.txt
[17:07:57.714] [info] [t:96] [Fetch] Only fetch file stats since content is the same!
[17:07:57.714] [trace] [t:96] Calling InitCallbackList
[17:07:57.715] [trace] [t:96] Received completion queue callback
[17:07:57.715] [trace] [t:96] Handling async callback 
[17:07:57.715] [info] [t:96] SyncEngine: Fetching contention.txt
[17:07:57.717] [info] [t:96] [Fetch] Only fetch file stats since content is the same!
[17:07:57.717] [trace] [t:96] Calling InitCallbackList
[17:07:57.719] [trace] [t:96] Received completion queue callback
[17:07:57.719] [trace] [t:96] Handling async callback 
[17:07:57.719] [info] [t:96] SyncEngine: Fetching contention.txt
[17:07:57.720] [info] [t:96] [Fetch] Only fetch file stats since content is the same!
[17:07:57.720] [trace] [t:96] Calling InitCallbackList
[17:07:57.721] [trace] [t:96] Received completion queue callback
[17:07:57.721] [trace] [t:96] Handling async callback 
[17:07:57.721] [info] [t:96] SyncEngine: Fetching contention.txt
[17:07:57.722] [info] [t:96] [Fetch] Only fetch file stats since content is the same!
[17:07:57.722] [trace] [t:96] Calling InitCallbackList
[17:07:57.723] [trace] [t:96] Received completion queue callback
[17:07:57.723] [trace] [t:96] Handling async callback 
[17:07:57.723] [info] [t:96] SyncEngine: Fetching contention.txt
[17:07:57.724] [info] [t:96] [Fetch] Only fetch file stats since content is the same!
[17:07:57.724] [trace] [t:96] Calling InitCallbackList
[17:07:57.725] [trace] [t:96] Received completion queue callback
[17:07:57.725] [trace] [t:96] Handling async callback 
[17:07:57.725] [info] [t:96] SyncEngine: Fetching contention.txt
[17:07:57.726] [info] [t:96] [Fetch] Only fetch file stats since content is the same!
[17:07:57.726] [trace] [t:96] Calling InitCallbackList
[17:07:57.727] [trace] [t:96] Received completion queue callback
[17:07:57.727] [trace] [t:96] Handling async callback 
[17:07:57.727] [info] [t:96] SyncEngine: Fetching contention.txt
[17:07:57.728] [info] [t:96] [Fetch] Only fetch file stats since content is the same!
[17:07:57.728] [trace] [t:96] Calling InitCallbackList
[17:07:57.729] [trace] [t:96] Received completion queue callback
[17:07:57.729] [trace] [t:96] Handling async callback 
[17:07:57.729] [info] [t:96] SyncEngine: Fetching contention.txt
[17:07:57.730] [info] [t:96] [Fetch] Only fetch file stats since content is the same!
[17:07:57.730] [trace] [t:96] Calling InitCallbackList
[17:07:57.731] [trace] [t:96] Received completion queue callback
[17:07:57.731] [trace] [t:96] Handling async callback 
[17:07:57.731] [info] [t:96] SyncEngine: Fetching contention.txt
[17:07:57.732] [info] [t:96] [Fetch] Only fetch file stats since content is the same!
[17:07:57.732] [trace] [t:96] Calling InitCallbackList
[17:07:57.733] [trace] [t:96] Received completion queue callback
[17:07:57.733] [trace] [t:96] Handling async callback 
[17:07:57.734] [info] [t:96] SyncEngine: Fetching contention.txt
[17:07:57.735] [info] [t:96] [Fetch] Only fetch file stats since content is the same!
[17:07:57.735] [trace] [t:96] Calling InitCallbackList
[17:07:57.736] [trace] [t:96] Received completion queue callback
[17:07:57.736] [trace] [t:96] Handling async callback 
[17:07:57.736] [info] [t:96] SyncEngine: Fetching contention.txt
[17:07:57.737] [info] [t:96] [Fetch] Only fetch file stats since content is the same!
[17:07:57.737] [trace] [t:96] Calling InitCallbackList
[17:07:57.738] [trace] [t:96] Received completion queue callback
[17:07:57.738] [trace] [t:96] Handling async callback 
[17:07:57.738] [info] [t:96] SyncEngine: Fetching contention.txt
[17:07:57.739] [info] [t:96] [Fetch] Only fetch file stats since content is the same!
[17:07:57.739] [trace] [t:96] Calling InitCallbackList
[17:07:57.740] [trace] [t:96] Received completion queue callback
[17:07:57.740] [trace] [t:96] Handling async callback 
[17:07:57.740] [info] [t:96] SyncEngine: Fetching contention.txt
[17:07:57.741] [info] [t:96] [Fetch] Only fetch file stats since content is the same!
[17:07:57.741] [trace] [t:96] Calling InitCallbackList
[17:07:57.742] [trace] [t:96] Received completion queue callback
[17:07:57.742] [trace] [t:96] Handling async callback 
[17:07:57.742] [info] [t:96] SyncEngine: Fetching contention.txt
[17:07:57.743] [info] [t:96] [Fetch] Only fetch file stats since content is the same!
[17:07:57.743] [trace] [t:96] Calling InitCallbackList
[17:07:57.745] [trace] [t:96] Received completion queue callback
[17:07:57.745] [trace] [t:96] Handling async callback 
[17:07:57.745] [info] [t:96] SyncEngine: Fetching contention.txt
[17:07:57.746] [info] [t:96] [Fetch] Only fetch file stats since content is the same!
[17:07:57.746] [trace] [t:96] Calling InitCallbackList
[17:07:57.747] [trace] [t:96] Received completion queue callback
[17:07:57.747] [trace] [t:96] Handling async callback 
[17:07:57.747] [info] [t:96] SyncEngine: Fetching contention.txt
[17:07:57.748] [info] [t:96] [Fetch] Only fetch file stats since content is the same!
[17:07:57.748] [trace] [t:96] Calling InitCallbackList
[17:07:57.749] [trace] [t:96] Received completion queue callback
[17:07:57.749] [trace] [t:96] Handling async callback 
[17:07:57.749] [info] [t:96] SyncEngine: Fetching contention.txt
[17:07:57.750] [info] [t:96] [Fetch] Only fetch file stats since content is the same!
[17:07:57.750] [trace] [t:96] Calling InitCallbackList
[17:07:57.751] [trace] [t:96] Received completion queue callback
[17:07:57.751] [trace] [t:96] Handling async callback 
[17:07:57.751] [info] [t:96] SyncEngine: Fetching contention.txt
[17:07:57.753] [info] [t:96] [Fetch] Only fetch file stats since content is the same!
[17:07:57.753] [trace] [t:96] Calling InitCallbackList
[17:07:57.754] [trace] [t:96] Received completion queue callback
[17:07:57.754] [trace] [t:96] Handling async callback 
[17:07:57.754] [info] [t:96] SyncEngine: Fetching contention.txt
[17:07:57.755] [info] [t:96] [Fetch] Only fetch file stats since content is the same!
[17:07:57.755] [trace] [t:96] Calling InitCallbackList
[17:07:57.756] [trace] [t:96] Received completion queue callback
[17:07:57.756] [trace] [t:96] Handling async callback 
[17:07:57.756] [info] [t:96] SyncEngine: Fetching contention.txt
[17:07:57.757] [info] [t:96] [Fetch] Only fetch file stats since content is the same!
[17:07:57.757] [trace] [t:96] Calling InitCallbackList
[17:07:57.758] [trace] [t:96] Received completion queue callback
[17:07:57.758] [trace] [t:96] Handling async callback 
[17:07:57.758] [info] [t:96] SyncEngine: Fetching contention.txt
[17:07:57.759] [info] [t:96] [Fetch] Only fetch file stats since content is the same!
[17:07:57.759] [trace] [t:96] Calling InitCallbackList
[17:07:57.761] [trace] [t:96] Received completion queue callback
[17:07:57.761] [trace] [t:96] Handling async callback 
[17:07:57.761] [info] [t:96] SyncEngine: Fetching contention.txt
[17:07:57.762] [info] [t:96] [Fetch] Only fetch file stats since content is the same!
[17:07:57.762] [trace] [t:96] Calling InitCallbackList
[17:07:57.763] [trace] [t:96] Received completion queue callback
[17:07:57.763] [trace] [t:96] Handling async callback 
[17:07:57.763] [info] [t:96] SyncEngine: Fetching contention.txt
[17:07:57.764] [info] [t:96] [Fetch] Only fetch file stats since content is the same!
[17:07:57.764] [trace] [t:96] Calling InitCallbackList
[17:07:57.766] [trace] [t:96] Received completion queue callback
[17:07:57.766] [trace] [t:96] Handling async callback 
[17:07:57.766] [info] [t:96] SyncEngine: Fetching contention.txt
[17:07:57.767] [info] [t:96] [Fetch] Only fetch file stats since content is the same!
[17:07:57.767] [trace] [t:96] Calling InitCallbackList
[17:07:57.768] [trace] [t:96] Received completion queue callback
[17:07:57.768] [trace] [t:96] Handling async callback 
[17:07:57.768] [info] [t:96] SyncEngine: Fetching contention.txt
[17:07:57.769] [info] [t:96] [Fetch] Only fetch file stats since content is the same!
[17:07:57.769] [trace] [t:96] Calling InitCallbackList
[17:07:57.770] [trace] [t:96] Received completion queue callback
[17:07:57.770] [trace] [t:96] Handling async callback 
[17:07:57.770] [info] [t:96] SyncEngine: Fetching contention.txt
[17:07:57.771] [info] [t:96] [Fetch] Only fetch file stats since content is the same!
[17:07:57.771] [trace] [t:96] Calling InitCallbackList
[17:07:57.772] [trace] [t:96] Received completion queue callback
[17:07:57.772] [trace] [t:96] Handling async callback 
[17:07:57.772] [info] [t:96] SyncEngine: Fetching contention.txt
[17:07:57.773] [info] [t:96] [Fetch] Only fetch file stats since content is the same!
[17:07:57.773] [trace] [t:96] Calling InitCallbackList
[17:07:57.774] [trace] [t:96] Received completion queue callback
[17:07:57.774] [trace] [t:96] Handling async callback 
[17:07:57.774] [info] [t:96] SyncEngine: Fetching contention.txt
[17:07:57.775] [info] [t:96] [Fetch] Only fetch file stats since content is the same!
[17:07:57.775] [trace] [t:96] Calling InitCallbackList
[17:07:57.776] [trace] [t:96] Received completion queue callback
[17:07:57.776] [trace] [t:96] Handling async callback 
[17:07:57.776] [info] [t:96] SyncEngine: Fetching contention.txt
[17:07:57.777] [info] [t:96] [Fetch] Only fetch file stats since content is the same!
[17:07:57.777] [trace] [t:96] Calling InitCallbackList
[17:07:57.778] [trace] [t:96] Received completion queue callback
[17:07:57.778] [trace] [t:96] Handling async callback 
[17:07:57.778] [info] [t:96] SyncEngine: Fetching contention.txt
[17:07:57.779] [info] [t:96] [Fetch] Only fetch file stats since content is the same!
[17:07:57.779] [trace] [t:96] Calling InitCallbackList
[17:07:57.780] [trace] [t:96] Received completion queue callback
[17:07:57.780] [trace] [t:96] Handling async callback 
[17:07:57.780] [info] [t:96] SyncEngine: Fetching contention.txt
[17:07:57.781] [info] [t:96] [Fetch] Only fetch file stats since content is the same!
[17:07:57.781] [trace] [t:96] Calling InitCallbackList
[17:07:57.782] [trace] [t:96] Received completion queue callback
[17:07:57.782] [trace] [t:96] Handling async callback 
[17:07:57.782] [info] [t:96] SyncEngine: Fetching contention.txt
[17:07:57.783] [info] [t:96] [Fetch] Only fetch file stats since content is the same!
[17:07:57.783] [trace] [t:96] Calling InitCallbackList
[17:07:57.784] [trace] [t:96] Received completion queue callback
[17:07:57.784] [trace] [t:96] Handling async callback 
[17:07:57.784] [info] [t:96] SyncEngine: Fetching contention.txt
[17:07:57.786] [info] [t:96] [Fetch] Only fetch file stats since content is the same!
[17:07:57.786] [trace] [t:96] Calling InitCallbackList
[17:07:57.787] [trace] [t:96] Received completion queue callback
[17:07:57.787] [trace] [t:96] Handling async callback 
[17:07:57.787] [info] [t:96] SyncEngine: Fetching contention.txt
[17:07:57.788] [info] [t:96] [Fetch] Only fetch file stats since content is the same!
[17:07:57.788] [trace] [t:96] Calling InitCallbackList
[17:07:57.789] [trace] [t:96] Received completion queue callback
[17:07:57.789] [trace] [t:96] Handling async callback 
[17:07:57.789] [info] [t:96] SyncEngine: Fetching contention.txt
[17:07:57.790] [info] [t:96] [Fetch] Only fetch file stats since content is the same!
[17:07:57.790] [trace] [t:96] Calling InitCallbackList
[17:07:57.791] [trace] [t:96] Received completion queue callback
[17:07:57.791] [trace] [t:96] Handling async callback 
[17:07:57.791] [info] [t:96] SyncEngine: Fetching contention.txt
[17:07:57.792] [info] [t:96] [Fetch] Only fetch file stats since content is the same!
[17:07:57.793] [trace] [t:96] Calling InitCallbackList
[17:07:57.794] [trace] [t:96] Received completion queue callback
[17:07:57.794] [trace] [t:96] Handling async callback 
[17:07:57.794] [info] [t:96] SyncEngine: Fetching contention.txt
[17:07:57.795] [info] [t:96] [Fetch] Only fetch file stats since content is the same!
[17:07:57.795] [trace] [t:96] Calling InitCallbackList
[17:07:57.796] [trace] [t:96] Received completion queue callback
[17:07:57.796] [trace] [t:96] Handling async callback 
[17:07:57.796] [info] [t:96] SyncEngine: Fetching contention.txt
[17:07:57.797] [info] [t:96] [Fetch] Only fetch file stats since content is the same!
[17:07:57.797] [trace] [t:96] Calling InitCallbackList
[17:07:57.800] [trace] [t:96] Received completion queue callback
[17:07:57.800] [trace] [t:96] Handling async callback 
[17:07:57.800] [info] [t:96] SyncEngine: Fetching contention.txt
[17:07:57.801] [info] [t:96] [Fetch] Only fetch file stats since content is the same!
[17:07:57.801] [trace] [t:96] Calling InitCallbackList
[17:07:57.802] [trace] [t:96] Received completion queue callback
[17:07:57.802] [trace] [t:96] Handling async callback 
[17:07:57.802] [info] [t:96] SyncEngine: Fetching contention.txt
[17:07:57.803] [info] [t:96] [Fetch] Only fetch file stats since content is the same!
[17:07:57.804] [trace] [t:96] Calling InitCallbackList
[17:07:57.804] [trace] [t:96] Received completion queue callback
[17:07:57.804] [trace] [t:96] Handling async callback 
[17:07:57.804] [info] [t:96] SyncEngine: Fetching contention.txt
[17:07:57.806] [info] [t:96] [Fetch] Only fetch file stats since content is the same!
[17:07:57.806] [trace] [t:96] Calling InitCallbackList
[17:07:57.807] [trace] [t:96] Received completion queue callback
[17:07:57.807] [trace] [t:96] Handling async callback 
[17:07:57.807] [info] [t:96] SyncEngine: Fetching contention.txt
[17:07:57.808] [info] [t:96] [Fetch] Only fetch file stats since content is the same!
[17:07:57.809] [trace] [t:96] Calling InitCallbackList
[17:07:57.809] [trace] [t:96] Received completion queue callback
[17:07:57.809] [trace] [t:96] Handling async callback 
[17:07:57.809] [info] [t:96] SyncEngine: Fetching contention.txt
[17:07:57.811] [info] [t:96] [Fetch] Only fetch file stats since content is the same!
[17:07:57.811] [trace] [t:96] Calling InitCallbackList
[17:07:57.812] [trace] [t:96] Received completion queue callback
[17:07:57.812] [trace] [t:96] Handling async callback 
[17:07:57.812] [info] [t:96] SyncEngine: Fetching contention.txt
[17:07:57.813] [info] [t:96] [Fetch] Only fetch file stats since content is the same!
[17:07:57.813] [trace] [t:96] Calling InitCallbackList
[17:07:57.814] [trace] [t:96] Received completion queue callback
[17:07:57.814] [trace] [t:96] Handling async callback 
[17:07:57.814] [info] [t:96] SyncEngine: Fetching contention.txt
[17:07:57.815] [info] [t:96] [Fetch] Only fetch file stats since content is the same!
[17:07:57.815] [trace] [t:96] Calling InitCallbackList
[17:07:57.816] [trace] [t:96] Received completion queue callback
[17:07:57.816] [trace] [t:96] Handling async callback 
[17:07:57.816] [info] [t:96] SyncEngine: Fetching contention.txt
[17:07:57.817] [info] [t:96] [Fetch] Only fetch file stats since content is the same!
[17:07:57.818] [trace] [t:96] Calling InitCallbackList
[17:07:57.818] [trace] [t:96] Received completion queue callback
[17:07:57.818] [trace] [t:96] Handling async callback 
[17:07:57.819] [info] [t:96] SyncEngine: Fetching contention.txt
[17:07:57.820] [info] [t:96] [Fetch] Only fetch file stats since content is the same!
[17:07:57.820] [trace] [t:96] Calling InitCallbackList
[17:07:57.821] [trace] [t:96] Received completion queue callback
[17:07:57.821] [trace] [t:96] Handling async callback 
[17:07:57.821] [info] [t:96] SyncEngine: Fetching contention.txt
[17:07:57.823] [info] [t:96] [Fetch] Only fetch file stats since content is the same!
[17:07:57.823] [trace] [t:96] Calling InitCallbackList
[17:07:57.824] [trace] [t:96] Received completion queue callback
[17:07:57.824] [trace] [t:96] Handling async callback 
[17:07:57.824] [info] [t:96] SyncEngine: Fetching contention.txt
[17:07:57.825] [info] [t:96] [Fetch] Only fetch file stats since content is the same!
[17:07:57.825] [trace] [t:96] Calling InitCallbackList
[17:07:57.826] [trace] [t:96] Received completion queue callback
[17:07:57.826] [trace] [t:96] Handling async callback 
[17:07:57.826] [info] [t:96] SyncEngine: Fetching contention.txt
[17:07:57.828] [info] [t:96] [Fetch] Only fetch file stats since content is the same!
[17:07:57.828] [trace] [t:96] Calling InitCallbackList
[17:07:57.829] [trace] [t:96] Received completion queue callback
[17:07:57.829] [trace] [t:96] Handling async callback 
[17:07:57.829] [info] [t:96] SyncEngine: Fetching contention.txt
[17:07:57.830] [info] [t:96] [Fetch] Only fetch file stats since content is the same!
[17:07:57.830] [trace] [t:96] Calling InitCallbackList
[17:07:57.832] [trace] [t:96] Received completion queue callback
[17:07:57.832] [trace] [t:96] Handling async callback 
[17:07:57.832] [info] [t:96] SyncEngine: Fetching contention.txt
[17:07:57.833] [info] [t:96] [Fetch] Only fetch file stats since content is the same!
[17:07:57.834] [trace] [t:96] Calling InitCallbackList
[17:07:57.836] [trace] [t:96] Received completion queue callback
[17:07:57.836] [trace] [t:96] Handling async callback 
[17:07:57.836] [info] [t:96] SyncEngine: Fetching contention.txt
[17:07:57.837] [info] [t:96] [Fetch] Only fetch file stats since content is the same!
[17:07:57.837] [trace] [t:96] Calling InitCallbackList
[17:07:57.838] [trace] [t:96] Received completion queue callback
[17:07:57.838] [trace] [t:96] Handling async callback 
[17:07:57.838] [info] [t:96] SyncEngine: Fetching contention.txt
[17:07:57.839] [info] [t:96] [Fetch] Only fetch file stats since content is the same!
[17:07:57.839] [trace] [t:96] Calling InitCallbackList
[17:07:57.840] [trace] [t:96] Received completion queue callback
[17:07:57.840] [trace] [t:96] Handling async callback 
[17:07:57.840] [info] [t:96] SyncEngine: Fetching contention.txt
[17:07:57.841] [info] [t:96] [Fetch] Only fetch file stats since content is the same!
[17:07:57.841] [trace] [t:96] Calling InitCallbackList
[17:07:57.842] [trace] [t:96] Received completion queue callback
[17:07:57.842] [trace] [t:96] Handling async callback 
[17:07:57.842] [info] [t:96] SyncEngine: Fetching contention.txt
[17:07:57.843] [info] [t:96] [Fetch] Only fetch file stats since content is the same!
[17:07:57.843] [trace] [t:96] Calling InitCallbackList
[17:07:57.845] [trace] [t:96] Received completion queue callback
[17:07:57.845] [trace] [t:96] Handling async callback 
[17:07:57.845] [info] [t:96] SyncEngine: Fetching contention.txt
[17:07:57.846] [info] [t:96] [Fetch] Only fetch file stats since content is the same!
[17:07:57.846] [trace] [t:96] Calling InitCallbackList
[17:07:57.847] [trace] [t:96] Received completion queue callback
[17:07:57.847] [trace] [t:96] Handling async callback 
[17:07:57.847] [info] [t:96] SyncEngine: Fetching contention.txt
[17:07:57.848] [info] [t:96] [Fetch] Only fetch file stats since content is the same!
[17:07:57.848] [trace] [t:96] Calling InitCallbackList
[17:07:57.849] [trace] [t:96] Received completion queue callback
[17:07:57.849] [trace] [t:96] Handling async callback 
[17:07:57.849] [info] [t:96] SyncEngine: Fetching contention.txt
[17:07:57.851] [info] [t:96] [Fetch] Only fetch file stats since content is the same!
[17:07:57.851] [trace] [t:96] Calling InitCallbackList
[17:07:57.851] [trace] [t:96] Received completion queue callback
[17:07:57.851] [trace] [t:96] Handling async callback 
[17:07:57.852] [info] [t:96] SyncEngine: Fetching contention.txt
[17:07:57.853] [info] [t:96] [Fetch] Only fetch file stats since content is the same!
[17:07:57.853] [trace] [t:96] Calling InitCallbackList
[17:07:57.854] [trace] [t:96] Received completion queue callback
[17:07:57.854] [trace] [t:96] Handling async callback 
[17:07:57.854] [info] [t:96] SyncEngine: Fetching contention.txt
[17:07:57.855] [info] [t:96] [Fetch] Only fetch file stats since content is the same!
[17:07:57.855] [trace] [t:96] Calling InitCallbackList
[17:07:57.856] [trace] [t:96] Received completion queue callback
[17:07:57.857] [trace] [t:96] Handling async callback 
[17:07:57.857] [info] [t:96] SyncEngine: Fetching contention.txt
[17:07:57.858] [info] [t:96] [Fetch] Only fetch file stats since content is the same!
[17:07:57.858] [trace] [t:96] Calling InitCallbackList
[17:07:57.859] [trace] [t:96] Received completion queue callback
[17:07:57.860] [trace] [t:96] Handling async callback 
[17:07:57.860] [info] [t:96] SyncEngine: Fetching contention.txt
[17:07:57.861] [info] [t:96] [Fetch] Only fetch file stats since content is the same!
[17:07:57.861] [trace] [t:96] Calling InitCallbackList
[17:07:57.862] [trace] [t:96] Received completion queue callback
[17:07:57.862] [trace] [t:96] Handling async callback 
[17:07:57.862] [info] [t:96] SyncEngine: Fetching contention.txt
[17:07:57.863] [info] [t:96] [Fetch] Only fetch file stats since content is the same!
[17:07:57.863] [trace] [t:96] Calling InitCallbackList
[17:07:57.864] [trace] [t:96] Received completion queue callback
[17:07:57.864] [trace] [t:96] Handling async callback 
[17:07:57.864] [info] [t:96] SyncEngine: Fetching contention.txt
[17:07:57.865] [info] [t:96] [Fetch] Only fetch file stats since content is the same!
[17:07:57.865] [trace] [t:96] Calling InitCallbackList
[17:07:57.866] [trace] [t:96] Received completion queue callback
[17:07:57.866] [trace] [t:96] Handling async callback 
[17:07:57.866] [info] [t:96] SyncEngine: Fetching contention.txt
[17:07:57.867] [info] [t:96] [Fetch] Only fetch file stats since content is the same!
[17:07:57.867] [trace] [t:96] Calling InitCallbackList
[17:07:57.868] [trace] [t:96] Received completion queue callback
[17:07:57.868] [trace] [t:96] Handling async callback 
[17:07:57.869] [info] [t:96] SyncEngine: Fetching contention.txt
[17:07:57.869] [info] [t:96] [Fetch] Only fetch file stats since content is the same!
[17:07:57.869] [trace] [t:96] Calling InitCallbackList
[17:07:57.870] [trace] [t:96] Received completion queue callback
[17:07:57.870] [trace] [t:96] Handling async callback 
[17:07:57.870] [info] [t:96] SyncEngine: Fetching contention.txt
[17:07:57.872] [info] [t:96] [Fetch] Only fetch file stats since content is the same!
[17:07:57.872] [trace] [t:96] Calling InitCallbackList
[17:07:57.873] [trace] [t:96] Received completion queue callback
[17:07:57.873] [trace] [t:96] Handling async callback 
[17:07:57.873] [info] [t:96] SyncEngine: Fetching contention.txt
[17:07:57.874] [info] [t:96] [Fetch] Only fetch file stats since content is the same!
[17:07:57.874] [trace] [t:96] Calling InitCallbackList
[17:07:57.875] [trace] [t:96] Received completion queue callback
[17:07:57.875] [trace] [t:96] Handling async callback 
[17:07:57.875] [info] [t:96] SyncEngine: Fetching contention.txt
[17:07:57.876] [info] [t:96] [Fetch] Only fetch file stats since content is the same!
[17:07:57.876] [trace] [t:96] Calling InitCallbackList
[17:07:57.877] [trace] [t:96] Received completion queue callback
[17:07:57.877] [trace] [t:96] Handling async callback 
[17:07:57.877] [info] [t:96] SyncEngine: Fetching contention.txt
[17:07:57.878] [info] [t:96] [Fetch] Only fetch file stats since content is the same!
[17:07:57.878] [trace] [t:96] Calling InitCallbackList
[17:07:57.879] [trace] [t:96] Received completion queue callback
[17:07:57.879] [trace] [t:96] Handling async callback 
[17:07:57.879] [info] [t:96] SyncEngine: Fetching contention.txt
[17:07:57.880] [info] [t:96] [Fetch] Only fetch file stats since content is the same!
[17:07:57.880] [trace] [t:96] Calling InitCallbackList
[17:07:57.881] [trace] [t:96] Received completion queue callback
[17:07:57.881] [trace] [t:96] Handling async callback 
[17:07:57.881] [info] [t:96] SyncEngine: Fetching contention.txt
[17:07:57.882] [info] [t:96] [Fetch] Only fetch file stats since content is the same!
[17:07:57.883] [trace] [t:96] Calling InitCallbackList
[17:07:57.884] [trace] [t:96] Received completion queue callback
[17:07:57.884] [trace] [t:96] Handling async callback 
[17:07:57.884] [info] [t:96] SyncEngine: Fetching contention.txt
[17:07:57.885] [info] [t:96] [Fetch] Only fetch file stats since content is the same!
[17:07:57.885] [trace] [t:96] Calling InitCallbackList
[17:07:57.887] [trace] [t:96] Received completion queue callback
[17:07:57.887] [trace] [t:96] Handling async callback 
[17:07:57.887] [info] [t:96] SyncEngine: Fetching contention.txt
[17:07:57.888] [info] [t:96] [Fetch] Only fetch file stats since content is the same!
[17:07:57.888] [trace] [t:96] Calling InitCallbackList
[17:07:57.889] [trace] [t:96] Received completion queue callback
[17:07:57.889] [trace] [t:96] Handling async callback 
[17:07:57.889] [info] [t:96] SyncEngine: Fetching contention.txt
[17:07:57.891] [info] [t:96] [Fetch] Only fetch file stats since content is the same!
[17:07:57.891] [trace] [t:96] Calling InitCallbackList
[17:07:57.892] [trace] [t:96] Received completion queue callback
[17:07:57.892] [trace] [t:96] Handling async callback 
[17:07:57.892] [info] [t:96] SyncEngine: Fetching contention.txt
[17:07:57.893] [info] [t:96] [Fetch] Only fetch file stats since content is the same!
[17:07:57.893] [trace] [t:96] Calling InitCallbackList
[17:07:57.894] [trace] [t:96] Received completion queue callback
[17:07:57.894] [trace] [t:96] Handling async callback 
[17:07:57.895] [info] [t:96] SyncEngine: Fetching contention.txt
[17:07:57.896] [info] [t:96] [Fetch] Only fetch file stats since content is the same!
[17:07:57.896] [trace] [t:96] Calling InitCallbackList
[17:07:57.897] [trace] [t:96] Received completion queue callback
[17:07:57.897] [trace] [t:96] Handling async callback 
[17:07:57.898] [info] [t:96] SyncEngine: Fetching contention.txt
[17:07:57.899] [info] [t:96] [Fetch] Only fetch file stats since content is the same!
[17:07:57.899] [trace] [t:96] Calling InitCallbackList
[17:07:57.900] [trace] [t:96] Received completion queue callback
[17:07:57.900] [trace] [t:96] Handling async callback 
[17:07:57.900] [info] [t:96] SyncEngine: Fetching contention.txt
[17:07:57.902] [info] [t:96] [Fetch] Only fetch file stats since content is the same!
[17:07:57.902] [trace] [t:96] Calling InitCallbackList
[17:07:57.903] [trace] [t:96] Received completion queue callback
[17:07:57.903] [trace] [t:96] Handling async callback 
[17:07:57.903] [info] [t:96] SyncEngine: Fetching contention.txt
[17:07:57.905] [info] [t:96] [Fetch] Only fetch file stats since content is the same!
[17:07:57.905] [trace] [t:96] Calling InitCallbackList
[17:07:57.906] [trace] [t:96] Received completion queue callback
[17:07:57.906] [trace] [t:96] Handling async callback 
[17:07:57.906] [info] [t:96] SyncEngine: Fetching contention.txt
[17:07:57.907] [info] [t:96] [Fetch] Only fetch file stats since content is the same!
[17:07:57.907] [trace] [t:96] Calling InitCallbackList
[17:07:57.909] [trace] [t:96] Received completion queue callback
[17:07:57.909] [trace] [t:96] Handling async callback 
[17:07:57.909] [info] [t:96] SyncEngine: Fetching contention.txt
[17:07:57.910] [info] [t:96] [Fetch] Only fetch file stats since content is the same!
[17:07:57.910] [trace] [t:96] Calling InitCallbackList
[17:07:57.911] [trace] [t:96] Received completion queue callback
[17:07:57.911] [trace] [t:96] Handling async callback 
[17:07:57.911] [info] [t:96] SyncEngine: Fetching contention.txt
[17:07:57.912] [info] [t:96] [Fetch] Only fetch file stats since content is the same!
[17:07:57.912] [trace] [t:96] Calling InitCallbackList
[17:07:57.913] [trace] [t:96] Received completion queue callback
[17:07:57.913] [trace] [t:96] Handling async callback 
[17:07:57.913] [info] [t:96] SyncEngine: Fetching contention.txt
[17:07:57.915] [info] [t:96] [Fetch] Only fetch file stats since content is the same!
[17:07:57.915] [trace] [t:96] Calling InitCallbackList
[17:07:57.915] [trace] [t:96] Received completion queue callback
[17:07:57.915] [trace] [t:96] Handling async callback 
[17:07:57.916] [info] [t:96] SyncEngine: Fetching contention.txt
[17:07:57.917] [info] [t:96] [Fetch] Only fetch file stats since content is the same!
[17:07:57.917] [trace] [t:96] Calling InitCallbackList
[17:07:57.917] [trace] [t:96] Received completion queue callback
[17:07:57.917] [trace] [t:96] Handling async callback 
[17:07:57.917] [info] [t:96] SyncEngine: Fetching contention.txt
[17:07:57.918] [info] [t:96] [Fetch] Only fetch file stats since content is the same!
[17:07:57.918] [trace] [t:96] Calling InitCallbackList
[17:07:57.920] [trace] [t:96] Received completion queue callback
[17:07:57.920] [trace] [t:96] Handling async callback 
[17:07:57.920] [info] [t:96] SyncEngine: Fetching contention.txt
[17:07:57.921] [info] [t:96] [Fetch] Only fetch file stats since content is the same!
[17:07:57.921] [trace] [t:96] Calling InitCallbackList
[17:07:57.923] [trace] [t:96] Received completion queue callback
[17:07:57.923] [trace] [t:96] Handling async callback 
[17:07:57.923] [info] [t:96] SyncEngine: Fetching contention.txt
[17:07:57.924] [info] [t:96] [Fetch] Only fetch file stats since content is the same!
[17:07:57.924] [trace] [t:96] Calling InitCallbackList
[17:07:57.925] [trace] [t:96] Received completion queue callback
[17:07:57.925] [trace] [t:96] Handling async callback 
[17:07:57.925] [info] [t:96] SyncEngine: Fetching contention.txt
[17:07:57.926] [info] [t:96] [Fetch] Only fetch file stats since content is the same!
[17:07:57.926] [trace] [t:96] Calling InitCallbackList
[17:07:57.927] [trace] [t:96] Received completion queue callback
[17:07:57.927] [trace] [t:96] Handling async callback 
[17:07:57.927] [info] [t:96] SyncEngine: Fetching contention.txt
[17:07:57.928] [info] [t:96] [Fetch] Only fetch file stats since content is the same!
[17:07:57.928] [trace] [t:96] Calling InitCallbackList
[17:07:57.930] [trace] [t:96] Received completion queue callback
[17:07:57.930] [trace] [t:96] Handling async callback 
[17:07:57.930] [info] [t:96] SyncEngine: Fetching contention.txt
[17:07:57.931] [info] [t:96] [Fetch] Only fetch file stats since content is the same!
[17:07:57.931] [trace] [t:96] Calling InitCallbackList
[17:07:57.932] [trace] [t:96] Received completion queue callback
[17:07:57.932] [trace] [t:96] Handling async callback 
[17:07:57.932] [info] [t:96] SyncEngine: Fetching contention.txt
[17:07:57.933] [info] [t:96] [Fetch] Only fetch file stats since content is the same!
[17:07:57.933] [trace] [t:96] Calling InitCallbackList
[17:07:57.935] [trace] [t:96] Received completion queue callback
[17:07:57.935] [trace] [t:96] Handling async callback 
[17:07:57.935] [info] [t:96] SyncEngine: Fetching contention.txt
[17:07:57.936] [info] [t:96] [Fetch] Only fetch file stats since content is the same!
[17:07:57.937] [trace] [t:96] Calling InitCallbackList
[17:07:57.938] [trace] [t:96] Received completion queue callback
[17:07:57.938] [trace] [t:96] Handling async callback 
[17:07:57.938] [info] [t:96] SyncEngine: Fetching contention.txt
[17:07:57.939] [info] [t:96] [Fetch] Only fetch file stats since content is the same!
[17:07:57.939] [trace] [t:96] Calling InitCallbackList
[17:07:57.940] [trace] [t:96] Received completion queue callback
[17:07:57.940] [trace] [t:96] Handling async callback 
[17:07:57.940] [info] [t:96] SyncEngine: Fetching contention.txt
[17:07:57.941] [info] [t:96] [Fetch] Only fetch file stats since content is the same!
[17:07:57.941] [trace] [t:96] Calling InitCallbackList
[17:07:57.942] [trace] [t:96] Received completion queue callback
[17:07:57.942] [trace] [t:96] Handling async callback 
[17:07:57.942] [info] [t:96] SyncEngine: Fetching contention.txt
[17:07:57.943] [info] [t:96] [Fetch] Only fetch file stats since content is the same!
[17:07:57.943] [trace] [t:96] Calling InitCallbackList
[17:07:57.944] [trace] [t:96] Received completion queue callback
[17:07:57.944] [trace] [t:96] Handling async callback 
[17:07:57.944] [info] [t:96] SyncEngine: Fetching contention.txt
[17:07:57.945] [info] [t:96] [Fetch] Only fetch file stats since content is the same!
[17:07:57.946] [trace] [t:96] Calling InitCallbackList
[17:07:57.947] [trace] [t:96] Received completion queue callback
[17:07:57.947] [trace] [t:96] Handling async callback 
[17:07:57.947] [info] [t:96] SyncEngine: Fetching contention.txt
[17:07:57.947] [info] [t:96] [Fetch] Only fetch file stats since content is the same!
[17:07:57.948] [trace] [t:96] Calling InitCallbackList
[17:07:57.948] [trace] [t:96] Received completion queue callback
[17:07:57.948] [trace] [t:96] Handling async callback 
[17:07:57.949] [info] [t:96] SyncEngine: Fetching contention.txt
[17:07:57.949] [info] [t:96] [Fetch] Only fetch file stats since content is the same!
[17:07:57.949] [trace] [t:96] Calling InitCallbackList
[17:07:57.951] [trace] [t:96] Received completion queue callback
[17:07:57.951] [trace] [t:96] Handling async callback 
[17:07:57.951] [info] [t:96] SyncEngine: Fetching contention.txt
[17:07:57.952] [info] [t:96] [Fetch] Only fetch file stats since content is the same!
[17:07:57.952] [trace] [t:96] Calling InitCallbackList
[17:07:57.953] [trace] [t:96] Received completion queue callback
[17:07:57.953] [trace] [t:96] Handling async callback 
[17:07:57.953] [info] [t:96] SyncEngine: Fetching contention.txt
[17:07:57.955] [info] [t:96] [Fetch] Only fetch file stats since content is the same!
[17:07:57.955] [trace] [t:96] Calling InitCallbackList
[17:07:57.956] [trace] [t:96] Received completion queue callback
[17:07:57.956] [trace] [t:96] Handling async callback 
[17:07:57.956] [info] [t:96] SyncEngine: Fetching contention.txt
[17:07:57.957] [info] [t:96] [Fetch] Only fetch file stats since content is the same!
[17:07:57.957] [trace] [t:96] Calling InitCallbackList
[17:07:57.958] [trace] [t:96] Received completion queue callback
[17:07:57.958] [trace] [t:96] Handling async callback 
[17:07:57.959] [info] [t:96] SyncEngine: Fetching contention.txt
[17:07:57.960] [info] [t:96] [Fetch] Only fetch file stats since content is the same!
[17:07:57.960] [trace] [t:96] Calling InitCallbackList
[17:07:57.961] [trace] [t:96] Received completion queue callback
[17:07:57.961] [trace] [t:96] Handling async callback 
[17:07:57.961] [info] [t:96] SyncEngine: Fetching contention.txt
[17:07:57.963] [info] [t:96] [Fetch] Only fetch file stats since content is the same!
[17:07:57.963] [trace] [t:96] Calling InitCallbackList
[17:07:57.964] [trace] [t:96] Received completion queue callback
[17:07:57.964] [trace] [t:96] Handling async callback 
[17:07:57.964] [info] [t:96] SyncEngine: Fetching contention.txt
[17:07:57.965] [info] [t:96] [Fetch] Only fetch file stats since content is the same!
[17:07:57.966] [trace] [t:96] Calling InitCallbackList
[17:07:57.966] [trace] [t:96] Received completion queue callback
[17:07:57.966] [trace] [t:96] Handling async callback 
[17:07:57.966] [info] [t:96] SyncEngine: Fetching contention.txt
[17:07:57.967] [info] [t:96] [Fetch] Only fetch file stats since content is the same!
[17:07:57.968] [trace] [t:96] Calling InitCallbackList
[17:07:57.968] [trace] [t:96] Received completion queue callback
[17:07:57.969] [trace] [t:96] Handling async callback 
[17:07:57.969] [info] [t:96] SyncEngine: Fetching contention.txt
[17:07:57.970] [info] [t:96] [Fetch] Only fetch file stats since content is the same!
[17:07:57.970] [trace] [t:96] Calling InitCallbackList
[17:07:57.970] [trace] [t:96] Received completion queue callback
[17:07:57.970] [trace] [t:96] Handling async callback 
[17:07:57.971] [info] [t:96] SyncEngine: Fetching contention.txt
[17:07:57.972] [info] [t:96] [Fetch] Only fetch file stats since content is the same!
[17:07:57.972] [trace] [t:96] Calling InitCallbackList
[17:07:57.973] [trace] [t:96] Received completion queue callback
[17:07:57.973] [trace] [t:96] Handling async callback 
[17:07:57.973] [info] [t:96] SyncEngine: Fetching contention.txt
[17:07:57.974] [info] [t:96] [Fetch] Only fetch file stats since content is the same!
[17:07:57.974] [trace] [t:96] Calling InitCallbackList
[17:07:57.975] [trace] [t:96] Received completion queue callback
[17:07:57.976] [trace] [t:96] Handling async callback 
[17:07:57.976] [info] [t:96] SyncEngine: Fetching contention.txt
[17:07:57.977] [info] [t:96] [Fetch] Only fetch file stats since content is the same!
[17:07:57.977] [trace] [t:96] Calling InitCallbackList
[17:07:57.978] [trace] [t:96] Received completion queue callback
[17:07:57.978] [trace] [t:96] Handling async callback 
[17:07:57.978] [info] [t:96] SyncEngine: Fetching contention.txt
[17:07:57.979] [info] [t:96] [Fetch] Only fetch file stats since content is the same!
[17:07:57.979] [trace] [t:96] Calling InitCallbackList
[17:07:57.980] [trace] [t:96] Received completion queue callback
[17:07:57.980] [trace] [t:96] Handling async callback 
[17:07:57.980] [info] [t:96] SyncEngine: Fetching contention.txt
[17:07:57.982] [info] [t:96] [Fetch] Only fetch file stats since content is the same!
[17:07:57.982] [trace] [t:96] Calling InitCallbackList
[17:07:57.984] [trace] [t:96] Received completion queue callback
[17:07:57.984] [trace] [t:96] Handling async callback 
[17:07:57.984] [info] [t:96] SyncEngine: Fetching contention.txt
[17:07:57.985] [info] [t:96] [Fetch] Only fetch file stats since content is the same!
[17:07:57.985] [trace] [t:96] Calling InitCallbackList
[17:07:57.986] [trace] [t:96] Received completion queue callback
[17:07:57.986] [trace] [t:96] Handling async callback 
[17:07:57.987] [info] [t:96] SyncEngine: Fetching contention.txt
[17:07:57.988] [info] [t:96] [Fetch] Only fetch file stats since content is the same!
[17:07:57.989] [trace] [t:96] Calling InitCallbackList
[17:07:57.989] [trace] [t:96] Received completion queue callback
[17:07:57.990] [trace] [t:96] Handling async callback 
[17:07:57.990] [info] [t:96] SyncEngine: Fetching contention.txt
[17:07:57.991] [info] [t:96] [Fetch] Only fetch file stats since content is the same!
[17:07:57.991] [trace] [t:96] Calling InitCallbackList
[17:07:57.992] [trace] [t:96] Received completion queue callback
[17:07:57.992] [trace] [t:96] Handling async callback 
[17:07:57.993] [info] [t:96] SyncEngine: Fetching contention.txt
[17:07:57.994] [info] [t:96] [Fetch] Only fetch file stats since content is the same!
[17:07:57.994] [trace] [t:96] Calling InitCallbackList
[17:07:57.995] [trace] [t:96] Received completion queue callback
[17:07:57.995] [trace] [t:96] Handling async callback 
[17:07:57.995] [info] [t:96] SyncEngine: Fetching contention.txt
[17:07:57.997] [info] [t:96] [Fetch] Only fetch file stats since content is the same!
[17:07:57.997] [trace] [t:96] Calling InitCallbackList
[17:07:57.998] [trace] [t:96] Received completion queue callback
[17:07:57.998] [trace] [t:96] Handling async callback 
[17:07:57.998] [info] [t:96] SyncEngine: Fetching contention.txt
[17:07:58.000] [info] [t:96] [Fetch] Only fetch file stats since content is the same!
[17:07:58.000] [trace] [t:96] Calling InitCallbackList
[17:07:58.001] [trace] [t:96] Received completion queue callback
[17:07:58.001] [trace] [t:96] Handling async callback 
[17:07:58.001] [info] [t:96] SyncEngine: Fetching contention.txt
[17:07:58.003] [info] [t:96] [Fetch] Only fetch file stats since content is the same!
[17:07:58.003] [trace] [t:96] Calling InitCallbackList
[17:07:58.004] [trace] [t:96] Received completion queue callback
[17:07:58.004] [trace] [t:96] Handling async callback 
[17:07:58.004] [info] [t:96] SyncEngine: Fetching contention.txt
[17:07:58.005] [info] [t:96] [Fetch] Only fetch file stats since content is the same!
[17:07:58.005] [trace] [t:96] Calling InitCallbackList
[17:07:58.006] [trace] [t:96] Received completion queue callback
[17:07:58.006] [trace] [t:96] Handling async callback 
[17:07:58.006] [info] [t:96] SyncEngine: Fetching contention.txt
[17:07:58.007] [info] [t:96] [Fetch] Only fetch file stats since content is the same!
[17:07:58.008] [trace] [t:96] Calling InitCallbackList
[17:07:58.008] [trace] [t:96] Received completion queue callback
[17:07:58.008] [trace] [t:96] Handling async callback 
[17:07:58.008] [info] [t:96] SyncEngine: Fetching contention.txt
[17:07:58.009] [info] [t:96] [Fetch] Only fetch file stats since content is the same!
[17:07:58.010] [trace] [t:96] Calling InitCallbackList
[17:07:58.010] [trace] [t:96] Received completion queue callback
[17:07:58.011] [trace] [t:96] Handling async callback 
[17:07:58.011] [info] [t:96] SyncEngine: Fetching contention.txt
[17:07:58.011] [info] [t:96] [Fetch] Only fetch file stats since content is the same!
[17:07:58.012] [trace] [t:96] Calling InitCallbackList
[17:07:58.012] [trace] [t:96] Received completion queue callback
[17:07:58.012] [trace] [t:96] Handling async callback 
[17:07:58.013] [info] [t:96] SyncEngine: Fetching contention.txt
[17:07:58.013] [info] [t:96] [Fetch] Only fetch file stats since content is the same!
[17:07:58.013] [trace] [t:96] Calling InitCallbackList
[17:07:58.014] [trace] [t:96] Received completion queue callback
[17:07:58.014] [trace] [t:96] Handling async callback 
[17:07:58.014] [info] [t:96] SyncEngine: Fetching contention.txt
[17:07:58.015] [info] [t:96] [Fetch] Only fetch file stats since content is the same!
[17:07:58.015] [trace] [t:96] Calling InitCallbackList
[17:07:58.016] [trace] [t:96] Received completion queue callback
[17:07:58.016] [trace] [t:96] Handling async callback 
[17:07:58.016] [info] [t:96] SyncEngine: Fetching contention.txt
[17:07:58.018] [info] [t:96] [Fetch] Only fetch file stats since content is the same!
[17:07:58.018] [trace] [t:96] Calling InitCallbackList
[17:07:58.019] [trace] [t:96] Received completion queue callback
[17:07:58.019] [trace] [t:96] Handling async callback 
[17:07:58.019] [info] [t:96] SyncEngine: Fetching contention.txt
[17:07:58.020] [info] [t:96] [Fetch] Only fetch file stats since content is the same!
[17:07:58.020] [trace] [t:96] Calling InitCallbackList
[17:07:58.021] [trace] [t:96] Received completion queue callback
[17:07:58.021] [trace] [t:96] Handling async callback 
[17:07:58.021] [info] [t:96] SyncEngine: Fetching contention.txt
[17:07:58.022] [info] [t:96] [Fetch] Only fetch file stats since content is the same!
[17:07:58.022] [trace] [t:96] Calling InitCallbackList
[17:07:58.024] [trace] [t:96] Received completion queue callback
[17:07:58.024] [trace] [t:96] Handling async callback 
[17:07:58.024] [info] [t:96] SyncEngine: Fetching contention.txt
[17:07:58.025] [info] [t:96] [Fetch] Only fetch file stats since content is the same!
[17:07:58.025] [trace] [t:96] Calling InitCallbackList
[17:07:58.026] [trace] [t:96] Received completion queue callback
[17:07:58.027] [trace] [t:96] Handling async callback 
[17:07:58.027] [info] [t:96] SyncEngine: Fetching contention.txt
[17:07:58.027] [info] [t:96] [Fetch] Only fetch file stats since content is the same!
[17:07:58.028] [trace] [t:96] Calling InitCallbackList
[17:07:58.029] [trace] [t:96] Received completion queue callback
[17:07:58.029] [trace] [t:96] Handling async callback 
[17:07:58.029] [info] [t:96] SyncEngine: Fetching contention.txt
[17:07:58.031] [info] [t:96] [Fetch] Only fetch file stats since content is the same!
[17:07:58.031] [trace] [t:96] Calling InitCallbackList
[17:07:58.032] [trace] [t:96] Received completion queue callback
[17:07:58.032] [trace] [t:96] Handling async callback 
[17:07:58.033] [info] [t:96] SyncEngine: Fetching contention.txt
[17:07:58.034] [info] [t:96] [Fetch] Only fetch file stats since content is the same!
[17:07:58.034] [trace] [t:96] Calling InitCallbackList
[17:07:58.035] [trace] [t:96] Received completion queue callback
[17:07:58.035] [trace] [t:96] Handling async callback 
[17:07:58.035] [info] [t:96] SyncEngine: Fetching contention.txt
[17:07:58.037] [info] [t:96] [Fetch] Only fetch file stats since content is the same!
[17:07:58.037] [trace] [t:96] Calling InitCallbackList
[17:07:58.038] [trace] [t:96] Received completion queue callback
[17:07:58.038] [trace] [t:96] Handling async callback 
[17:07:58.038] [info] [t:96] SyncEngine: Fetching contention.txt
[17:07:58.039] [info] [t:96] [Fetch] Only fetch file stats since content is the same!
[17:07:58.039] [trace] [t:96] Calling InitCallbackList
[17:07:58.040] [trace] [t:96] Received completion queue callback
[17:07:58.040] [trace] [t:96] Handling async callback 
[17:07:58.040] [info] [t:96] SyncEngine: Fetching contention.txt
[17:07:58.041] [info] [t:96] [Fetch] Only fetch file stats since content is the same!
[17:07:58.041] [trace] [t:96] Calling InitCallbackList
[17:07:58.042] [trace] [t:96] Received completion queue callback
[17:07:58.042] [trace] [t:96] Handling async callback 
[17:07:58.042] [info] [t:96] SyncEngine: Fetching contention.txt
[17:07:58.043] [info] [t:96] [Fetch] Only fetch file stats since content is the same!
[17:07:58.043] [trace] [t:96] Calling InitCallbackList
[17:07:58.044] [trace] [t:96] Received completion queue callback
[17:07:58.044] [trace] [t:96] Handling async callback 
[17:07:58.044] [info] [t:96] SyncEngine: Fetching contention.txt
[17:07:58.045] [info] [t:96] [Fetch] Only fetch file stats since content is the same!
[17:07:58.045] [trace] [t:96] Calling InitCallbackList
[17:07:58.046] [trace] [t:96] Received completion queue callback
[17:07:58.046] [trace] [t:96] Handling async callback 
[17:07:58.046] [info] [t:96] SyncEngine: Fetching contention.txt
[17:07:58.047] [info] [t:96] [Fetch] Only fetch file stats since content is the same!
[17:07:58.047] [trace] [t:96] Calling InitCallbackList
[17:07:58.048] [trace] [t:96] Received completion queue callback
[17:07:58.048] [trace] [t:96] Handling async callback 
[17:07:58.048] [info] [t:96] SyncEngine: Fetching contention.txt
[17:07:58.049] [info] [t:96] [Fetch] Only fetch file stats since content is the same!
[17:07:58.049] [trace] [t:96] Calling InitCallbackList
[17:07:58.050] [trace] [t:96] Received completion queue callback
[17:07:58.051] [trace] [t:96] Handling async callback 
[17:07:58.051] [info] [t:96] SyncEngine: Fetching contention.txt
[17:07:58.052] [info] [t:96] [Fetch] Only fetch file stats since content is the same!
[17:07:58.052] [trace] [t:96] Calling InitCallbackList
[17:07:58.053] [trace] [t:96] Received completion queue callback
[17:07:58.053] [trace] [t:96] Handling async callback 
[17:07:58.053] [info] [t:96] SyncEngine: Fetching contention.txt
[17:07:58.054] [info] [t:96] [Fetch] Only fetch file stats since content is the same!
[17:07:58.055] [trace] [t:96] Calling InitCallbackList
[17:07:58.057] [trace] [t:96] Received completion queue callback
[17:07:58.057] [trace] [t:96] Handling async callback 
[17:07:58.057] [info] [t:96] SyncEngine: Fetching contention.txt
[17:07:58.058] [info] [t:96] [Fetch] Only fetch file stats since content is the same!
[17:07:58.058] [trace] [t:96] Calling InitCallbackList
[17:07:58.059] [trace] [t:96] Received completion queue callback
[17:07:58.059] [trace] [t:96] Handling async callback 
[17:07:58.059] [info] [t:96] SyncEngine: Fetching contention.txt
[17:07:58.060] [info] [t:96] [Fetch] Only fetch file stats since content is the same!
[17:07:58.060] [trace] [t:96] Calling InitCallbackList
[17:07:58.061] [trace] [t:96] Received completion queue callback
[17:07:58.061] [trace] [t:96] Handling async callback 
[17:07:58.061] [info] [t:96] SyncEngine: Fetching contention.txt
[17:07:58.062] [info] [t:96] [Fetch] Only fetch file stats since content is the same!
[17:07:58.062] [trace] [t:96] Calling InitCallbackList
[17:07:58.063] [trace] [t:96] Received completion queue callback
[17:07:58.063] [trace] [t:96] Handling async callback 
[17:07:58.063] [info] [t:96] SyncEngine: Fetching contention.txt
[17:07:58.064] [info] [t:96] [Fetch] Only fetch file stats since content is the same!
[17:07:58.064] [trace] [t:96] Calling InitCallbackList
[17:07:58.065] [trace] [t:96] Received completion queue callback
[17:07:58.065] [trace] [t:96] Handling async callback 
[17:07:58.065] [info] [t:96] SyncEngine: Fetching contention.txt
[17:07:58.066] [info] [t:96] [Fetch] Only fetch file stats since content is the same!
[17:07:58.066] [trace] [t:96] Calling InitCallbackList
[17:07:58.067] [trace] [t:96] Received completion queue callback
[17:07:58.067] [trace] [t:96] Handling async callback 
[17:07:58.067] [info] [t:96] SyncEngine: Fetching contention.txt
[17:07:58.068] [info] [t:96] [Fetch] Only fetch file stats since content is the same!
[17:07:58.068] [trace] [t:96] Calling InitCallbackList
[17:07:58.069] [trace] [t:96] Received completion queue callback
[17:07:58.069] [trace] [t:96] Handling async callback 
[17:07:58.069] [info] [t:96] SyncEngine: Fetching contention.txt
[17:07:58.071] [info] [t:96] [Fetch] Only fetch file stats since content is the same!
[17:07:58.071] [trace] [t:96] Calling InitCallbackList
[17:07:58.073] [trace] [t:96] Received completion queue callback
[17:07:58.073] [trace] [t:96] Handling async callback 
[17:07:58.073] [info] [t:96] SyncEngine: Fetching contention.txt
[17:07:58.075] [info] [t:96] [Fetch] Only fetch file stats since content is the same!
[17:07:58.075] [trace] [t:96] Calling InitCallbackList
[17:07:58.076] [trace] [t:96] Received completion queue callback
[17:07:58.076] [trace] [t:96] Handling async callback 
[17:07:58.076] [info] [t:96] SyncEngine: Fetching contention.txt
[17:07:58.078] [info] [t:96] [Fetch] Only fetch file stats since content is the same!
[17:07:58.078] [trace] [t:96] Calling InitCallbackList
[17:07:58.079] [trace] [t:96] Received completion queue callback
[17:07:58.079] [trace] [t:96] Handling async callback 
[17:07:58.080] [info] [t:96] SyncEngine: Fetching contention.txt
[17:07:58.081] [info] [t:96] [Fetch] Only fetch file stats since content is the same!
[17:07:58.081] [trace] [t:96] Calling InitCallbackList
[17:07:58.082] [trace] [t:96] Received completion queue callback
[17:07:58.082] [trace] [t:96] Handling async callback 
[17:07:58.082] [info] [t:96] SyncEngine: Fetching contention.txt
[17:07:58.083] [info] [t:96] [Fetch] Only fetch file stats since content is the same!
[17:07:58.083] [trace] [t:96] Calling InitCallbackList
[17:07:58.084] [trace] [t:96] Received completion queue callback
[17:07:58.084] [trace] [t:96] Handling async callback 
[17:07:58.084] [info] [t:96] SyncEngine: Fetching contention.txt
[17:07:58.086] [info] [t:96] [Fetch] Only fetch file stats since content is the same!
[17:07:58.086] [trace] [t:96] Calling InitCallbackList
[17:07:58.087] [trace] [t:96] Received completion queue callback
[17:07:58.087] [trace] [t:96] Handling async callback 
[17:07:58.087] [info] [t:96] SyncEngine: Fetching contention.txt
[17:07:58.088] [info] [t:96] [Fetch] Only fetch file stats since content is the same!
[17:07:58.088] [trace] [t:96] Calling InitCallbackList
[17:07:58.089] [trace] [t:96] Received completion queue callback
[17:07:58.089] [trace] [t:96] Handling async callback 
[17:07:58.089] [info] [t:96] SyncEngine: Fetching contention.txt
[17:07:58.090] [info] [t:96] [Fetch] Only fetch file stats since content is the same!
[17:07:58.091] [trace] [t:96] Calling InitCallbackList
[17:07:58.092] [trace] [t:96] Received completion queue callback
[17:07:58.092] [trace] [t:96] Handling async callback 
[17:07:58.092] [info] [t:96] SyncEngine: Fetching contention.txt
[17:07:58.092] [info] [t:96] [Fetch] Only fetch file stats since content is the same!
[17:07:58.092] [trace] [t:96] Calling InitCallbackList
[17:07:58.094] [trace] [t:96] Received completion queue callback
[17:07:58.094] [trace] [t:96] Handling async callback 
[17:07:58.094] [info] [t:96] SyncEngine: Fetching contention.txt
[17:07:58.095] [info] [t:96] [Fetch] Only fetch file stats since content is the same!
[17:07:58.095] [trace] [t:96] Calling InitCallbackList
[17:07:58.096] [trace] [t:96] Received completion queue callback
[17:07:58.096] [trace] [t:96] Handling async callback 
[17:07:58.096] [info] [t:96] SyncEngine: Fetching contention.txt
[17:07:58.097] [info] [t:96] [Fetch] Only fetch file stats since content is the same!
[17:07:58.097] [trace] [t:96] Calling InitCallbackList
[17:07:58.098] [trace] [t:96] Received completion queue callback
[17:07:58.098] [trace] [t:96] Handling async callback 
[17:07:58.098] [info] [t:96] SyncEngine: Fetching contention.txt
[17:07:58.099] [info] [t:96] [Fetch] Only fetch file stats since content is the same!
[17:07:58.099] [trace] [t:96] Calling InitCallbackList
[17:07:58.100] [trace] [t:96] Received completion queue callback
[17:07:58.100] [trace] [t:96] Handling async callback 
[17:07:58.100] [info] [t:96] SyncEngine: Fetching contention.txt
[17:07:58.101] [info] [t:96] [Fetch] Only fetch file stats since content is the same!
[17:07:58.101] [trace] [t:96] Calling InitCallbackList
[17:07:58.102] [trace] [t:96] Received completion queue callback
[17:07:58.102] [trace] [t:96] Handling async callback 
[17:07:58.102] [info] [t:96] SyncEngine: Fetching contention.txt
[17:07:58.104] [info] [t:96] [Fetch] Only fetch file stats since content is the same!
[17:07:58.104] [trace] [t:96] Calling InitCallbackList
[17:07:58.105] [trace] [t:96] Received completion queue callback
[17:07:58.105] [trace] [t:96] Handling async callback 
[17:07:58.105] [info] [t:96] SyncEngine: Fetching contention.txt
[17:07:58.106] [info] [t:96] [Fetch] Only fetch file stats since content is the same!
[17:07:58.106] [trace] [t:96] Calling InitCallbackList
[17:07:58.107] [trace] [t:96] Received completion queue callback
[17:07:58.107] [trace] [t:96] Handling async callback 
[17:07:58.107] [info] [t:96] SyncEngine: Fetching contention.txt
[17:07:58.108] [info] [t:96] [Fetch] Only fetch file stats since content is the same!
[17:07:58.108] [trace] [t:96] Calling InitCallbackList
[17:07:58.109] [trace] [t:96] Received completion queue callback
[17:07:58.109] [trace] [t:96] Handling async callback 
[17:07:58.109] [info] [t:96] SyncEngine: Fetching contention.txt
[17:07:58.110] [info] [t:96] [Fetch] Only fetch file stats since content is the same!
[17:07:58.110] [trace] [t:96] Calling InitCallbackList
[17:07:58.111] [trace] [t:96] Received completion queue callback
[17:07:58.111] [trace] [t:96] Handling async callback 
[17:07:58.111] [info] [t:96] SyncEngine: Fetching contention.txt
[17:07:58.112] [info] [t:96] [Fetch] Only fetch file stats since content is the same!
[17:07:58.112] [trace] [t:96] Calling InitCallbackList
[17:07:58.113] [trace] [t:96] Received completion queue callback
[17:07:58.113] [trace] [t:96] Handling async callback 
[17:07:58.113] [info] [t:96] SyncEngine: Fetching contention.txt
[17:07:58.114] [info] [t:96] [Fetch] Only fetch file stats since content is the same!
[17:07:58.114] [trace] [t:96] Calling InitCallbackList
[17:07:58.115] [trace] [t:96] Received completion queue callback
[17:07:58.115] [trace] [t:96] Handling async callback 
[17:07:58.115] [info] [t:96] SyncEngine: Fetching contention.txt
[17:07:58.117] [info] [t:96] [Fetch] Only fetch file stats since content is the same!
[17:07:58.117] [trace] [t:96] Calling InitCallbackList
[17:07:58.118] [trace] [t:96] Received completion queue callback
[17:07:58.118] [trace] [t:96] Handling async callback 
[17:07:58.118] [info] [t:96] SyncEngine: Fetching contention.txt
[17:07:58.119] [info] [t:96] [Fetch] Only fetch file stats since content is the same!
[17:07:58.119] [trace] [t:96] Calling InitCallbackList
[17:07:58.120] [trace] [t:96] Received completion queue callback
[17:07:58.120] [trace] [t:96] Handling async callback 
[17:07:58.120] [info] [t:96] SyncEngine: Fetching contention.txt
[17:07:58.121] [info] [t:96] [Fetch] Only fetch file stats since content is the same!
[17:07:58.122] [trace] [t:96] Calling InitCallbackList
[17:07:58.123] [trace] [t:96] Received completion queue callback
[17:07:58.123] [trace] [t:96] Handling async callback 
[17:07:58.123] [info] [t:96] SyncEngine: Fetching contention.txt
[17:07:58.124] [info] [t:96] [Fetch] Only fetch file stats since content is the same!
[17:07:58.124] [trace] [t:96] Calling InitCallbackList
[17:07:58.125] [trace] [t:96] Received completion queue callback
[17:07:58.125] [trace] [t:96] Handling async callback 
[17:07:58.125] [info] [t:96] SyncEngine: Fetching contention.txt
[17:07:58.126] [info] [t:96] [Fetch] Only fetch file stats since content is the same!
[17:07:58.126] [trace] [t:96] Calling InitCallbackList
[17:07:58.127] [trace] [t:96] Received completion queue callback
[17:07:58.127] [trace] [t:96] Handling async callback 
[17:07:58.127] [info] [t:96] SyncEngine: Fetching contention.txt
[17:07:58.128] [info] [t:96] [Fetch] Only fetch file stats since content is the same!
[17:07:58.128] [trace] [t:96] Calling InitCallbackList
[17:07:58.129] [trace] [t:96] Received completion queue callback
[17:07:58.129] [trace] [t:96] Handling async callback 
[17:07:58.129] [info] [t:96] SyncEngine: Fetching contention.txt
[17:07:58.130] [info] [t:96] [Fetch] Only fetch file stats since content is the same!
[17:07:58.131] [trace] [t:96] Calling InitCallbackList
[17:07:58.132] [trace] [t:96] Received completion queue callback
[17:07:58.132] [trace] [t:96] Handling async callback 
[17:07:58.132] [info] [t:96] SyncEngine: Fetching contention.txt
[17:07:58.134] [info] [t:96] [Fetch] Only fetch file stats since content is the same!
[17:07:58.134] [trace] [t:96] Calling InitCallbackList
[17:07:58.135] [trace] [t:96] Received completion queue callback
[17:07:58.135] [trace] [t:96] Handling async callback 
[17:07:58.136] [info] [t:96] SyncEngine: Fetching contention.txt
[17:07:58.137] [info] [t:96] [Fetch] Only fetch file stats since content is the same!
[17:07:58.137] [trace] [t:96] Calling InitCallbackList
[17:07:58.139] [trace] [t:96] Received completion queue callback
[17:07:58.139] [trace] [t:96] Handling async callback 
[17:07:58.139] [info] [t:96] SyncEngine: Fetching contention.txt
[17:07:58.140] [info] [t:96] [Fetch] Only fetch file stats since content is the same!
[17:07:58.140] [trace] [t:96] Calling InitCallbackList
[17:07:58.141] [trace] [t:96] Received completion queue callback
[17:07:58.141] [trace] [t:96] Handling async callback 
[17:07:58.141] [info] [t:96] SyncEngine: Fetching contention.txt
[17:07:58.142] [info] [t:96] [Fetch] Only fetch file stats since content is the same!
[17:07:58.142] [trace] [t:96] Calling InitCallbackList
[17:07:58.143] [trace] [t:96] Received completion queue callback
[17:07:58.143] [trace] [t:96] Handling async callback 
[17:07:58.143] [info] [t:96] SyncEngine: Fetching contention.txt
[17:07:58.144] [info] [t:96] [Fetch] Only fetch file stats since content is the same!
[17:07:58.144] [trace] [t:96] Calling InitCallbackList
[17:07:58.146] [trace] [t:96] Received completion queue callback
[17:07:58.146] [trace] [t:96] Handling async callback 
[17:07:58.146] [info] [t:96] SyncEngine: Fetching contention.txt
[17:07:58.148] [info] [t:96] [Fetch] Only fetch file stats since content is the same!
[17:07:58.148] [trace] [t:96] Calling InitCallbackList
[17:07:58.150] [trace] [t:96] Received completion queue callback
[17:07:58.150] [trace] [t:96] Handling async callback 
[17:07:58.150] [info] [t:96] SyncEngine: Fetching contention.txt
[17:07:58.151] [info] [t:96] [Fetch] Only fetch file stats since content is the same!
[17:07:58.151] [trace] [t:96] Calling InitCallbackList
[17:07:58.152] [trace] [t:96] Received completion queue callback
[17:07:58.152] [trace] [t:96] Handling async callback 
[17:07:58.152] [info] [t:96] SyncEngine: Fetching contention.txt
[17:07:58.153] [info] [t:96] [Fetch] Only fetch file stats since content is the same!
[17:07:58.153] [trace] [t:96] Calling InitCallbackList
[17:07:58.154] [trace] [t:96] Received completion queue callback
[17:07:58.154] [trace] [t:96] Handling async callback 
[17:07:58.154] [info] [t:96] SyncEngine: Fetching contention.txt
[17:07:58.156] [info] [t:96] [Fetch] Only fetch file stats since content is the same!
[17:07:58.156] [trace] [t:96] Calling InitCallbackList
[17:07:58.158] [trace] [t:96] Received completion queue callback
[17:07:58.158] [trace] [t:96] Handling async callback 
[17:07:58.158] [info] [t:96] SyncEngine: Fetching contention.txt
[17:07:58.159] [info] [t:96] [Fetch] Only fetch file stats since content is the same!
[17:07:58.159] [trace] [t:96] Calling InitCallbackList
[17:07:58.160] [trace] [t:96] Received completion queue callback
[17:07:58.160] [trace] [t:96] Handling async callback 
[17:07:58.160] [info] [t:96] SyncEngine: Fetching contention.txt
[17:07:58.162] [info] [t:96] [Fetch] Only fetch file stats since content is the same!
[17:07:58.162] [trace] [t:96] Calling InitCallbackList
[17:07:58.163] [trace] [t:96] Received completion queue callback
[17:07:58.163] [trace] [t:96] Handling async callback 
[17:07:58.163] [info] [t:96] SyncEngine: Fetching contention.txt
[17:07:58.165] [info] [t:96] [Fetch] Only fetch file stats since content is the same!
[17:07:58.165] [trace] [t:96] Calling InitCallbackList
[17:07:58.166] [trace] [t:96] Received completion queue callback
[17:07:58.166] [trace] [t:96] Handling async callback 
[17:07:58.166] [info] [t:96] SyncEngine: Fetching contention.txt
[17:07:58.167] [info] [t:96] [Fetch] Only fetch file stats since content is the same!
[17:07:58.167] [trace] [t:96] Calling InitCallbackList
[17:07:58.168] [trace] [t:96] Received completion queue callback
[17:07:58.168] [trace] [t:96] Handling async callback 
[17:07:58.168] [info] [t:96] SyncEngine: Fetching contention.txt
[17:07:58.169] [info] [t:96] [Fetch] Only fetch file stats since content is the same!
[17:07:58.170] [trace] [t:96] Calling InitCallbackList
[17:07:58.170] [trace] [t:96] Received completion queue callback
[17:07:58.171] [trace] [t:96] Handling async callback 
[17:07:58.171] [info] [t:96] SyncEngine: Fetching contention.txt
[17:07:58.172] [info] [t:96] [Fetch] Only fetch file stats since content is the same!
[17:07:58.172] [trace] [t:96] Calling InitCallbackList
[17:07:58.173] [trace] [t:96] Received completion queue callback
[17:07:58.173] [trace] [t:96] Handling async callback 
[17:07:58.174] [info] [t:96] SyncEngine: Fetching contention.txt
[17:07:58.176] [info] [t:96] [Fetch] Only fetch file stats since content is the same!
[17:07:58.176] [trace] [t:96] Calling InitCallbackList
[17:07:58.179] [trace] [t:96] Received completion queue callback
[17:07:58.179] [trace] [t:96] Handling async callback 
[17:07:58.179] [info] [t:96] SyncEngine: Fetching contention.txt
[17:07:58.180] [info] [t:96] [Fetch] Only fetch file stats since content is the same!
[17:07:58.180] [trace] [t:96] Calling InitCallbackList
[17:07:58.181] [trace] [t:96] Received completion queue callback
[17:07:58.181] [trace] [t:96] Handling async callback 
[17:07:58.181] [info] [t:96] SyncEngine: Fetching contention.txt
[17:07:58.182] [info] [t:96] [Fetch] Only fetch file stats since content is the same!
[17:07:58.183] [trace] [t:96] Calling InitCallbackList
[17:07:58.184] [trace] [t:96] Received completion queue callback
[17:07:58.184] [trace] [t:96] Handling async callback 
[17:07:58.184] [info] [t:96] SyncEngine: Fetching contention.txt
[17:07:58.185] [info] [t:96] [Fetch] Only fetch file stats since content is the same!
[17:07:58.185] [trace] [t:96] Calling InitCallbackList
[17:07:58.185] [trace] [t:96] Received completion queue callback
[17:07:58.185] [trace] [t:96] Handling async callback 
[17:07:58.186] [info] [t:96] SyncEngine: Fetching contention.txt
[17:07:58.186] [info] [t:96] [Fetch] Only fetch file stats since content is the same!
[17:07:58.186] [trace] [t:96] Calling InitCallbackList
[17:07:58.187] [trace] [t:96] Received completion queue callback
[17:07:58.187] [trace] [t:96] Handling async callback 
[17:07:58.187] [info] [t:96] SyncEngine: Fetching contention.txt
[17:07:58.188] [info] [t:96] [Fetch] Only fetch file stats since content is the same!
[17:07:58.188] [trace] [t:96] Calling InitCallbackList
[17:07:58.190] [trace] [t:96] Received completion queue callback
[17:07:58.190] [trace] [t:96] Handling async callback 
[17:07:58.190] [info] [t:96] SyncEngine: Fetching contention.txt
[17:07:58.193] [info] [t:96] [Fetch] Only fetch file stats since content is the same!
[17:07:58.193] [trace] [t:96] Calling InitCallbackList
[17:07:58.194] [trace] [t:96] Received completion queue callback
[17:07:58.194] [trace] [t:96] Handling async callback 
[17:07:58.194] [info] [t:96] SyncEngine: Fetching contention.txt
[17:07:58.195] [info] [t:96] [Fetch] Only fetch file stats since content is the same!
[17:07:58.195] [trace] [t:96] Calling InitCallbackList
[17:07:58.196] [trace] [t:96] Received completion queue callback
[17:07:58.196] [trace] [t:96] Handling async callback 
[17:07:58.196] [info] [t:96] SyncEngine: Fetching contention.txt
[17:07:58.197] [info] [t:96] [Fetch] Only fetch file stats since content is the same!
[17:07:58.198] [trace] [t:96] Calling InitCallbackList
[17:07:58.198] [trace] [t:96] Received completion queue callback
[17:07:58.198] [trace] [t:96] Handling async callback 
[17:07:58.198] [info] [t:96] SyncEngine: Fetching contention.txt
[17:07:58.200] [info] [t:96] [Fetch] Only fetch file stats since content is the same!
[17:07:58.200] [trace] [t:96] Calling InitCallbackList
[17:07:58.201] [trace] [t:96] Received completion queue callback
[17:07:58.201] [trace] [t:96] Handling async callback 
[17:07:58.201] [info] [t:96] SyncEngine: Fetching contention.txt
[17:07:58.202] [info] [t:96] [Fetch] Only fetch file stats since content is the same!
[17:07:58.202] [trace] [t:96] Calling InitCallbackList
[17:07:58.203] [trace] [t:96] Received completion queue callback
[17:07:58.203] [trace] [t:96] Handling async callback 
[17:07:58.203] [info] [t:96] SyncEngine: Fetching contention.txt
[17:07:58.204] [info] [t:96] [Fetch] Only fetch file stats since content is the same!
[17:07:58.204] [trace] [t:96] Calling InitCallbackList
[17:07:58.205] [trace] [t:96] Received completion queue callback
[17:07:58.206] [trace] [t:96] Handling async callback 
[17:07:58.206] [info] [t:96] SyncEngine: Fetching contention.txt
[17:07:58.207] [info] [t:96] [Fetch] Only fetch file stats since content is the same!
[17:07:58.207] [trace] [t:96] Calling InitCallbackList
[17:07:58.208] [trace] [t:96] Received completion queue callback
[17:07:58.208] [trace] [t:96] Handling async callback 
[17:07:58.208] [info] [t:96] SyncEngine: Fetching contention.txt
[17:07:58.211] [info] [t:96] [Fetch] Only fetch file stats since content is the same!
[17:07:58.211] [trace] [t:96] Calling InitCallbackList
[17:07:58.212] [trace] [t:96] Received completion queue callback
[17:07:58.212] [trace] [t:96] Handling async callback 
[17:07:58.212] [info] [t:96] SyncEngine: Fetching contention.txt
[17:07:58.213] [info] [t:96] [Fetch] Only fetch file stats since content is the same!
[17:07:58.213] [trace] [t:96] Calling InitCallbackList
[17:07:58.214] [trace] [t:96] Received completion queue callback
[17:07:58.214] [trace] [t:96] Handling async callback 
[17:07:58.214] [info] [t:96] SyncEngine: Fetching contention.txt
[17:07:58.215] [info] [t:96] [Fetch] Only fetch file stats since content is the same!
[17:07:58.215] [trace] [t:96] Calling InitCallbackList
[17:07:58.216] [trace] [t:96] Received completion queue callback
[17:07:58.216] [trace] [t:96] Handling async callback 
[17:07:58.217] [info] [t:96] SyncEngine: Fetching contention.txt
[17:07:58.218] [info] [t:96] [Fetch] Only fetch file stats since content is the same!
[17:07:58.218] [trace] [t:96] Calling InitCallbackList
[17:07:58.219] [trace] [t:96] Received completion queue callback
[17:07:58.219] [trace] [t:96] Handling async callback 
[17:07:58.219] [info] [t:96] SyncEngine: Fetching contention.txt
[17:07:58.220] [info] [t:96] [Fetch] Only fetch file stats since content is the same!
[17:07:58.220] [trace] [t:96] Calling InitCallbackList
[17:07:58.221] [trace] [t:96] Received completion queue callback
[17:07:58.221] [trace] [t:96] Handling async callback 
[17:07:58.222] [info] [t:96] SyncEngine: Fetching contention.txt
[17:07:58.222] [info] [t:96] [Fetch] Only fetch file stats since content is the same!
[17:07:58.223] [trace] [t:96] Calling InitCallbackList
[17:07:58.224] [trace] [t:96] Received completion queue callback
[17:07:58.224] [trace] [t:96] Handling async callback 
[17:07:58.224] [info] [t:96] SyncEngine: Fetching contention.txt
[17:07:58.225] [info] [t:96] [Fetch] Only fetch file stats since content is the same!
[17:07:58.225] [trace] [t:96] Calling InitCallbackList
[17:07:58.227] [trace] [t:96] Received completion queue callback
[17:07:58.227] [trace] [t:96] Handling async callback 
[17:07:58.227] [info] [t:96] SyncEngine: Fetching contention.txt
[17:07:58.228] [info] [t:96] [Fetch] Only fetch file stats since content is the same!
[17:07:58.228] [trace] [t:96] Calling InitCallbackList
[17:07:58.229] [trace] [t:96] Received completion queue callback
[17:07:58.229] [trace] [t:96] Handling async callback 
[17:07:58.229] [info] [t:96] SyncEngine: Fetching contention.txt
[17:07:58.230] [info] [t:96] [Fetch] Only fetch file stats since content is the same!
[17:07:58.230] [trace] [t:96] Calling InitCallbackList
[17:07:58.231] [trace] [t:96] Received completion queue callback
[17:07:58.231] [trace] [t:96] Handling async callback 
[17:07:58.231] [info] [t:96] SyncEngine: Fetching contention.txt
[17:07:58.233] [info] [t:96] [Fetch] Only fetch file stats since content is the same!
[17:07:58.233] [trace] [t:96] Calling InitCallbackList
[17:07:58.234] [trace] [t:96] Received completion queue callback
[17:07:58.234] [trace] [t:96] Handling async callback 
[17:07:58.234] [info] [t:96] SyncEngine: Fetching contention.txt
[17:07:58.236] [info] [t:96] [Fetch] Only fetch file stats since content is the same!
[17:07:58.236] [trace] [t:96] Calling InitCallbackList
[17:07:58.237] [trace] [t:96] Received completion queue callback
[17:07:58.237] [trace] [t:96] Handling async callback 
[17:07:58.237] [info] [t:96] SyncEngine: Fetching contention.txt
[17:07:58.238] [info] [t:96] [Fetch] Only fetch file stats since content is the same!
[17:07:58.238] [trace] [t:96] Calling InitCallbackList
[17:07:58.239] [trace] [t:96] Received completion queue callback
[17:07:58.239] [trace] [t:96] Handling async callback 
[17:07:58.240] [info] [t:96] SyncEngine: Fetching contention.txt
[17:07:58.241] [info] [t:96] [Fetch] Only fetch file stats since content is the same!
[17:07:58.241] [trace] [t:96] Calling InitCallbackList
[17:07:58.243] [trace] [t:96] Received completion queue callback
[17:07:58.243] [trace] [t:96] Handling async callback 
[17:07:58.243] [info] [t:96] SyncEngine: Fetching contention.txt
[17:07:58.244] [info] [t:96] [Fetch] Only fetch file stats since content is the same!
[17:07:58.244] [trace] [t:96] Calling InitCallbackList
[17:07:58.245] [trace] [t:96] Received completion queue callback
[17:07:58.245] [trace] [t:96] Handling async callback 
[17:07:58.245] [info] [t:96] SyncEngine: Fetching contention.txt
[17:07:58.247] [info] [t:96] [Fetch] Only fetch file stats since content is the same!
[17:07:58.247] [trace] [t:96] Calling InitCallbackList
[17:07:58.248] [trace] [t:96] Received completion queue callback
[17:07:58.248] [trace] [t:96] Handling async callback 
[17:07:58.248] [info] [t:96] SyncEngine: Fetching contention.txt
[17:07:58.249] [info] [t:96] [Fetch] Only fetch file stats since content is the same!
[17:07:58.249] [trace] [t:96] Calling InitCallbackList
[17:07:58.250] [trace] [t:96] Received completion queue callback
[17:07:58.250] [trace] [t:96] Handling async callback 
[17:07:58.250] [info] [t:96] SyncEngine: Fetching contention.txt
[17:07:58.251] [info] [t:96] [Fetch] Only fetch file stats since content is the same!
[17:07:58.251] [trace] [t:96] Calling InitCallbackList
[17:07:58.252] [trace] [t:96] Received completion queue callback
[17:07:58.252] [trace] [t:96] Handling async callback 
[17:07:58.252] [info] [t:96] SyncEngine: Fetching contention.txt
[17:07:58.253] [info] [t:96] [Fetch] Only fetch file stats since content is the same!
[17:07:58.253] [trace] [t:96] Calling InitCallbackList
[17:07:58.254] [trace] [t:96] Received completion queue callback
[17:07:58.254] [trace] [t:96] Handling async callback 
[17:07:58.254] [info] [t:96] SyncEngine: Fetching contention.txt
[17:07:58.255] [info] [t:96] [Fetch] Only fetch file stats since content is the same!
[17:07:58.255] [trace] [t:96] Calling InitCallbackList
[17:07:58.256] [trace] [t:96] Received completion queue callback
[17:07:58.256] [trace] [t:96] Handling async callback 
[17:07:58.256] [info] [t:96] SyncEngine: Fetching contention.txt
[17:07:58.258] [info] [t:96] [Fetch] Only fetch file stats since content is the same!
[17:07:58.258] [trace] [t:96] Calling InitCallbackList
[17:07:58.259] [trace] [t:96] Received completion queue callback
[17:07:58.259] [trace] [t:96] Handling async callback 
[17:07:58.259] [info] [t:96] SyncEngine: Fetching contention.txt
[17:07:58.260] [info] [t:96] [Fetch] Only fetch file stats since content is the same!
[17:07:58.260] [trace] [t:96] Calling InitCallbackList
[17:07:58.260] [trace] [t:96] Received completion queue callback
[17:07:58.260] [trace] [t:96] Handling async callback 
[17:07:58.261] [info] [t:96] SyncEngine: Fetching contention.txt
[17:07:58.262] [info] [t:96] [Fetch] Only fetch file stats since content is the same!
[17:07:58.262] [trace] [t:96] Calling InitCallbackList
[17:07:58.263] [trace] [t:96] Received completion queue callback
[17:07:58.263] [trace] [t:96] Handling async callback 
[17:07:58.263] [info] [t:96] SyncEngine: Fetching contention.txt
[17:07:58.264] [info] [t:96] [Fetch] Only fetch file stats since content is the same!
[17:07:58.264] [trace] [t:96] Calling InitCallbackList
[17:07:58.265] [trace] [t:96] Received completion queue callback
[17:07:58.265] [trace] [t:96] Handling async callback 
[17:07:58.265] [info] [t:96] SyncEngine: Fetching contention.txt
[17:07:58.266] [info] [t:96] [Fetch] Only fetch file stats since content is the same!
[17:07:58.266] [trace] [t:96] Calling InitCallbackList
[17:07:58.267] [trace] [t:96] Received completion queue callback
[17:07:58.267] [trace] [t:96] Handling async callback 
[17:07:58.267] [info] [t:96] SyncEngine: Fetching contention.txt
[17:07:58.269] [info] [t:96] [Fetch] Only fetch file stats since content is the same!
[17:07:58.269] [trace] [t:96] Calling InitCallbackList
[17:07:58.270] [trace] [t:96] Received completion queue callback
[17:07:58.270] [trace] [t:96] Handling async callback 
[17:07:58.270] [info] [t:96] SyncEngine: Fetching contention.txt
[17:07:58.271] [info] [t:96] [Fetch] Only fetch file stats since content is the same!
[17:07:58.271] [trace] [t:96] Calling InitCallbackList
[17:07:58.272] [trace] [t:96] Received completion queue callback
[17:07:58.272] [trace] [t:96] Handling async callback 
[17:07:58.272] [info] [t:96] SyncEngine: Fetching contention.txt
[17:07:58.273] [info] [t:96] [Fetch] Only fetch file stats since content is the same!
[17:07:58.274] [trace] [t:96] Calling InitCallbackList
[17:07:58.274] [trace] [t:96] Received completion queue callback
[17:07:58.274] [trace] [t:96] Handling async callback 
[17:07:58.274] [info] [t:96] SyncEngine: Fetching contention.txt
[17:07:58.276] [info] [t:96] [Fetch] Only fetch file stats since content is the same!
[17:07:58.276] [trace] [t:96] Calling InitCallbackList
[17:07:58.276] [trace] [t:96] Received completion queue callback
[17:07:58.277] [trace] [t:96] Handling async callback 
[17:07:58.277] [info] [t:96] SyncEngine: Fetching contention.txt
[17:07:58.278] [info] [t:96] [Fetch] Only fetch file stats since content is the same!
[17:07:58.278] [trace] [t:96] Calling InitCallbackList
[17:07:58.279] [trace] [t:96] Received completion queue callback
[17:07:58.279] [trace] [t:96] Handling async callback 
[17:07:58.279] [info] [t:96] SyncEngine: Fetching contention.txt
[17:07:58.280] [info] [t:96] [Fetch] Only fetch file stats since content is the same!
[17:07:58.280] [trace] [t:96] Calling InitCallbackList
[17:07:58.281] [trace] [t:96] Received completion queue callback
[17:07:58.281] [trace] [t:96] Handling async callback 
[17:07:58.281] [info] [t:96] SyncEngine: Fetching contention.txt
[17:07:58.283] [info] [t:96] [Fetch] Only fetch file stats since content is the same!
[17:07:58.283] [trace] [t:96] Calling InitCallbackList
[17:07:58.284] [trace] [t:96] Received completion queue callback
[17:07:58.284] [trace] [t:96] Handling async callback 
[17:07:58.285] [info] [t:96] SyncEngine: Fetching contention.txt
[17:07:58.286] [info] [t:96] [Fetch] Only fetch file stats since content is the same!
[17:07:58.286] [trace] [t:96] Calling InitCallbackList
[17:07:58.286] [trace] [t:96] Received completion queue callback
[17:07:58.286] [trace] [t:96] Handling async callback 
[17:07:58.287] [info] [t:96] SyncEngine: Fetching contention.txt
[17:07:58.288] [info] [t:96] [Fetch] Only fetch file stats since content is the same!
[17:07:58.288] [trace] [t:96] Calling InitCallbackList
[17:07:58.289] [trace] [t:96] Received completion queue callback
[17:07:58.289] [trace] [t:96] Handling async callback 
[17:07:58.289] [info] [t:96] SyncEngine: Fetching contention.txt
[17:07:58.290] [info] [t:96] [Fetch] Only fetch file stats since content is the same!
[17:07:58.291] [trace] [t:96] Calling InitCallbackList
[17:07:58.292] [trace] [t:96] Received completion queue callback
[17:07:58.292] [trace] [t:96] Handling async callback 
[17:07:58.292] [info] [t:96] SyncEngine: Fetching contention.txt
[17:07:58.294] [info] [t:96] [Fetch] Only fetch file stats since content is the same!
[17:07:58.294] [trace] [t:96] Calling InitCallbackList
[17:07:58.295] [trace] [t:96] Received completion queue callback
[17:07:58.295] [trace] [t:96] Handling async callback 
[17:07:58.295] [info] [t:96] SyncEngine: Fetching contention.txt
[17:07:58.295] [info] [t:96] [Fetch] Only fetch file stats since content is the same!
[17:07:58.296] [trace] [t:96] Calling InitCallbackList
[17:07:58.296] [trace] [t:96] Received completion queue callback
[17:07:58.296] [trace] [t:96] Handling async callback 
[17:07:58.296] [info] [t:96] SyncEngine: Fetching contention.txt
[17:07:58.298] [info] [t:96] [Fetch] Only fetch file stats since content is the same!
[17:07:58.298] [trace] [t:96] Calling InitCallbackList
[17:07:58.298] [trace] [t:96] Received completion queue callback
[17:07:58.299] [trace] [t:96] Handling async callback 
[17:07:58.299] [info] [t:96] SyncEngine: Fetching contention.txt
[17:07:58.300] [info] [t:96] [Fetch] Only fetch file stats since content is the same!
[17:07:58.300] [trace] [t:96] Calling InitCallbackList
[17:07:58.301] [trace] [t:96] Received completion queue callback
[17:07:58.301] [trace] [t:96] Handling async callback 
[17:07:58.301] [info] [t:96] SyncEngine: Fetching contention.txt
[17:07:58.302] [info] [t:96] [Fetch] Only fetch file stats since content is the same!
[17:07:58.302] [trace] [t:96] Calling InitCallbackList
[17:07:58.303] [trace] [t:96] Received completion queue callback
[17:07:58.303] [trace] [t:96] Handling async callback 
[17:07:58.303] [info] [t:96] SyncEngine: Fetching contention.txt
[17:07:58.305] [info] [t:96] [Fetch] Only fetch file stats since content is the same!
[17:07:58.305] [trace] [t:96] Calling InitCallbackList
[17:07:58.307] [trace] [t:96] Received completion queue callback
[17:07:58.307] [trace] [t:96] Handling async callback 
[17:07:58.307] [info] [t:96] SyncEngine: Fetching contention.txt
[17:07:58.308] [info] [t:96] [Fetch] Only fetch file stats since content is the same!
[17:07:58.309] [trace] [t:96] Calling InitCallbackList
[17:07:58.310] [trace] [t:96] Received completion queue callback
[17:07:58.310] [trace] [t:96] Handling async callback 
[17:07:58.310] [info] [t:96] SyncEngine: Fetching contention.txt
[17:07:58.311] [info] [t:96] [Fetch] Only fetch file stats since content is the same!
[17:07:58.311] [trace] [t:96] Calling InitCallbackList
[17:07:58.313] [trace] [t:96] Received completion queue callback
[17:07:58.313] [trace] [t:96] Handling async callback 
[17:07:58.313] [info] [t:96] SyncEngine: Fetching contention.txt
[17:07:58.314] [info] [t:96] [Fetch] Only fetch file stats since content is the same!
[17:07:58.314] [trace] [t:96] Calling InitCallbackList
[17:07:58.316] [trace] [t:96] Received completion queue callback
[17:07:58.316] [trace] [t:96] Handling async callback 
[17:07:58.316] [info] [t:96] SyncEngine: Fetching contention.txt
[17:07:58.317] [info] [t:96] [Fetch] Only fetch file stats since content is the same!
[17:07:58.317] [trace] [t:96] Calling InitCallbackList
[17:07:58.319] [trace] [t:96] Received completion queue callback
[17:07:58.319] [trace] [t:96] Handling async callback 
[17:07:58.319] [info] [t:96] SyncEngine: Fetching contention.txt
[17:07:58.320] [info] [t:96] [Fetch] Only fetch file stats since content is the same!
[17:07:58.320] [trace] [t:96] Calling InitCallbackList
[17:07:58.321] [trace] [t:96] Received completion queue callback
[17:07:58.321] [trace] [t:96] Handling async callback 
[17:07:58.321] [info] [t:96] SyncEngine: Fetching contention.txt
[17:07:58.322] [info] [t:96] [Fetch] Only fetch file stats since content is the same!
[17:07:58.322] [trace] [t:96] Calling InitCallbackList
[17:07:58.323] [trace] [t:96] Received completion queue callback
[17:07:58.323] [trace] [t:96] Handling async callback 
[17:07:58.323] [info] [t:96] SyncEngine: Fetching contention.txt
[17:07:58.324] [info] [t:96] [Fetch] Only fetch file stats since content is the same!
[17:07:58.324] [trace] [t:96] Calling InitCallbackList
[17:07:58.325] [trace] [t:96] Received completion queue callback
[17:07:58.325] [trace] [t:96] Handling async callback 
[17:07:58.325] [info] [t:96] SyncEngine: Fetching contention.txt
[17:07:58.326] [info] [t:96] [Fetch] Only fetch file stats since content is the same!
[17:07:58.326] [trace] [t:96] Calling InitCallbackList
[17:07:58.327] [trace] [t:96] Received completion queue callback
[17:07:58.327] [trace] [t:96] Handling async callback 
[17:07:58.327] [info] [t:96] SyncEngine: Fetching contention.txt
[17:07:58.329] [info] [t:96] [Fetch] Only fetch file stats since content is the same!
[17:07:58.329] [trace] [t:96] Calling InitCallbackList
[17:07:58.330] [trace] [t:96] Received completion queue callback
[17:07:58.330] [trace] [t:96] Handling async callback 
[17:07:58.330] [info] [t:96] SyncEngine: Fetching contention.txt
[17:07:58.331] [info] [t:96] [Fetch] Only fetch file stats since content is the same!
[17:07:58.331] [trace] [t:96] Calling InitCallbackList
[17:07:58.333] [trace] [t:96] Received completion queue callback
[17:07:58.333] [trace] [t:96] Handling async callback 
[17:07:58.333] [info] [t:96] SyncEngine: Fetching contention.txt
[17:07:58.334] [info] [t:96] [Fetch] Only fetch file stats since content is the same!
[17:07:58.334] [trace] [t:96] Calling InitCallbackList
[17:07:58.335] [trace] [t:96] Received completion queue callback
[17:07:58.335] [trace] [t:96] Handling async callback 
[17:07:58.335] [info] [t:96] SyncEngine: Fetching contention.txt
[17:07:58.336] [info] [t:96] [Fetch] Only fetch file stats since content is the same!
[17:07:58.336] [trace] [t:96] Calling InitCallbackList
[17:07:58.336] [trace] [t:96] Received completion queue callback
[17:07:58.336] [trace] [t:96] Handling async callback 
[17:07:58.336] [info] [t:96] SyncEngine: Fetching contention.txt
[17:07:58.338] [info] [t:96] [Fetch] Only fetch file stats since content is the same!
[17:07:58.338] [trace] [t:96] Calling InitCallbackList
[17:07:58.339] [trace] [t:96] Received completion queue callback
[17:07:58.339] [trace] [t:96] Handling async callback 
[17:07:58.339] [info] [t:96] SyncEngine: Fetching contention.txt
[17:07:58.341] [info] [t:96] [Fetch] Only fetch file stats since content is the same!
[17:07:58.341] [trace] [t:96] Calling InitCallbackList
[17:07:58.342] [trace] [t:96] Received completion queue callback
[17:07:58.342] [trace] [t:96] Handling async callback 
[17:07:58.342] [info] [t:96] SyncEngine: Fetching contention.txt
[17:07:58.343] [info] [t:96] [Fetch] Only fetch file stats since content is the same!
[17:07:58.343] [trace] [t:96] Calling InitCallbackList
[17:07:58.343] [trace] [t:96] Received completion queue callback
[17:07:58.343] [trace] [t:96] Handling async callback 
[17:07:58.344] [info] [t:96] SyncEngine: Fetching contention.txt
[17:07:58.345] [info] [t:96] [Fetch] Only fetch file stats since content is the same!
[17:07:58.345] [trace] [t:96] Calling InitCallbackList
[17:07:58.345] [trace] [t:96] Received completion queue callback
[17:07:58.345] [trace] [t:96] Handling async callback 
[17:07:58.346] [info] [t:96] SyncEngine: Fetching contention.txt
[17:07:58.347] [info] [t:96] [Fetch] Only fetch file stats since content is the same!
[17:07:58.347] [trace] [t:96] Calling InitCallbackList
[17:07:58.348] [trace] [t:96] Received completion queue callback
[17:07:58.348] [trace] [t:96] Handling async callback 
[17:07:58.348] [info] [t:96] SyncEngine: Fetching contention.txt
[17:07:58.349] [info] [t:96] [Fetch] Only fetch file stats since content is the same!
[17:07:58.349] [trace] [t:96] Calling InitCallbackList
[17:07:58.350] [trace] [t:96] Received completion queue callback
[17:07:58.350] [trace] [t:96] Handling async callback 
[17:07:58.350] [info] [t:96] SyncEngine: Fetching contention.txt
[17:07:58.351] [info] [t:96] [Fetch] Only fetch file stats since content is the same!
[17:07:58.351] [trace] [t:96] Calling InitCallbackList
[17:07:58.352] [trace] [t:96] Received completion queue callback
[17:07:58.352] [trace] [t:96] Handling async callback 
[17:07:58.352] [info] [t:96] SyncEngine: Fetching contention.txt
[17:07:58.353] [info] [t:96] [Fetch] Only fetch file stats since content is the same!
[17:07:58.353] [trace] [t:96] Calling InitCallbackList
[17:07:58.354] [trace] [t:96] Received completion queue callback
[17:07:58.354] [trace] [t:96] Handling async callback 
[17:07:58.354] [info] [t:96] SyncEngine: Fetching contention.txt
[17:07:58.356] [info] [t:96] [Fetch] Only fetch file stats since content is the same!
[17:07:58.356] [trace] [t:96] Calling InitCallbackList
[17:07:58.357] [trace] [t:96] Received completion queue callback
[17:07:58.357] [trace] [t:96] Handling async callback 
[17:07:58.357] [info] [t:96] SyncEngine: Fetching contention.txt
[17:07:58.358] [info] [t:96] [Fetch] Only fetch file stats since content is the same!
[17:07:58.358] [trace] [t:96] Calling InitCallbackList
[17:07:58.359] [trace] [t:96] Received completion queue callback
[17:07:58.359] [trace] [t:96] Handling async callback 
[17:07:58.359] [info] [t:96] SyncEngine: Fetching contention.txt
[17:07:58.360] [info] [t:96] [Fetch] Only fetch file stats since content is the same!
[17:07:58.360] [trace] [t:96] Calling InitCallbackList
[17:07:58.361] [trace] [t:96] Received completion queue callback
[17:07:58.361] [trace] [t:96] Handling async callback 
[17:07:58.361] [info] [t:96] SyncEngine: Fetching contention.txt
[17:07:58.362] [info] [t:96] [Fetch] Only fetch file stats since content is the same!
[17:07:58.362] [trace] [t:96] Calling InitCallbackList
[17:07:58.364] [trace] [t:96] Received completion queue callback
[17:07:58.364] [trace] [t:96] Handling async callback 
[17:07:58.364] [info] [t:96] SyncEngine: Fetching contention.txt
[17:07:58.365] [info] [t:96] [Fetch] Only fetch file stats since content is the same!
[17:07:58.365] [trace] [t:96] Calling InitCallbackList
[17:07:58.366] [trace] [t:96] Received completion queue callback
[17:07:58.366] [trace] [t:96] Handling async callback 
[17:07:58.366] [info] [t:96] SyncEngine: Fetching contention.txt
[17:07:58.367] [info] [t:96] [Fetch] Only fetch file stats since content is the same!
[17:07:58.367] [trace] [t:96] Calling InitCallbackList
[17:07:58.369] [trace] [t:96] Received completion queue callback
[17:07:58.369] [trace] [t:96] Handling async callback 
[17:07:58.369] [info] [t:96] SyncEngine: Fetching contention.txt
[17:07:58.370] [info] [t:96] [Fetch] Only fetch file stats since content is the same!
[17:07:58.370] [trace] [t:96] Calling InitCallbackList
[17:07:58.371] [trace] [t:96] Received completion queue callback
[17:07:58.371] [trace] [t:96] Handling async callback 
[17:07:58.371] [info] [t:96] SyncEngine: Fetching contention.txt
[17:07:58.373] [info] [t:96] [Fetch] Only fetch file stats since content is the same!
[17:07:58.373] [trace] [t:96] Calling InitCallbackList
[17:07:58.373] [trace] [t:96] Received completion queue callback
[17:07:58.373] [trace] [t:96] Handling async callback 
[17:07:58.374] [info] [t:96] SyncEngine: Fetching contention.txt
[17:07:58.374] [info] [t:96] [Fetch] Only fetch file stats since content is the same!
[17:07:58.374] [trace] [t:96] Calling InitCallbackList
[17:07:58.375] [trace] [t:96] Received completion queue callback
[17:07:58.375] [trace] [t:96] Handling async callback 
[17:07:58.375] [info] [t:96] SyncEngine: Fetching contention.txt
[17:07:58.377] [info] [t:96] [Fetch] Only fetch file stats since content is the same!
[17:07:58.377] [trace] [t:96] Calling InitCallbackList
[17:07:58.378] [trace] [t:96] Received completion queue callback
[17:07:58.378] [trace] [t:96] Handling async callback 
[17:07:58.378] [info] [t:96] SyncEngine: Fetching contention.txt
[17:07:58.379] [info] [t:96] [Fetch] Only fetch file stats since content is the same!
[17:07:58.379] [trace] [t:96] Calling InitCallbackList
[17:07:58.381] [trace] [t:96] Received completion queue callback
[17:07:58.381] [trace] [t:96] Handling async callback 
[17:07:58.381] [info] [t:96] SyncEngine: Fetching contention.txt
[17:07:58.383] [info] [t:96] [Fetch] Only fetch file stats since content is the same!
[17:07:58.383] [trace] [t:96] Calling InitCallbackList
[17:07:58.384] [trace] [t:96] Received completion queue callback
[17:07:58.384] [trace] [t:96] Handling async callback 
[17:07:58.384] [info] [t:96] SyncEngine: Fetching contention.txt
[17:07:58.386] [info] [t:96] [Fetch] Only fetch file stats since content is the same!
[17:07:58.386] [trace] [t:96] Calling InitCallbackList
[17:07:58.387] [trace] [t:96] Received completion queue callback
[17:07:58.387] [trace] [t:96] Handling async callback 
[17:07:58.388] [info] [t:96] SyncEngine: Fetching contention.txt
[17:07:58.390] [info] [t:96] [Fetch] Only fetch file stats since content is the same!
[17:07:58.390] [trace] [t:96] Calling InitCallbackList
[17:07:58.390] [trace] [t:96] Received completion queue callback
[17:07:58.390] [trace] [t:96] Handling async callback 
[17:07:58.391] [info] [t:96] SyncEngine: Fetching contention.txt
[17:07:58.392] [info] [t:96] [Fetch] Only fetch file stats since content is the same!
[17:07:58.392] [trace] [t:96] Calling InitCallbackList
[17:07:58.394] [trace] [t:96] Received completion queue callback
[17:07:58.394] [trace] [t:96] Handling async callback 
[17:07:58.394] [info] [t:96] SyncEngine: Fetching contention.txt
[17:07:58.395] [info] [t:96] [Fetch] Only fetch file stats since content is the same!
[17:07:58.395] [trace] [t:96] Calling InitCallbackList
[17:07:58.396] [trace] [t:96] Received completion queue callback
[17:07:58.396] [trace] [t:96] Handling async callback 
[17:07:58.396] [info] [t:96] SyncEngine: Fetching contention.txt
[17:07:58.397] [info] [t:96] [Fetch] Only fetch file stats since content is the same!
[17:07:58.397] [trace] [t:96] Calling InitCallbackList
[17:07:58.398] [trace] [t:96] Received completion queue callback
[17:07:58.398] [trace] [t:96] Handling async callback 
[17:07:58.398] [info] [t:96] SyncEngine: Fetching contention.txt
[17:07:58.399] [info] [t:96] [Fetch] Only fetch file stats since content is the same!
[17:07:58.399] [trace] [t:96] Calling InitCallbackList
[17:07:58.400] [trace] [t:96] Received completion queue callback
[17:07:58.400] [trace] [t:96] Handling async callback 
[17:07:58.400] [info] [t:96] SyncEngine: Fetching contention.txt
[17:07:58.401] [info] [t:96] [Fetch] Only fetch file stats since content is the same!
[17:07:58.401] [trace] [t:96] Calling InitCallbackList
[17:07:58.402] [trace] [t:96] Received completion queue callback
[17:07:58.402] [trace] [t:96] Handling async callback 
[17:07:58.402] [info] [t:96] SyncEngine: Fetching contention.txt
[17:07:58.403] [info] [t:96] [Fetch] Only fetch file stats since content is the same!
[17:07:58.403] [trace] [t:96] Calling InitCallbackList
[17:07:58.404] [trace] [t:96] Received completion queue callback
[17:07:58.404] [trace] [t:96] Handling async callback 
[17:07:58.404] [info] [t:96] SyncEngine: Fetching contention.txt
[17:07:58.405] [info] [t:96] [Fetch] Only fetch file stats since content is the same!
[17:07:58.405] [trace] [t:96] Calling InitCallbackList
[17:07:58.406] [trace] [t:96] Received completion queue callback
[17:07:58.406] [trace] [t:96] Handling async callback 
[17:07:58.406] [info] [t:96] SyncEngine: Fetching contention.txt
[17:07:58.407] [info] [t:96] [Fetch] Only fetch file stats since content is the same!
[17:07:58.407] [trace] [t:96] Calling InitCallbackList
[17:07:58.408] [trace] [t:96] Received completion queue callback
[17:07:58.408] [trace] [t:96] Handling async callback 
[17:07:58.408] [info] [t:96] SyncEngine: Fetching contention.txt
[17:07:58.409] [info] [t:96] [Fetch] Only fetch file stats since content is the same!
[17:07:58.409] [trace] [t:96] Calling InitCallbackList
[17:07:58.410] [trace] [t:96] Received completion queue callback
[17:07:58.410] [trace] [t:96] Handling async callback 
[17:07:58.410] [info] [t:96] SyncEngine: Fetching contention.txt
[17:07:58.412] [info] [t:96] [Fetch] Only fetch file stats since content is the same!
[17:07:58.412] [trace] [t:96] Calling InitCallbackList
[17:07:58.414] [trace] [t:96] Received completion queue callback
[17:07:58.414] [trace] [t:96] Handling async callback 
[17:07:58.414] [info] [t:96] SyncEngine: Fetching contention.txt
[17:07:58.415] [info] [t:96] [Fetch] Only fetch file stats since content is the same!
[17:07:58.415] [trace] [t:96] Calling InitCallbackList
[17:07:58.416] [trace] [t:96] Received completion queue callback
[17:07:58.416] [trace] [t:96] Handling async callback 
[17:07:58.416] [info] [t:96] SyncEngine: Fetching contention.txt
[17:07:58.417] [info] [t:96] [Fetch] Only fetch file stats since content is the same!
[17:07:58.418] [trace] [t:96] Calling InitCallbackList
[17:07:58.418] [trace] [t:96] Received completion queue callback
[17:07:58.419] [trace] [t:96] Handling async callback 
[17:07:58.419] [info] [t:96] SyncEngine: Fetching contention.txt
[17:07:58.420] [info] [t:96] [Fetch] Only fetch file stats since content is the same!
[17:07:58.420] [trace] [t:96] Calling InitCallbackList
[17:07:58.421] [trace] [t:96] Received completion queue callback
[17:07:58.421] [trace] [t:96] Handling async callback 
[17:07:58.421] [info] [t:96] SyncEngine: Fetching contention.txt
[17:07:58.423] [info] [t:96] [Fetch] Only fetch file stats since content is the same!
[17:07:58.423] [trace] [t:96] Calling InitCallbackList
[17:07:58.424] [trace] [t:96] Received completion queue callback
[17:07:58.424] [trace] [t:96] Handling async callback 
[17:07:58.424] [info] [t:96] SyncEngine: Fetching contention.txt
[17:07:58.426] [info] [t:96] [Fetch] Only fetch file stats since content is the same!
[17:07:58.426] [trace] [t:96] Calling InitCallbackList
[17:07:58.426] [trace] [t:96] Received completion queue callback
[17:07:58.426] [trace] [t:96] Handling async callback 
[17:07:58.427] [info] [t:96] SyncEngine: Fetching contention.txt
[17:07:58.428] [info] [t:96] [Fetch] Only fetch file stats since content is the same!
[17:07:58.428] [trace] [t:96] Calling InitCallbackList
[17:07:58.429] [trace] [t:96] Received completion queue callback
[17:07:58.429] [trace] [t:96] Handling async callback 
[17:07:58.429] [info] [t:96] SyncEngine: Fetching contention.txt
[17:07:58.430] [info] [t:96] [Fetch] Only fetch file stats since content is the same!
[17:07:58.430] [trace] [t:96] Calling InitCallbackList
[17:07:58.431] [trace] [t:96] Received completion queue callback
[17:07:58.431] [trace] [t:96] Handling async callback 
[17:07:58.431] [info] [t:96] SyncEngine: Fetching contention.txt
[17:07:58.432] [info] [t:96] [Fetch] Only fetch file stats since content is the same!
[17:07:58.432] [trace] [t:96] Calling InitCallbackList
[17:07:58.433] [trace] [t:96] Received completion queue callback
[17:07:58.434] [trace] [t:96] Handling async callback 
[17:07:58.434] [info] [t:96] SyncEngine: Fetching contention.txt
[17:07:58.435] [info] [t:96] [Fetch] Only fetch file stats since content is the same!
[17:07:58.435] [trace] [t:96] Calling InitCallbackList
[17:07:58.436] [trace] [t:96] Received completion queue callback
[17:07:58.436] [trace] [t:96] Handling async callback 
[17:07:58.436] [info] [t:96] SyncEngine: Fetching contention.txt
[17:07:58.437] [info] [t:96] [Fetch] Only fetch file stats since content is the same!
[17:07:58.437] [trace] [t:96] Calling InitCallbackList
[17:07:58.438] [trace] [t:96] Received completion queue callback
[17:07:58.438] [trace] [t:96] Handling async callback 
[17:07:58.438] [info] [t:96] SyncEngine: Fetching contention.txt
[17:07:58.439] [info] [t:96] [Fetch] Only fetch file stats since content is the same!
[17:07:58.439] [trace] [t:96] Calling InitCallbackList
[17:07:58.440] [trace] [t:96] Received completion queue callback
[17:07:58.440] [trace] [t:96] Handling async callback 
[17:07:58.440] [info] [t:96] SyncEngine: Fetching contention.txt
[17:07:58.442] [info] [t:96] [Fetch] Only fetch file stats since content is the same!
[17:07:58.442] [trace] [t:96] Calling InitCallbackList
[17:07:58.442] [trace] [t:96] Received completion queue callback
[17:07:58.442] [trace] [t:96] Handling async callback 
[17:07:58.443] [info] [t:96] SyncEngine: Fetching contention.txt
[17:07:58.444] [info] [t:96] [Fetch] Only fetch file stats since content is the same!
[17:07:58.444] [trace] [t:96] Calling InitCallbackList
[17:07:58.444] [trace] [t:96] Received completion queue callback
[17:07:58.445] [trace] [t:96] Handling async callback 
[17:07:58.445] [info] [t:96] SyncEngine: Fetching contention.txt
[17:07:58.446] [info] [t:96] [Fetch] Only fetch file stats since content is the same!
[17:07:58.446] [trace] [t:96] Calling InitCallbackList
[17:07:58.447] [trace] [t:96] Received completion queue callback
[17:07:58.447] [trace] [t:96] Handling async callback 
[17:07:58.447] [info] [t:96] SyncEngine: Fetching contention.txt
[17:07:58.449] [info] [t:96] [Fetch] Only fetch file stats since content is the same!
[17:07:58.449] [trace] [t:96] Calling InitCallbackList
[17:07:58.450] [trace] [t:96] Received completion queue callback
[17:07:58.450] [trace] [t:96] Handling async callback 
[17:07:58.450] [info] [t:96] SyncEngine: Fetching contention.txt
[17:07:58.452] [info] [t:96] [Fetch] Only fetch file stats since content is the same!
[17:07:58.452] [trace] [t:96] Calling InitCallbackList
[17:07:58.453] [trace] [t:96] Received completion queue callback
[17:07:58.453] [trace] [t:96] Handling async callback 
[17:07:58.453] [info] [t:96] SyncEngine: Fetching contention.txt
[17:07:58.454] [info] [t:96] [Fetch] Only fetch file stats since content is the same!
[17:07:58.454] [trace] [t:96] Calling InitCallbackList
[17:07:58.456] [trace] [t:96] Received completion queue callback
[17:07:58.456] [trace] [t:96] Handling async callback 
[17:07:58.456] [info] [t:96] SyncEngine: Fetching contention.txt
[17:07:58.457] [info] [t:96] [Fetch] Only fetch file stats since content is the same!
[17:07:58.457] [trace] [t:96] Calling InitCallbackList
[17:07:58.458] [trace] [t:96] Received completion queue callback
[17:07:58.458] [trace] [t:96] Handling async callback 
[17:07:58.458] [info] [t:96] SyncEngine: Fetching contention.txt
[17:07:58.460] [info] [t:96] [Fetch] Only fetch file stats since content is the same!
[17:07:58.460] [trace] [t:96] Calling InitCallbackList
[17:07:58.461] [trace] [t:96] Received completion queue callback
[17:07:58.461] [trace] [t:96] Handling async callback 
[17:07:58.462] [info] [t:96] SyncEngine: Fetching contention.txt
[17:07:58.464] [info] [t:96] [Fetch] Only fetch file stats since content is the same!
[17:07:58.464] [trace] [t:96] Calling InitCallbackList
[17:07:58.464] [trace] [t:96] Received completion queue callback
[17:07:58.464] [trace] [t:96] Handling async callback 
[17:07:58.464] [info] [t:96] SyncEngine: Fetching contention.txt
[17:07:58.466] [info] [t:96] [Fetch] Only fetch file stats since content is the same!
[17:07:58.466] [trace] [t:96] Calling InitCallbackList
[17:07:58.467] [trace] [t:96] Received completion queue callback
[17:07:58.467] [trace] [t:96] Handling async callback 
[17:07:58.467] [info] [t:96] SyncEngine: Fetching contention.txt
[17:07:58.468] [info] [t:96] [Fetch] Only fetch file stats since content is the same!
[17:07:58.468] [trace] [t:96] Calling InitCallbackList
[17:07:58.469] [trace] [t:96] Received completion queue callback
[17:07:58.469] [trace] [t:96] Handling async callback 
[17:07:58.469] [info] [t:96] SyncEngine: Fetching contention.txt
[17:07:58.470] [info] [t:96] [Fetch] Only fetch file stats since content is the same!
[17:07:58.470] [trace] [t:96] Calling InitCallbackList
[17:07:58.472] [trace] [t:96] Received completion queue callback
[17:07:58.472] [trace] [t:96] Handling async callback 
[17:07:58.472] [info] [t:96] SyncEngine: Fetching contention.txt
[17:07:58.473] [info] [t:96] [Fetch] Only fetch file stats since content is the same!
[17:07:58.473] [trace] [t:96] Calling InitCallbackList
[17:07:58.475] [trace] [t:96] Received completion queue callback
[17:07:58.475] [trace] [t:96] Handling async callback 
[17:07:58.475] [info] [t:96] SyncEngine: Fetching contention.txt
[17:07:58.476] [info] [t:96] [Fetch] Only fetch file stats since content is the same!
[17:07:58.477] [trace] [t:96] Calling InitCallbackList
[17:07:58.477] [trace] [t:96] Received completion queue callback
[17:07:58.477] [trace] [t:96] Handling async callback 
[17:07:58.477] [info] [t:96] SyncEngine: Fetching contention.txt
[17:07:58.478] [info] [t:96] [Fetch] Only fetch file stats since content is the same!
[17:07:58.479] [trace] [t:96] Calling InitCallbackList
[17:07:58.479] [trace] [t:96] Received completion queue callback
[17:07:58.479] [trace] [t:96] Handling async callback 
[17:07:58.480] [info] [t:96] SyncEngine: Fetching contention.txt
[17:07:58.480] [info] [t:96] [Fetch] Only fetch file stats since content is the same!
[17:07:58.481] [trace] [t:96] Calling InitCallbackList
[17:07:58.481] [trace] [t:96] Received completion queue callback
[17:07:58.481] [trace] [t:96] Handling async callback 
[17:07:58.481] [info] [t:96] SyncEngine: Fetching contention.txt
[17:07:58.482] [info] [t:96] [Fetch] Only fetch file stats since content is the same!
[17:07:58.483] [trace] [t:96] Calling InitCallbackList
[17:07:58.483] [trace] [t:96] Received completion queue callback
[17:07:58.483] [trace] [t:96] Handling async callback 
[17:07:58.483] [info] [t:96] SyncEngine: Fetching contention.txt
[17:07:58.485] [info] [t:96] [Fetch] Only fetch file stats since content is the same!
[17:07:58.485] [trace] [t:96] Calling InitCallbackList
[17:07:58.486] [trace] [t:96] Received completion queue callback
[17:07:58.486] [trace] [t:96] Handling async callback 
[17:07:58.486] [info] [t:96] SyncEngine: Fetching contention.txt
[17:07:58.487] [info] [t:96] [Fetch] Only fetch file stats since content is the same!
[17:07:58.487] [trace] [t:96] Calling InitCallbackList
[17:07:58.488] [trace] [t:96] Received completion queue callback
[17:07:58.488] [trace] [t:96] Handling async callback 
[17:07:58.488] [info] [t:96] SyncEngine: Fetching contention.txt
[17:07:58.490] [info] [t:96] [Fetch] Only fetch file stats since content is the same!
[17:07:58.490] [trace] [t:96] Calling InitCallbackList
[17:07:58.491] [trace] [t:96] Received completion queue callback
[17:07:58.491] [trace] [t:96] Handling async callback 
[17:07:58.491] [info] [t:96] SyncEngine: Fetching contention.txt
[17:07:58.492] [info] [t:96] [Fetch] Only fetch file stats since content is the same!
[17:07:58.493] [trace] [t:96] Calling InitCallbackList
[17:07:58.493] [trace] [t:96] Received completion queue callback
[17:07:58.493] [trace] [t:96] Handling async callback 
[17:07:58.493] [info] [t:96] SyncEngine: Fetching contention.txt
[17:07:58.495] [info] [t:96] [Fetch] Only fetch file stats since content is the same!
[17:07:58.495] [trace] [t:96] Calling InitCallbackList
[17:07:58.497] [trace] [t:96] Received completion queue callback
[17:07:58.497] [trace] [t:96] Handling async callback 
[17:07:58.497] [info] [t:96] SyncEngine: Fetching contention.txt
[17:07:58.498] [info] [t:96] [Fetch] Only fetch file stats since content is the same!
[17:07:58.498] [trace] [t:96] Calling InitCallbackList
[17:07:58.499] [trace] [t:96] Received completion queue callback
[17:07:58.499] [trace] [t:96] Handling async callback 
[17:07:58.500] [info] [t:96] SyncEngine: Fetching contention.txt
[17:07:58.501] [info] [t:96] [Fetch] Only fetch file stats since content is the same!
[17:07:58.501] [trace] [t:96] Calling InitCallbackList
[17:07:58.503] [trace] [t:96] Received completion queue callback
[17:07:58.503] [trace] [t:96] Handling async callback 
[17:07:58.503] [info] [t:96] SyncEngine: Fetching contention.txt
[17:07:58.504] [info] [t:96] [Fetch] Only fetch file stats since content is the same!
[17:07:58.504] [trace] [t:96] Calling InitCallbackList
[17:07:58.505] [trace] [t:96] Received completion queue callback
[17:07:58.505] [trace] [t:96] Handling async callback 
[17:07:58.505] [info] [t:96] SyncEngine: Fetching contention.txt
[17:07:58.506] [info] [t:96] [Fetch] Only fetch file stats since content is the same!
[17:07:58.506] [trace] [t:96] Calling InitCallbackList
[17:07:58.507] [trace] [t:96] Received completion queue callback
[17:07:58.507] [trace] [t:96] Handling async callback 
[17:07:58.507] [info] [t:96] SyncEngine: Fetching contention.txt
[17:07:58.508] [info] [t:96] [Fetch] Only fetch file stats since content is the same!
[17:07:58.508] [trace] [t:96] Calling InitCallbackList
[17:07:58.509] [trace] [t:96] Received completion queue callback
[17:07:58.510] [trace] [t:96] Handling async callback 
[17:07:58.510] [info] [t:96] SyncEngine: Fetching contention.txt
[17:07:58.510] [info] [t:96] [Fetch] Only fetch file stats since content is the same!
[17:07:58.511] [trace] [t:96] Calling InitCallbackList
[17:07:58.511] [trace] [t:96] Received completion queue callback
[17:07:58.511] [trace] [t:96] Handling async callback 
[17:07:58.512] [info] [t:96] SyncEngine: Fetching contention.txt
[17:07:58.513] [info] [t:96] [Fetch] Only fetch file stats since content is the same!
[17:07:58.513] [trace] [t:96] Calling InitCallbackList
[17:07:58.514] [trace] [t:96] Received completion queue callback
[17:07:58.514] [trace] [t:96] Handling async callback 
[17:07:58.514] [info] [t:96] SyncEngine: Fetching contention.txt
[17:07:58.515] [info] [t:96] [Fetch] Only fetch file stats since content is the same!
[17:07:58.515] [trace] [t:96] Calling InitCallbackList
[17:07:58.516] [trace] [t:96] Received completion queue callback
[17:07:58.516] [trace] [t:96] Handling async callback 
[17:07:58.516] [info] [t:96] SyncEngine: Fetching contention.txt
[17:07:58.517] [info] [t:96] [Fetch] Only fetch file stats since content is the same!
[17:07:58.517] [trace] [t:96] Calling InitCallbackList
[17:07:58.518] [trace] [t:96] Received completion queue callback
[17:07:58.518] [trace] [t:96] Handling async callback 
[17:07:58.518] [info] [t:96] SyncEngine: Fetching contention.txt
[17:07:58.519] [info] [t:96] [Fetch] Only fetch file stats since content is the same!
[17:07:58.519] [trace] [t:96] Calling InitCallbackList
[17:07:58.521] [trace] [t:96] Received completion queue callback
[17:07:58.521] [trace] [t:96] Handling async callback 
[17:07:58.521] [info] [t:96] SyncEngine: Fetching contention.txt
[17:07:58.522] [info] [t:96] [Fetch] Only fetch file stats since content is the same!
[17:07:58.522] [trace] [t:96] Calling InitCallbackList
[17:07:58.524] [trace] [t:96] Received completion queue callback
[17:07:58.524] [trace] [t:96] Handling async callback 
[17:07:58.524] [info] [t:96] SyncEngine: Fetching contention.txt
[17:07:58.525] [info] [t:96] [Fetch] Only fetch file stats since content is the same!
[17:07:58.525] [trace] [t:96] Calling InitCallbackList
[17:07:58.526] [trace] [t:96] Received completion queue callback
[17:07:58.526] [trace] [t:96] Handling async callback 
[17:07:58.526] [info] [t:96] SyncEngine: Fetching contention.txt
[17:07:58.528] [info] [t:96] [Fetch] Only fetch file stats since content is the same!
[17:07:58.528] [trace] [t:96] Calling InitCallbackList
[17:07:58.529] [trace] [t:96] Received completion queue callback
[17:07:58.529] [trace] [t:96] Handling async callback 
[17:07:58.529] [info] [t:96] SyncEngine: Fetching contention.txt
[17:07:58.530] [info] [t:96] [Fetch] Only fetch file stats since content is the same!
[17:07:58.531] [trace] [t:96] Calling InitCallbackList
[17:07:58.531] [trace] [t:96] Received completion queue callback
[17:07:58.531] [trace] [t:96] Handling async callback 
[17:07:58.532] [info] [t:96] SyncEngine: Fetching contention.txt
[17:07:58.533] [info] [t:96] [Fetch] Only fetch file stats since content is the same!
[17:07:58.533] [trace] [t:96] Calling InitCallbackList
[17:07:58.534] [trace] [t:96] Received completion queue callback
[17:07:58.534] [trace] [t:96] Handling async callback 
[17:07:58.534] [info] [t:96] SyncEngine: Fetching contention.txt
[17:07:58.535] [info] [t:96] [Fetch] Only fetch file stats since content is the same!
[17:07:58.535] [trace] [t:96] Calling InitCallbackList
[17:07:58.537] [trace] [t:96] Received completion queue callback
[17:07:58.537] [trace] [t:96] Handling async callback 
[17:07:58.537] [info] [t:96] SyncEngine: Fetching contention.txt
[17:07:58.538] [info] [t:96] [Fetch] Only fetch file stats since content is the same!
[17:07:58.538] [trace] [t:96] Calling InitCallbackList
[17:07:58.539] [trace] [t:96] Received completion queue callback
[17:07:58.539] [trace] [t:96] Handling async callback 
[17:07:58.539] [info] [t:96] SyncEngine: Fetching contention.txt
[17:07:58.541] [info] [t:96] [Fetch] Only fetch file stats since content is the same!
[17:07:58.541] [trace] [t:96] Calling InitCallbackList
[17:07:58.543] [trace] [t:96] Received completion queue callback
[17:07:58.543] [trace] [t:96] Handling async callback 
[17:07:58.543] [info] [t:96] SyncEngine: Fetching contention.txt
[17:07:58.544] [info] [t:96] [Fetch] Only fetch file stats since content is the same!
[17:07:58.544] [trace] [t:96] Calling InitCallbackList
[17:07:58.544] [trace] [t:96] Received completion queue callback
[17:07:58.545] [trace] [t:96] Handling async callback 
[17:07:58.545] [info] [t:96] SyncEngine: Fetching contention.txt
[17:07:58.545] [info] [t:96] [Fetch] Only fetch file stats since content is the same!
[17:07:58.546] [trace] [t:96] Calling InitCallbackList
[17:07:58.547] [trace] [t:96] Received completion queue callback
[17:07:58.547] [trace] [t:96] Handling async callback 
[17:07:58.547] [info] [t:96] SyncEngine: Fetching contention.txt
[17:07:58.548] [info] [t:96] [Fetch] Only fetch file stats since content is the same!
[17:07:58.548] [trace] [t:96] Calling InitCallbackList
[17:07:58.549] [trace] [t:96] Received completion queue callback
[17:07:58.549] [trace] [t:96] Handling async callback 
[17:07:58.549] [info] [t:96] SyncEngine: Fetching contention.txt
[17:07:58.551] [info] [t:96] [Fetch] Only fetch file stats since content is the same!
[17:07:58.551] [trace] [t:96] Calling InitCallbackList
[17:07:58.552] [trace] [t:96] Received completion queue callback
[17:07:58.552] [trace] [t:96] Handling async callback 
[17:07:58.552] [info] [t:96] SyncEngine: Fetching contention.txt
[17:07:58.553] [info] [t:96] [Fetch] Only fetch file stats since content is the same!
[17:07:58.553] [trace] [t:96] Calling InitCallbackList
[17:07:58.554] [trace] [t:96] Received completion queue callback
[17:07:58.554] [trace] [t:96] Handling async callback 
[17:07:58.555] [info] [t:96] SyncEngine: Fetching contention.txt
[17:07:58.556] [info] [t:96] [Fetch] Only fetch file stats since content is the same!
[17:07:58.556] [trace] [t:96] Calling InitCallbackList
[17:07:58.558] [trace] [t:96] Received completion queue callback
[17:07:58.558] [trace] [t:96] Handling async callback 
[17:07:58.558] [info] [t:96] SyncEngine: Fetching contention.txt
[17:07:58.560] [info] [t:96] [Fetch] Only fetch file stats since content is the same!
[17:07:58.560] [trace] [t:96] Calling InitCallbackList
[17:07:58.562] [trace] [t:96] Received completion queue callback
[17:07:58.562] [trace] [t:96] Handling async callback 
[17:07:58.562] [info] [t:96] SyncEngine: Fetching contention.txt
[17:07:58.563] [info] [t:96] [Fetch] Only fetch file stats since content is the same!
[17:07:58.563] [trace] [t:96] Calling InitCallbackList
[17:07:58.564] [trace] [t:96] Received completion queue callback
[17:07:58.564] [trace] [t:96] Handling async callback 
[17:07:58.564] [info] [t:96] SyncEngine: Fetching contention.txt
[17:07:58.566] [info] [t:96] [Fetch] Only fetch file stats since content is the same!
[17:07:58.566] [trace] [t:96] Calling InitCallbackList
[17:07:58.566] [trace] [t:96] Received completion queue callback
[17:07:58.566] [trace] [t:96] Handling async callback 
[17:07:58.567] [info] [t:96] SyncEngine: Fetching contention.txt
[17:07:58.568] [info] [t:96] [Fetch] Only fetch file stats since content is the same!
[17:07:58.568] [trace] [t:96] Calling InitCallbackList
[17:07:58.569] [trace] [t:96] Received completion queue callback
[17:07:58.569] [trace] [t:96] Handling async callback 
[17:07:58.569] [info] [t:96] SyncEngine: Fetching contention.txt
[17:07:58.571] [info] [t:96] [Fetch] Only fetch file stats since content is the same!
[17:07:58.571] [trace] [t:96] Calling InitCallbackList
[17:07:58.572] [trace] [t:96] Received completion queue callback
[17:07:58.572] [trace] [t:96] Handling async callback 
[17:07:58.572] [info] [t:96] SyncEngine: Fetching contention.txt
[17:07:58.573] [info] [t:96] [Fetch] Only fetch file stats since content is the same!
[17:07:58.574] [trace] [t:96] Calling InitCallbackList
[17:07:58.575] [trace] [t:96] Received completion queue callback
[17:07:58.575] [trace] [t:96] Handling async callback 
[17:07:58.575] [info] [t:96] SyncEngine: Fetching contention.txt
[17:07:58.576] [info] [t:96] [Fetch] Only fetch file stats since content is the same!
[17:07:58.576] [trace] [t:96] Calling InitCallbackList
[17:07:58.577] [trace] [t:96] Received completion queue callback
[17:07:58.577] [trace] [t:96] Handling async callback 
[17:07:58.577] [info] [t:96] SyncEngine: Fetching contention.txt
[17:07:58.579] [info] [t:96] [Fetch] Only fetch file stats since content is the same!
[17:07:58.579] [trace] [t:96] Calling InitCallbackList
[17:07:58.580] [trace] [t:96] Received completion queue callback
[17:07:58.580] [trace] [t:96] Handling async callback 
[17:07:58.580] [info] [t:96] SyncEngine: Fetching contention.txt
[17:07:58.581] [info] [t:96] [Fetch] Only fetch file stats since content is the same!
[17:07:58.581] [trace] [t:96] Calling InitCallbackList
[17:07:58.582] [trace] [t:96] Received completion queue callback
[17:07:58.582] [trace] [t:96] Handling async callback 
[17:07:58.582] [info] [t:96] SyncEngine: Fetching contention.txt
[17:07:58.583] [info] [t:96] [Fetch] Only fetch file stats since content is the same!
[17:07:58.583] [trace] [t:96] Calling InitCallbackList
[17:07:58.584] [trace] [t:96] Received completion queue callback
[17:07:58.584] [trace] [t:96] Handling async callback 
[17:07:58.584] [info] [t:96] SyncEngine: Fetching contention.txt
[17:07:58.585] [info] [t:96] [Fetch] Only fetch file stats since content is the same!
[17:07:58.586] [trace] [t:96] Calling InitCallbackList
[17:07:58.587] [trace] [t:96] Received completion queue callback
[17:07:58.587] [trace] [t:96] Handling async callback 
[17:07:58.587] [info] [t:96] SyncEngine: Fetching contention.txt
[17:07:58.589] [info] [t:96] [Fetch] Only fetch file stats since content is the same!
[17:07:58.589] [trace] [t:96] Calling InitCallbackList
[17:07:58.590] [trace] [t:96] Received completion queue callback
[17:07:58.590] [trace] [t:96] Handling async callback 
[17:07:58.590] [info] [t:96] SyncEngine: Fetching contention.txt
[17:07:58.591] [info] [t:96] [Fetch] Only fetch file stats since content is the same!
[17:07:58.591] [trace] [t:96] Calling InitCallbackList
[17:07:58.592] [trace] [t:96] Received completion queue callback
[17:07:58.592] [trace] [t:96] Handling async callback 
[17:07:58.592] [info] [t:96] SyncEngine: Fetching contention.txt
[17:07:58.593] [info] [t:96] [Fetch] Only fetch file stats since content is the same!
[17:07:58.594] [trace] [t:96] Calling InitCallbackList
[17:07:58.594] [trace] [t:96] Received completion queue callback
[17:07:58.594] [trace] [t:96] Handling async callback 
[17:07:58.595] [info] [t:96] SyncEngine: Fetching contention.txt
[17:07:58.596] [info] [t:96] [Fetch] Only fetch file stats since content is the same!
[17:07:58.596] [trace] [t:96] Calling InitCallbackList
[17:07:58.596] [trace] [t:96] Received completion queue callback
[17:07:58.596] [trace] [t:96] Handling async callback 
[17:07:58.596] [info] [t:96] SyncEngine: Fetching contention.txt
[17:07:58.597] [info] [t:96] [Fetch] Only fetch file stats since content is the same!
[17:07:58.598] [trace] [t:96] Calling InitCallbackList
[17:07:58.599] [trace] [t:96] Received completion queue callback
[17:07:58.599] [trace] [t:96] Handling async callback 
[17:07:58.599] [info] [t:96] SyncEngine: Fetching contention.txt
[17:07:58.600] [info] [t:96] [Fetch] Only fetch file stats since content is the same!
[17:07:58.600] [trace] [t:96] Calling InitCallbackList
[17:07:58.601] [trace] [t:96] Received completion queue callback
[17:07:58.601] [trace] [t:96] Handling async callback 
[17:07:58.601] [info] [t:96] SyncEngine: Fetching contention.txt
[17:07:58.603] [info] [t:96] [Fetch] Only fetch file stats since content is the same!
[17:07:58.603] [trace] [t:96] Calling InitCallbackList
[17:07:58.603] [trace] [t:96] Received completion queue callback
[17:07:58.603] [trace] [t:96] Handling async callback 
[17:07:58.604] [info] [t:96] SyncEngine: Fetching contention.txt
[17:07:58.605] [info] [t:96] [Fetch] Only fetch file stats since content is the same!
[17:07:58.605] [trace] [t:96] Calling InitCallbackList
[17:07:58.606] [trace] [t:96] Received completion queue callback
[17:07:58.606] [trace] [t:96] Handling async callback 
[17:07:58.607] [info] [t:96] SyncEngine: Fetching contention.txt
[17:07:58.609] [info] [t:96] [Fetch] Only fetch file stats since content is the same!
[17:07:58.609] [trace] [t:96] Calling InitCallbackList
[17:07:58.610] [trace] [t:96] Received completion queue callback
[17:07:58.610] [trace] [t:96] Handling async callback 
[17:07:58.610] [info] [t:96] SyncEngine: Fetching contention.txt
[17:07:58.611] [info] [t:96] [Fetch] Only fetch file stats since content is the same!
[17:07:58.612] [trace] [t:96] Calling InitCallbackList
[17:07:58.612] [trace] [t:96] Received completion queue callback
[17:07:58.612] [trace] [t:96] Handling async callback 
[17:07:58.613] [info] [t:96] SyncEngine: Fetching contention.txt
[17:07:58.613] [info] [t:96] [Fetch] Only fetch file stats since content is the same!
[17:07:58.613] [trace] [t:96] Calling InitCallbackList
[17:07:58.615] [trace] [t:96] Received completion queue callback
[17:07:58.615] [trace] [t:96] Handling async callback 
[17:07:58.616] [info] [t:96] SyncEngine: Fetching contention.txt
[17:07:58.617] [info] [t:96] [Fetch] Only fetch file stats since content is the same!
[17:07:58.617] [trace] [t:96] Calling InitCallbackList
[17:07:58.619] [trace] [t:96] Received completion queue callback
[17:07:58.619] [trace] [t:96] Handling async callback 
[17:07:58.619] [info] [t:96] SyncEngine: Fetching contention.txt
[17:07:58.621] [info] [t:96] [Fetch] Only fetch file stats since content is the same!
[17:07:58.621] [trace] [t:96] Calling InitCallbackList
[17:07:58.622] [trace] [t:96] Received completion queue callback
[17:07:58.622] [trace] [t:96] Handling async callback 
[17:07:58.623] [info] [t:96] SyncEngine: Fetching contention.txt
[17:07:58.624] [info] [t:96] [Fetch] Only fetch file stats since content is the same!
[17:07:58.624] [trace] [t:96] Calling InitCallbackList
[17:07:58.625] [trace] [t:96] Received completion queue callback
[17:07:58.625] [trace] [t:96] Handling async callback 
[17:07:58.625] [info] [t:96] SyncEngine: Fetching contention.txt
[17:07:58.626] [info] [t:96] [Fetch] Only fetch file stats since content is the same!
[17:07:58.626] [trace] [t:96] Calling InitCallbackList
[17:07:58.627] [trace] [t:96] Received completion queue callback
[17:07:58.627] [trace] [t:96] Handling async callback 
[17:07:58.627] [info] [t:96] SyncEngine: Fetching contention.txt
[17:07:58.629] [info] [t:96] [Fetch] Only fetch file stats since content is the same!
[17:07:58.629] [trace] [t:96] Calling InitCallbackList
[17:07:58.631] [trace] [t:96] Received completion queue callback
[17:07:58.631] [trace] [t:96] Handling async callback 
[17:07:58.631] [info] [t:96] SyncEngine: Fetching contention.txt
[17:07:58.632] [info] [t:96] [Fetch] Only fetch file stats since content is the same!
[17:07:58.632] [trace] [t:96] Calling InitCallbackList
[17:07:58.633] [trace] [t:96] Received completion queue callback
[17:07:58.633] [trace] [t:96] Handling async callback 
[17:07:58.633] [info] [t:96] SyncEngine: Fetching contention.txt
[17:07:58.634] [info] [t:96] [Fetch] Only fetch file stats since content is the same!
[17:07:58.634] [trace] [t:96] Calling InitCallbackList
[17:07:58.636] [trace] [t:96] Received completion queue callback
[17:07:58.636] [trace] [t:96] Handling async callback 
[17:07:58.636] [info] [t:96] SyncEngine: Fetching contention.txt
[17:07:58.638] [info] [t:96] [Fetch] Only fetch file stats since content is the same!
[17:07:58.638] [trace] [t:96] Calling InitCallbackList
[17:07:58.639] [trace] [t:96] Received completion queue callback
[17:07:58.639] [trace] [t:96] Handling async callback 
[17:07:58.639] [info] [t:96] SyncEngine: Fetching contention.txt
[17:07:58.640] [info] [t:96] [Fetch] Only fetch file stats since content is the same!
[17:07:58.640] [trace] [t:96] Calling InitCallbackList
[17:07:58.641] [trace] [t:96] Received completion queue callback
[17:07:58.641] [trace] [t:96] Handling async callback 
[17:07:58.641] [info] [t:96] SyncEngine: Fetching contention.txt
[17:07:58.643] [info] [t:96] [Fetch] Only fetch file stats since content is the same!
[17:07:58.643] [trace] [t:96] Calling InitCallbackList
[17:07:58.644] [trace] [t:96] Received completion queue callback
[17:07:58.644] [trace] [t:96] Handling async callback 
[17:07:58.644] [info] [t:96] SyncEngine: Fetching contention.txt
[17:07:58.645] [info] [t:96] [Fetch] Only fetch file stats since content is the same!
[17:07:58.645] [trace] [t:96] Calling InitCallbackList
[17:07:58.646] [trace] [t:96] Received completion queue callback
[17:07:58.646] [trace] [t:96] Handling async callback 
[17:07:58.646] [info] [t:96] SyncEngine: Fetching contention.txt
[17:07:58.647] [info] [t:96] [Fetch] Only fetch file stats since content is the same!
[17:07:58.647] [trace] [t:96] Calling InitCallbackList
[17:07:58.648] [trace] [t:96] Received completion queue callback
[17:07:58.648] [trace] [t:96] Handling async callback 
[17:07:58.648] [info] [t:96] SyncEngine: Fetching contention.txt
[17:07:58.649] [info] [t:96] [Fetch] Only fetch file stats since content is the same!
[17:07:58.650] [trace] [t:96] Calling InitCallbackList
[17:07:58.650] [trace] [t:96] Received completion queue callback
[17:07:58.650] [trace] [t:96] Handling async callback 
[17:07:58.651] [info] [t:96] SyncEngine: Fetching contention.txt
[17:07:58.652] [info] [t:96] [Fetch] Only fetch file stats since content is the same!
[17:07:58.652] [trace] [t:96] Calling InitCallbackList
[17:07:58.653] [trace] [t:96] Received completion queue callback
[17:07:58.653] [trace] [t:96] Handling async callback 
[17:07:58.653] [info] [t:96] SyncEngine: Fetching contention.txt
[17:07:58.654] [info] [t:96] [Fetch] Only fetch file stats since content is the same!
[17:07:58.654] [trace] [t:96] Calling InitCallbackList
[17:07:58.655] [trace] [t:96] Received completion queue callback
[17:07:58.655] [trace] [t:96] Handling async callback 
[17:07:58.655] [info] [t:96] SyncEngine: Fetching contention.txt
[17:07:58.656] [info] [t:96] [Fetch] Only fetch file stats since content is the same!
[17:07:58.657] [trace] [t:96] Calling InitCallbackList
[17:07:58.658] [trace] [t:96] Received completion queue callback
[17:07:58.658] [trace] [t:96] Handling async callback 
[17:07:58.658] [info] [t:96] SyncEngine: Fetching contention.txt
[17:07:58.659] [info] [t:96] [Fetch] Only fetch file stats since content is the same!
[17:07:58.659] [trace] [t:96] Calling InitCallbackList
[17:07:58.660] [trace] [t:96] Received completion queue callback
[17:07:58.660] [trace] [t:96] Handling async callback 
[17:07:58.660] [info] [t:96] SyncEngine: Fetching contention.txt
[17:07:58.661] [info] [t:96] [Fetch] Only fetch file stats since content is the same!
[17:07:58.661] [trace] [t:96] Calling InitCallbackList
[17:07:58.662] [trace] [t:96] Received completion queue callback
[17:07:58.662] [trace] [t:96] Handling async callback 
[17:07:58.662] [info] [t:96] SyncEngine: Fetching contention.txt
[17:07:58.664] [info] [t:96] [Fetch] Only fetch file stats since content is the same!
[17:07:58.664] [trace] [t:96] Calling InitCallbackList
[17:07:58.665] [trace] [t:96] Received completion queue callback
[17:07:58.665] [trace] [t:96] Handling async callback 
[17:07:58.665] [info] [t:96] SyncEngine: Fetching contention.txt
[17:07:58.666] [info] [t:96] [Fetch] Only fetch file stats since content is the same!
[17:07:58.666] [trace] [t:96] Calling InitCallbackList
[17:07:58.667] [trace] [t:96] Received completion queue callback
[17:07:58.667] [trace] [t:96] Handling async callback 
[17:07:58.667] [info] [t:96] SyncEngine: Fetching contention.txt
[17:07:58.668] [info] [t:96] [Fetch] Only fetch file stats since content is the same!
[17:07:58.668] [trace] [t:96] Calling InitCallbackList
[17:07:58.669] [trace] [t:96] Received completion queue callback
[17:07:58.669] [trace] [t:96] Handling async callback 
[17:07:58.669] [info] [t:96] SyncEngine: Fetching contention.txt
[17:07:58.670] [info] [t:96] [Fetch] Only fetch file stats since content is the same!
[17:07:58.670] [trace] [t:96] Calling InitCallbackList
[17:07:58.671] [trace] [t:96] Received completion queue callback
[17:07:58.671] [trace] [t:96] Handling async callback 
[17:07:58.671] [info] [t:96] SyncEngine: Fetching contention.txt
[17:07:58.672] [info] [t:96] [Fetch] Only fetch file stats since content is the same!
[17:07:58.672] [trace] [t:96] Calling InitCallbackList
[17:07:58.673] [trace] [t:96] Received completion queue callback
[17:07:58.673] [trace] [t:96] Handling async callback 
[17:07:58.673] [info] [t:96] SyncEngine: Fetching contention.txt
[17:07:58.675] [info] [t:96] [Fetch] Only fetch file stats since content is the same!
[17:07:58.675] [trace] [t:96] Calling InitCallbackList
[17:07:58.676] [trace] [t:96] Received completion queue callback
[17:07:58.676] [trace] [t:96] Handling async callback 
[17:07:58.676] [info] [t:96] SyncEngine: Fetching contention.txt
[17:07:58.677] [info] [t:96] [Fetch] Only fetch file stats since content is the same!
[17:07:58.677] [trace] [t:96] Calling InitCallbackList
[17:07:58.678] [trace] [t:96] Received completion queue callback
[17:07:58.679] [trace] [t:96] Handling async callback 
[17:07:58.679] [info] [t:96] SyncEngine: Fetching contention.txt
[17:07:58.680] [info] [t:96] [Fetch] Only fetch file stats since content is the same!
[17:07:58.680] [trace] [t:96] Calling InitCallbackList
[17:07:58.681] [trace] [t:96] Received completion queue callback
[17:07:58.681] [trace] [t:96] Handling async callback 
[17:07:58.681] [info] [t:96] SyncEngine: Fetching contention.txt
[17:07:58.683] [info] [t:96] [Fetch] Only fetch file stats since content is the same!
[17:07:58.683] [trace] [t:96] Calling InitCallbackList
[17:07:58.684] [trace] [t:96] Received completion queue callback
[17:07:58.684] [trace] [t:96] Handling async callback 
[17:07:58.684] [info] [t:96] SyncEngine: Fetching contention.txt
[17:07:58.685] [info] [t:96] [Fetch] Only fetch file stats since content is the same!
[17:07:58.685] [trace] [t:96] Calling InitCallbackList
[17:07:58.686] [trace] [t:96] Received completion queue callback
[17:07:58.686] [trace] [t:96] Handling async callback 
[17:07:58.686] [info] [t:96] SyncEngine: Fetching contention.txt
[17:07:58.686] [info] [t:96] [Fetch] Only fetch file stats since content is the same!
[17:07:58.687] [trace] [t:96] Calling InitCallbackList
[17:07:58.688] [trace] [t:96] Received completion queue callback
[17:07:58.688] [trace] [t:96] Handling async callback 
[17:07:58.688] [info] [t:96] SyncEngine: Fetching contention.txt
[17:07:58.689] [info] [t:96] [Fetch] Only fetch file stats since content is the same!
[17:07:58.690] [trace] [t:96] Calling InitCallbackList
[17:07:58.690] [trace] [t:96] Received completion queue callback
[17:07:58.690] [trace] [t:96] Handling async callback 
[17:07:58.691] [info] [t:96] SyncEngine: Fetching contention.txt
[17:07:58.692] [info] [t:96] [Fetch] Only fetch file stats since content is the same!
[17:07:58.692] [trace] [t:96] Calling InitCallbackList
[17:07:58.693] [trace] [t:96] Received completion queue callback
[17:07:58.693] [trace] [t:96] Handling async callback 
[17:07:58.693] [info] [t:96] SyncEngine: Fetching contention.txt
[17:07:58.695] [info] [t:96] [Fetch] Only fetch file stats since content is the same!
[17:07:58.695] [trace] [t:96] Calling InitCallbackList
[17:07:58.696] [trace] [t:96] Received completion queue callback
[17:07:58.696] [trace] [t:96] Handling async callback 
[17:07:58.696] [info] [t:96] SyncEngine: Fetching contention.txt
[17:07:58.697] [info] [t:96] [Fetch] Only fetch file stats since content is the same!
[17:07:58.697] [trace] [t:96] Calling InitCallbackList
[17:07:58.698] [trace] [t:96] Received completion queue callback
[17:07:58.698] [trace] [t:96] Handling async callback 
[17:07:58.698] [info] [t:96] SyncEngine: Fetching contention.txt
[17:07:58.700] [info] [t:96] [Fetch] Only fetch file stats since content is the same!
[17:07:58.700] [trace] [t:96] Calling InitCallbackList
[17:07:58.701] [trace] [t:96] Received completion queue callback
[17:07:58.701] [trace] [t:96] Handling async callback 
[17:07:58.701] [info] [t:96] SyncEngine: Fetching contention.txt
[17:07:58.702] [info] [t:96] [Fetch] Only fetch file stats since content is the same!
[17:07:58.702] [trace] [t:96] Calling InitCallbackList
[17:07:58.703] [trace] [t:96] Received completion queue callback
[17:07:58.703] [trace] [t:96] Handling async callback 
[17:07:58.703] [info] [t:96] SyncEngine: Fetching contention.txt
[17:07:58.704] [info] [t:96] [Fetch] Only fetch file stats since content is the same!
[17:07:58.704] [trace] [t:96] Calling InitCallbackList
[17:07:58.705] [trace] [t:96] Received completion queue callback
[17:07:58.705] [trace] [t:96] Handling async callback 
[17:07:58.705] [info] [t:96] SyncEngine: Fetching contention.txt
[17:07:58.707] [info] [t:96] [Fetch] Only fetch file stats since content is the same!
[17:07:58.707] [trace] [t:96] Calling InitCallbackList
[17:07:58.709] [trace] [t:96] Received completion queue callback
[17:07:58.709] [trace] [t:96] Handling async callback 
[17:07:58.709] [info] [t:96] SyncEngine: Fetching contention.txt
[17:07:58.710] [info] [t:96] [Fetch] Only fetch file stats since content is the same!
[17:07:58.710] [trace] [t:96] Calling InitCallbackList
[17:07:58.711] [trace] [t:96] Received completion queue callback
[17:07:58.711] [trace] [t:96] Handling async callback 
[17:07:58.711] [info] [t:96] SyncEngine: Fetching contention.txt
[17:07:58.712] [info] [t:96] [Fetch] Only fetch file stats since content is the same!
[17:07:58.712] [trace] [t:96] Calling InitCallbackList
[17:07:58.714] [trace] [t:96] Received completion queue callback
[17:07:58.714] [trace] [t:96] Handling async callback 
[17:07:58.714] [info] [t:96] SyncEngine: Fetching contention.txt
[17:07:58.715] [info] [t:96] [Fetch] Only fetch file stats since content is the same!
[17:07:58.715] [trace] [t:96] Calling InitCallbackList
[17:07:58.717] [trace] [t:96] Received completion queue callback
[17:07:58.717] [trace] [t:96] Handling async callback 
[17:07:58.717] [info] [t:96] SyncEngine: Fetching contention.txt
[17:07:58.719] [info] [t:96] [Fetch] Only fetch file stats since content is the same!
[17:07:58.719] [trace] [t:96] Calling InitCallbackList
[17:07:58.720] [trace] [t:96] Received completion queue callback
[17:07:58.720] [trace] [t:96] Handling async callback 
[17:07:58.720] [info] [t:96] SyncEngine: Fetching contention.txt
[17:07:58.721] [info] [t:96] [Fetch] Only fetch file stats since content is the same!
[17:07:58.721] [trace] [t:96] Calling InitCallbackList
[17:07:58.722] [trace] [t:96] Received completion queue callback
[17:07:58.722] [trace] [t:96] Handling async callback 
[17:07:58.722] [info] [t:96] SyncEngine: Fetching contention.txt
[17:07:58.723] [info] [t:96] [Fetch] Only fetch file stats since content is the same!
[17:07:58.723] [trace] [t:96] Calling InitCallbackList
[17:07:58.724] [trace] [t:96] Received completion queue callback
[17:07:58.724] [trace] [t:96] Handling async callback 
[17:07:58.725] [info] [t:96] SyncEngine: Fetching contention.txt
[17:07:58.726] [info] [t:96] [Fetch] Only fetch file stats since content is the same!
[17:07:58.726] [trace] [t:96] Calling InitCallbackList
[17:07:58.727] [trace] [t:96] Received completion queue callback
[17:07:58.727] [trace] [t:96] Handling async callback 
[17:07:58.727] [info] [t:96] SyncEngine: Fetching contention.txt
[17:07:58.729] [info] [t:96] [Fetch] Only fetch file stats since content is the same!
[17:07:58.729] [trace] [t:96] Calling InitCallbackList
[17:07:58.731] [trace] [t:96] Received completion queue callback
[17:07:58.731] [trace] [t:96] Handling async callback 
[17:07:58.731] [info] [t:96] SyncEngine: Fetching contention.txt
[17:07:58.732] [info] [t:96] [Fetch] Only fetch file stats since content is the same!
[17:07:58.732] [trace] [t:96] Calling InitCallbackList
[17:07:58.733] [trace] [t:96] Received completion queue callback
[17:07:58.733] [trace] [t:96] Handling async callback 
[17:07:58.733] [info] [t:96] SyncEngine: Fetching contention.txt
[17:07:58.734] [info] [t:96] [Fetch] Only fetch file stats since content is the same!
[17:07:58.734] [trace] [t:96] Calling InitCallbackList
[17:07:58.735] [trace] [t:96] Received completion queue callback
[17:07:58.735] [trace] [t:96] Handling async callback 
[17:07:58.735] [info] [t:96] SyncEngine: Fetching contention.txt
[17:07:58.736] [info] [t:96] [Fetch] Only fetch file stats since content is the same!
[17:07:58.736] [trace] [t:96] Calling InitCallbackList
[17:07:58.738] [trace] [t:96] Received completion queue callback
[17:07:58.738] [trace] [t:96] Handling async callback 
[17:07:58.738] [info] [t:96] SyncEngine: Fetching contention.txt
[17:07:58.739] [info] [t:96] [Fetch] Only fetch file stats since content is the same!
[17:07:58.739] [trace] [t:96] Calling InitCallbackList
[17:07:58.740] [trace] [t:96] Received completion queue callback
[17:07:58.740] [trace] [t:96] Handling async callback 
[17:07:58.740] [info] [t:96] SyncEngine: Fetching contention.txt
[17:07:58.742] [info] [t:96] [Fetch] Only fetch file stats since content is the same!
[17:07:58.742] [trace] [t:96] Calling InitCallbackList
[17:07:58.742] [trace] [t:96] Received completion queue callback
[17:07:58.743] [trace] [t:96] Handling async callback 
[17:07:58.743] [info] [t:96] SyncEngine: Fetching contention.txt
[17:07:58.744] [info] [t:96] [Fetch] Only fetch file stats since content is the same!
[17:07:58.744] [trace] [t:96] Calling InitCallbackList
[17:07:58.745] [trace] [t:96] Received completion queue callback
[17:07:58.745] [trace] [t:96] Handling async callback 
[17:07:58.745] [info] [t:96] SyncEngine: Fetching contention.txt
[17:07:58.746] [info] [t:96] [Fetch] Only fetch file stats since content is the same!
[17:07:58.746] [trace] [t:96] Calling InitCallbackList
[17:07:58.747] [trace] [t:96] Received completion queue callback
[17:07:58.747] [trace] [t:96] Handling async callback 
[17:07:58.747] [info] [t:96] SyncEngine: Fetching contention.txt
[17:07:58.748] [info] [t:96] [Fetch] Only fetch file stats since content is the same!
[17:07:58.748] [trace] [t:96] Calling InitCallbackList
[17:07:58.749] [trace] [t:96] Received completion queue callback
[17:07:58.749] [trace] [t:96] Handling async callback 
[17:07:58.749] [info] [t:96] SyncEngine: Fetching contention.txt
[17:07:58.750] [info] [t:96] [Fetch] Only fetch file stats since content is the same!
[17:07:58.750] [trace] [t:96] Calling InitCallbackList
[17:07:58.752] [trace] [t:96] Received completion queue callback
[17:07:58.752] [trace] [t:96] Handling async callback 
[17:07:58.752] [info] [t:96] SyncEngine: Fetching contention.txt
[17:07:58.753] [info] [t:96] [Fetch] Only fetch file stats since content is the same!
[17:07:58.753] [trace] [t:96] Calling InitCallbackList
[17:07:58.754] [trace] [t:96] Received completion queue callback
[17:07:58.754] [trace] [t:96] Handling async callback 
[17:07:58.754] [info] [t:96] SyncEngine: Fetching contention.txt
[17:07:58.755] [info] [t:96] [Fetch] Only fetch file stats since content is the same!
[17:07:58.755] [trace] [t:96] Calling InitCallbackList
[17:07:58.756] [trace] [t:96] Received completion queue callback
[17:07:58.756] [trace] [t:96] Handling async callback 
[17:07:58.756] [info] [t:96] SyncEngine: Fetching contention.txt
[17:07:58.757] [info] [t:96] [Fetch] Only fetch file stats since content is the same!
[17:07:58.757] [trace] [t:96] Calling InitCallbackList
[17:07:58.758] [trace] [t:96] Received completion queue callback
[17:07:58.758] [trace] [t:96] Handling async callback 
[17:07:58.758] [info] [t:96] SyncEngine: Fetching contention.txt
[17:07:58.759] [info] [t:96] [Fetch] Only fetch file stats since content is the same!
[17:07:58.759] [trace] [t:96] Calling InitCallbackList
[17:07:58.760] [trace] [t:96] Received completion queue callback
[17:07:58.760] [trace] [t:96] Handling async callback 
[17:07:58.760] [info] [t:96] SyncEngine: Fetching contention.txt
[17:07:58.761] [info] [t:96] [Fetch] Only fetch file stats since content is the same!
[17:07:58.761] [trace] [t:96] Calling InitCallbackList
[17:07:58.762] [trace] [t:96] Received completion queue callback
[17:07:58.762] [trace] [t:96] Handling async callback 
[17:07:58.762] [info] [t:96] SyncEngine: Fetching contention.txt
[17:07:58.763] [info] [t:96] [Fetch] Only fetch file stats since content is the same!
[17:07:58.763] [trace] [t:96] Calling InitCallbackList
[17:07:58.764] [trace] [t:96] Received completion queue callback
[17:07:58.764] [trace] [t:96] Handling async callback 
[17:07:58.764] [info] [t:96] SyncEngine: Fetching contention.txt
[17:07:58.765] [info] [t:96] [Fetch] Only fetch file stats since content is the same!
[17:07:58.765] [trace] [t:96] Calling InitCallbackList
[17:07:58.766] [trace] [t:96] Received completion queue callback
[17:07:58.766] [trace] [t:96] Handling async callback 
[17:07:58.766] [info] [t:96] SyncEngine: Fetching contention.txt
[17:07:58.767] [info] [t:96] [Fetch] Only fetch file stats since content is the same!
[17:07:58.767] [trace] [t:96] Calling InitCallbackList
[17:07:58.768] [trace] [t:96] Received completion queue callback
[17:07:58.768] [trace] [t:96] Handling async callback 
[17:07:58.768] [info] [t:96] SyncEngine: Fetching contention.txt
[17:07:58.769] [info] [t:96] [Fetch] Only fetch file stats since content is the same!
[17:07:58.769] [trace] [t:96] Calling InitCallbackList
[17:07:58.771] [trace] [t:96] Received completion queue callback
[17:07:58.771] [trace] [t:96] Handling async callback 
[17:07:58.771] [info] [t:96] SyncEngine: Fetching contention.txt
[17:07:58.772] [info] [t:96] [Fetch] Only fetch file stats since content is the same!
[17:07:58.773] [trace] [t:96] Calling InitCallbackList
[17:07:58.774] [trace] [t:96] Received completion queue callback
[17:07:58.774] [trace] [t:96] Handling async callback 
[17:07:58.774] [info] [t:96] SyncEngine: Fetching contention.txt
[17:07:58.775] [info] [t:96] [Fetch] Only fetch file stats since content is the same!
[17:07:58.775] [trace] [t:96] Calling InitCallbackList
[17:07:58.776] [trace] [t:96] Received completion queue callback
[17:07:58.776] [trace] [t:96] Handling async callback 
[17:07:58.776] [info] [t:96] SyncEngine: Fetching contention.txt
[17:07:58.777] [info] [t:96] [Fetch] Only fetch file stats since content is the same!
[17:07:58.777] [trace] [t:96] Calling InitCallbackList
[17:07:58.778] [trace] [t:96] Received completion queue callback
[17:07:58.778] [trace] [t:96] Handling async callback 
[17:07:58.779] [info] [t:96] SyncEngine: Fetching contention.txt
[17:07:58.780] [info] [t:96] [Fetch] Only fetch file stats since content is the same!
[17:07:58.780] [trace] [t:96] Calling InitCallbackList
[17:07:58.781] [trace] [t:96] Received completion queue callback
[17:07:58.781] [trace] [t:96] Handling async callback 
[17:07:58.781] [info] [t:96] SyncEngine: Fetching contention.txt
[17:07:58.783] [info] [t:96] [Fetch] Only fetch file stats since content is the same!
[17:07:58.783] [trace] [t:96] Calling InitCallbackList
[17:07:58.784] [trace] [t:96] Received completion queue callback
[17:07:58.784] [trace] [t:96] Handling async callback 
[17:07:58.785] [info] [t:96] SyncEngine: Fetching contention.txt
[17:07:58.786] [info] [t:96] [Fetch] Only fetch file stats since content is the same!
[17:07:58.786] [trace] [t:96] Calling InitCallbackList
[17:07:58.787] [trace] [t:96] Received completion queue callback
[17:07:58.787] [trace] [t:96] Handling async callback 
[17:07:58.787] [info] [t:96] SyncEngine: Fetching contention.txt
[17:07:58.788] [info] [t:96] [Fetch] Only fetch file stats since content is the same!
[17:07:58.788] [trace] [t:96] Calling InitCallbackList
[17:07:58.789] [trace] [t:96] Received completion queue callback
[17:07:58.789] [trace] [t:96] Handling async callback 
[17:07:58.789] [info] [t:96] SyncEngine: Fetching contention.txt
[17:07:58.791] [info] [t:96] [Fetch] Only fetch file stats since content is the same!
[17:07:58.791] [trace] [t:96] Calling InitCallbackList
[17:07:58.792] [trace] [t:96] Received completion queue callback
[17:07:58.792] [trace] [t:96] Handling async callback 
[17:07:58.792] [info] [t:96] SyncEngine: Fetching contention.txt
[17:07:58.793] [info] [t:96] [Fetch] Only fetch file stats since content is the same!
[17:07:58.793] [trace] [t:96] Calling InitCallbackList
[17:07:58.794] [trace] [t:96] Received completion queue callback
[17:07:58.794] [trace] [t:96] Handling async callback 
[17:07:58.794] [info] [t:96] SyncEngine: Fetching contention.txt
[17:07:58.796] [info] [t:96] [Fetch] Only fetch file stats since content is the same!
[17:07:58.796] [trace] [t:96] Calling InitCallbackList
[17:07:58.797] [trace] [t:96] Received completion queue callback
[17:07:58.797] [trace] [t:96] Handling async callback 
[17:07:58.797] [info] [t:96] SyncEngine: Fetching contention.txt
[17:07:58.798] [info] [t:96] [Fetch] Only fetch file stats since content is the same!
[17:07:58.798] [trace] [t:96] Calling InitCallbackList
[17:07:58.799] [trace] [t:96] Received completion queue callback
[17:07:58.799] [trace] [t:96] Handling async callback 
[17:07:58.799] [info] [t:96] SyncEngine: Fetching contention.txt
[17:07:58.800] [info] [t:96] [Fetch] Only fetch file stats since content is the same!
[17:07:58.800] [trace] [t:96] Calling InitCallbackList
[17:07:58.802] [trace] [t:96] Received completion queue callback
[17:07:58.802] [trace] [t:96] Handling async callback 
[17:07:58.802] [info] [t:96] SyncEngine: Fetching contention.txt
[17:07:58.803] [info] [t:96] [Fetch] Only fetch file stats since content is the same!
[17:07:58.804] [trace] [t:96] Calling InitCallbackList
[17:07:58.805] [trace] [t:96] Received completion queue callback
[17:07:58.805] [trace] [t:96] Handling async callback 
[17:07:58.805] [info] [t:96] SyncEngine: Fetching contention.txt
[17:07:58.806] [info] [t:96] [Fetch] Only fetch file stats since content is the same!
[17:07:58.806] [trace] [t:96] Calling InitCallbackList
[17:07:58.807] [trace] [t:96] Received completion queue callback
[17:07:58.807] [trace] [t:96] Handling async callback 
[17:07:58.807] [info] [t:96] SyncEngine: Fetching contention.txt
[17:07:58.808] [info] [t:96] [Fetch] Only fetch file stats since content is the same!
[17:07:58.808] [trace] [t:96] Calling InitCallbackList
[17:07:58.809] [trace] [t:96] Received completion queue callback
[17:07:58.809] [trace] [t:96] Handling async callback 
[17:07:58.810] [info] [t:96] SyncEngine: Fetching contention.txt
[17:07:58.810] [info] [t:96] [Fetch] Only fetch file stats since content is the same!
[17:07:58.810] [trace] [t:96] Calling InitCallbackList
[17:07:58.812] [trace] [t:96] Received completion queue callback
[17:07:58.812] [trace] [t:96] Handling async callback 
[17:07:58.812] [info] [t:96] SyncEngine: Fetching contention.txt
[17:07:58.813] [info] [t:96] [Fetch] Only fetch file stats since content is the same!
[17:07:58.813] [trace] [t:96] Calling InitCallbackList
[17:07:58.814] [trace] [t:96] Received completion queue callback
[17:07:58.814] [trace] [t:96] Handling async callback 
[17:07:58.815] [info] [t:96] SyncEngine: Fetching contention.txt
[17:07:58.816] [info] [t:96] [Fetch] Only fetch file stats since content is the same!
[17:07:58.816] [trace] [t:96] Calling InitCallbackList
[17:07:58.817] [trace] [t:96] Received completion queue callback
[17:07:58.817] [trace] [t:96] Handling async callback 
[17:07:58.817] [info] [t:96] SyncEngine: Fetching contention.txt
[17:07:58.818] [info] [t:96] [Fetch] Only fetch file stats since content is the same!
[17:07:58.818] [trace] [t:96] Calling InitCallbackList
[17:07:58.819] [trace] [t:96] Received completion queue callback
[17:07:58.819] [trace] [t:96] Handling async callback 
[17:07:58.819] [info] [t:96] SyncEngine: Fetching contention.txt
[17:07:58.820] [info] [t:96] [Fetch] Only fetch file stats since content is the same!
[17:07:58.820] [trace] [t:96] Calling InitCallbackList
[17:07:58.822] [trace] [t:96] Received completion queue callback
[17:07:58.822] [trace] [t:96] Handling async callback 
[17:07:58.822] [info] [t:96] SyncEngine: Fetching contention.txt
[17:07:58.823] [info] [t:96] [Fetch] Only fetch file stats since content is the same!
[17:07:58.823] [trace] [t:96] Calling InitCallbackList
[17:07:58.823] [trace] [t:96] Received completion queue callback
[17:07:58.823] [trace] [t:96] Handling async callback 
[17:07:58.823] [info] [t:96] SyncEngine: Fetching contention.txt
[17:07:58.824] [info] [t:96] [Fetch] Only fetch file stats since content is the same!
[17:07:58.824] [trace] [t:96] Calling InitCallbackList
[17:07:58.825] [trace] [t:96] Received completion queue callback
[17:07:58.825] [trace] [t:96] Handling async callback 
[17:07:58.826] [info] [t:96] SyncEngine: Fetching contention.txt
[17:07:58.827] [info] [t:96] [Fetch] Only fetch file stats since content is the same!
[17:07:58.827] [trace] [t:96] Calling InitCallbackList
[17:07:58.828] [trace] [t:96] Received completion queue callback
[17:07:58.828] [trace] [t:96] Handling async callback 
[17:07:58.829] [info] [t:96] SyncEngine: Fetching contention.txt
[17:07:58.830] [info] [t:96] [Fetch] Only fetch file stats since content is the same!
[17:07:58.830] [trace] [t:96] Calling InitCallbackList
[17:07:58.831] [trace] [t:96] Received completion queue callback
[17:07:58.831] [trace] [t:96] Handling async callback 
[17:07:58.831] [info] [t:96] SyncEngine: Fetching contention.txt
[17:07:58.832] [info] [t:96] [Fetch] Only fetch file stats since content is the same!
[17:07:58.832] [trace] [t:96] Calling InitCallbackList
[17:07:58.832] [trace] [t:96] Received completion queue callback
[17:07:58.832] [trace] [t:96] Handling async callback 
[17:07:58.832] [info] [t:96] SyncEngine: Fetching contention.txt
[17:07:58.834] [info] [t:96] [Fetch] Only fetch file stats since content is the same!
[17:07:58.834] [trace] [t:96] Calling InitCallbackList
[17:07:58.835] [trace] [t:96] Received completion queue callback
[17:07:58.835] [trace] [t:96] Handling async callback 
[17:07:58.835] [info] [t:96] SyncEngine: Fetching contention.txt
[17:07:58.836] [info] [t:96] [Fetch] Only fetch file stats since content is the same!
[17:07:58.837] [trace] [t:96] Calling InitCallbackList
[17:07:58.837] [trace] [t:96] Received completion queue callback
[17:07:58.837] [trace] [t:96] Handling async callback 
[17:07:58.837] [info] [t:96] SyncEngine: Fetching contention.txt
[17:07:58.839] [info] [t:96] [Fetch] Only fetch file stats since content is the same!
[17:07:58.840] [trace] [t:96] Calling InitCallbackList
[17:07:58.840] [trace] [t:96] Received completion queue callback
[17:07:58.840] [trace] [t:96] Handling async callback 
[17:07:58.840] [info] [t:96] SyncEngine: Fetching contention.txt
[17:07:58.842] [info] [t:96] [Fetch] Only fetch file stats since content is the same!
[17:07:58.842] [trace] [t:96] Calling InitCallbackList
[17:07:58.843] [trace] [t:96] Received completion queue callback
[17:07:58.843] [trace] [t:96] Handling async callback 
[17:07:58.843] [info] [t:96] SyncEngine: Fetching contention.txt
[17:07:58.844] [info] [t:96] [Fetch] Only fetch file stats since content is the same!
[17:07:58.844] [trace] [t:96] Calling InitCallbackList
[17:07:58.845] [trace] [t:96] Received completion queue callback
[17:07:58.845] [trace] [t:96] Handling async callback 
[17:07:58.845] [info] [t:96] SyncEngine: Fetching contention.txt
[17:07:58.846] [info] [t:96] [Fetch] Only fetch file stats since content is the same!
[17:07:58.846] [trace] [t:96] Calling InitCallbackList
[17:07:58.847] [trace] [t:96] Received completion queue callback
[17:07:58.847] [trace] [t:96] Handling async callback 
[17:07:58.847] [info] [t:96] SyncEngine: Fetching contention.txt
[17:07:58.849] [info] [t:96] [Fetch] Only fetch file stats since content is the same!
[17:07:58.849] [trace] [t:96] Calling InitCallbackList
[17:07:58.850] [trace] [t:96] Received completion queue callback
[17:07:58.850] [trace] [t:96] Handling async callback 
[17:07:58.850] [info] [t:96] SyncEngine: Fetching contention.txt
[17:07:58.851] [info] [t:96] [Fetch] Only fetch file stats since content is the same!
[17:07:58.851] [trace] [t:96] Calling InitCallbackList
[17:07:58.852] [trace] [t:96] Received completion queue callback
[17:07:58.852] [trace] [t:96] Handling async callback 
[17:07:58.852] [info] [t:96] SyncEngine: Fetching contention.txt
[17:07:58.853] [info] [t:96] [Fetch] Only fetch file stats since content is the same!
[17:07:58.853] [trace] [t:96] Calling InitCallbackList
[17:07:58.855] [trace] [t:96] Received completion queue callback
[17:07:58.855] [trace] [t:96] Handling async callback 
[17:07:58.855] [info] [t:96] SyncEngine: Fetching contention.txt
[17:07:58.856] [info] [t:96] [Fetch] Only fetch file stats since content is the same!
[17:07:58.856] [trace] [t:96] Calling InitCallbackList
[17:07:58.857] [trace] [t:96] Received completion queue callback
[17:07:58.857] [trace] [t:96] Handling async callback 
[17:07:58.857] [info] [t:96] SyncEngine: Fetching contention.txt
[17:07:58.858] [info] [t:96] [Fetch] Only fetch file stats since content is the same!
[17:07:58.858] [trace] [t:96] Calling InitCallbackList
[17:07:58.859] [trace] [t:96] Received completion queue callback
[17:07:58.859] [trace] [t:96] Handling async callback 
[17:07:58.859] [info] [t:96] SyncEngine: Fetching contention.txt
[17:07:58.860] [info] [t:96] [Fetch] Only fetch file stats since content is the same!
[17:07:58.860] [trace] [t:96] Calling InitCallbackList
[17:07:58.862] [trace] [t:96] Received completion queue callback
[17:07:58.862] [trace] [t:96] Handling async callback 
[17:07:58.862] [info] [t:96] SyncEngine: Fetching contention.txt
[17:07:58.863] [info] [t:96] [Fetch] Only fetch file stats since content is the same!
[17:07:58.863] [trace] [t:96] Calling InitCallbackList
[17:07:58.864] [trace] [t:96] Received completion queue callback
[17:07:58.864] [trace] [t:96] Handling async callback 
[17:07:58.864] [info] [t:96] SyncEngine: Fetching contention.txt
[17:07:58.864] [info] [t:96] [Fetch] Only fetch file stats since content is the same!
[17:07:58.864] [trace] [t:96] Calling InitCallbackList
[17:07:58.865] [trace] [t:96] Received completion queue callback
[17:07:58.865] [trace] [t:96] Handling async callback 
[17:07:58.866] [info] [t:96] SyncEngine: Fetching contention.txt
[17:07:58.867] [info] [t:96] [Fetch] Only fetch file stats since content is the same!
[17:07:58.867] [trace] [t:96] Calling InitCallbackList
[17:07:58.868] [trace] [t:96] Received completion queue callback
[17:07:58.868] [trace] [t:96] Handling async callback 
[17:07:58.868] [info] [t:96] SyncEngine: Fetching contention.txt
[17:07:58.869] [info] [t:96] [Fetch] Only fetch file stats since content is the same!
[17:07:58.869] [trace] [t:96] Calling InitCallbackList
[17:07:58.870] [trace] [t:96] Received completion queue callback
[17:07:58.870] [trace] [t:96] Handling async callback 
[17:07:58.870] [info] [t:96] SyncEngine: Fetching contention.txt
[17:07:58.871] [info] [t:96] [Fetch] Only fetch file stats since content is the same!
[17:07:58.871] [trace] [t:96] Calling InitCallbackList
[17:07:58.872] [trace] [t:96] Received completion queue callback
[17:07:58.872] [trace] [t:96] Handling async callback 
[17:07:58.872] [info] [t:96] SyncEngine: Fetching contention.txt
[17:07:58.873] [info] [t:96] [Fetch] Only fetch file stats since content is the same!
[17:07:58.873] [trace] [t:96] Calling InitCallbackList
[17:07:58.874] [trace] [t:96] Received completion queue callback
[17:07:58.874] [trace] [t:96] Handling async callback 
[17:07:58.874] [info] [t:96] SyncEngine: Fetching contention.txt
[17:07:58.875] [info] [t:96] [Fetch] Only fetch file stats since content is the same!
[17:07:58.875] [trace] [t:96] Calling InitCallbackList
[17:07:58.876] [trace] [t:96] Received completion queue callback
[17:07:58.876] [trace] [t:96] Handling async callback 
[17:07:58.876] [info] [t:96] SyncEngine: Fetching contention.txt
[17:07:58.876] [info] [t:96] [Fetch] Only fetch file stats since content is the same!
[17:07:58.877] [trace] [t:96] Calling InitCallbackList
[17:07:58.877] [trace] [t:96] Received completion queue callback
[17:07:58.877] [trace] [t:96] Handling async callback 
[17:07:58.877] [info] [t:96] SyncEngine: Fetching contention.txt
[17:07:58.879] [info] [t:96] [Fetch] Only fetch file stats since content is the same!
[17:07:58.879] [trace] [t:96] Calling InitCallbackList
[17:07:58.880] [trace] [t:96] Received completion queue callback
[17:07:58.880] [trace] [t:96] Handling async callback 
[17:07:58.880] [info] [t:96] SyncEngine: Fetching contention.txt
[17:07:58.881] [info] [t:96] [Fetch] Only fetch file stats since content is the same!
[17:07:58.881] [trace] [t:96] Calling InitCallbackList
[17:07:58.882] [trace] [t:96] Received completion queue callback
[17:07:58.882] [trace] [t:96] Handling async callback 
[17:07:58.882] [info] [t:96] SyncEngine: Fetching contention.txt
[17:07:58.884] [info] [t:96] [Fetch] Only fetch file stats since content is the same!
[17:07:58.884] [trace] [t:96] Calling InitCallbackList
[17:07:58.885] [trace] [t:96] Received completion queue callback
[17:07:58.885] [trace] [t:96] Handling async callback 
[17:07:58.885] [info] [t:96] SyncEngine: Fetching contention.txt
[17:07:58.886] [info] [t:96] [Fetch] Only fetch file stats since content is the same!
[17:07:58.886] [trace] [t:96] Calling InitCallbackList
[17:07:58.887] [trace] [t:96] Received completion queue callback
[17:07:58.887] [trace] [t:96] Handling async callback 
[17:07:58.887] [info] [t:96] SyncEngine: Fetching contention.txt
[17:07:58.889] [info] [t:96] [Fetch] Only fetch file stats since content is the same!
[17:07:58.889] [trace] [t:96] Calling InitCallbackList
[17:07:58.890] [trace] [t:96] Received completion queue callback
[17:07:58.890] [trace] [t:96] Handling async callback 
[17:07:58.890] [info] [t:96] SyncEngine: Fetching contention.txt
[17:07:58.892] [info] [t:96] [Fetch] Only fetch file stats since content is the same!
[17:07:58.892] [trace] [t:96] Calling InitCallbackList
[17:07:58.893] [trace] [t:96] Received completion queue callback
[17:07:58.893] [trace] [t:96] Handling async callback 
[17:07:58.893] [info] [t:96] SyncEngine: Fetching contention.txt
[17:07:58.894] [info] [t:96] [Fetch] Only fetch file stats since content is the same!
[17:07:58.894] [trace] [t:96] Calling InitCallbackList
[17:07:58.895] [trace] [t:96] Received completion queue callback
[17:07:58.895] [trace] [t:96] Handling async callback 
[17:07:58.895] [info] [t:96] SyncEngine: Fetching contention.txt
[17:07:58.897] [info] [t:96] [Fetch] Only fetch file stats since content is the same!
[17:07:58.897] [trace] [t:96] Calling InitCallbackList
[17:07:58.899] [trace] [t:96] Received completion queue callback
[17:07:58.899] [trace] [t:96] Handling async callback 
[17:07:58.899] [info] [t:96] SyncEngine: Fetching contention.txt
[17:07:58.902] [info] [t:96] [Fetch] Only fetch file stats since content is the same!
[17:07:58.902] [trace] [t:96] Calling InitCallbackList
[17:07:58.902] [trace] [t:96] Received completion queue callback
[17:07:58.902] [trace] [t:96] Handling async callback 
[17:07:58.903] [info] [t:96] SyncEngine: Fetching contention.txt
[17:07:58.904] [info] [t:96] [Fetch] Only fetch file stats since content is the same!
[17:07:58.904] [trace] [t:96] Calling InitCallbackList
[17:07:58.905] [trace] [t:96] Received completion queue callback
[17:07:58.905] [trace] [t:96] Handling async callback 
[17:07:58.905] [info] [t:96] SyncEngine: Fetching contention.txt
[17:07:58.906] [info] [t:96] [Fetch] Only fetch file stats since content is the same!
[17:07:58.907] [trace] [t:96] Calling InitCallbackList
[17:07:58.908] [trace] [t:96] Received completion queue callback
[17:07:58.908] [trace] [t:96] Handling async callback 
[17:07:58.908] [info] [t:96] SyncEngine: Fetching contention.txt
[17:07:58.909] [info] [t:96] [Fetch] Only fetch file stats since content is the same!
[17:07:58.909] [trace] [t:96] Calling InitCallbackList
[17:07:58.910] [trace] [t:96] Received completion queue callback
[17:07:58.910] [trace] [t:96] Handling async callback 
[17:07:58.910] [info] [t:96] SyncEngine: Fetching contention.txt
[17:07:58.911] [info] [t:96] [Fetch] Only fetch file stats since content is the same!
[17:07:58.911] [trace] [t:96] Calling InitCallbackList
[17:07:58.912] [trace] [t:96] Received completion queue callback
[17:07:58.912] [trace] [t:96] Handling async callback 
[17:07:58.912] [info] [t:96] SyncEngine: Fetching contention.txt
[17:07:58.913] [info] [t:96] [Fetch] Only fetch file stats since content is the same!
[17:07:58.913] [trace] [t:96] Calling InitCallbackList
[17:07:58.915] [trace] [t:96] Received completion queue callback
[17:07:58.915] [trace] [t:96] Handling async callback 
[17:07:58.915] [info] [t:96] SyncEngine: Fetching contention.txt
[17:07:58.916] [info] [t:96] [Fetch] Only fetch file stats since content is the same!
[17:07:58.917] [trace] [t:96] Calling InitCallbackList
[17:07:58.919] [trace] [t:96] Received completion queue callback
[17:07:58.919] [trace] [t:96] Handling async callback 
[17:07:58.919] [info] [t:96] SyncEngine: Fetching contention.txt
[17:07:58.920] [info] [t:96] [Fetch] Only fetch file stats since content is the same!
[17:07:58.921] [trace] [t:96] Calling InitCallbackList
[17:07:58.922] [trace] [t:96] Received completion queue callback
[17:07:58.923] [trace] [t:96] Handling async callback 
[17:07:58.923] [info] [t:96] SyncEngine: Fetching contention.txt
[17:07:58.923] [info] [t:96] [Fetch] Only fetch file stats since content is the same!
[17:07:58.924] [trace] [t:96] Calling InitCallbackList
[17:07:58.925] [trace] [t:96] Received completion queue callback
[17:07:58.925] [trace] [t:96] Handling async callback 
[17:07:58.925] [info] [t:96] SyncEngine: Fetching contention.txt
[17:07:58.926] [info] [t:96] [Fetch] Only fetch file stats since content is the same!
[17:07:58.926] [trace] [t:96] Calling InitCallbackList
[17:07:58.927] [trace] [t:96] Received completion queue callback
[17:07:58.927] [trace] [t:96] Handling async callback 
[17:07:58.927] [info] [t:96] SyncEngine: Fetching contention.txt
[17:07:58.928] [info] [t:96] [Fetch] Only fetch file stats since content is the same!
[17:07:58.928] [trace] [t:96] Calling InitCallbackList
[17:07:58.929] [trace] [t:96] Received completion queue callback
[17:07:58.929] [trace] [t:96] Handling async callback 
[17:07:58.929] [info] [t:96] SyncEngine: Fetching contention.txt
[17:07:58.931] [info] [t:96] [Fetch] Only fetch file stats since content is the same!
[17:07:58.931] [trace] [t:96] Calling InitCallbackList
[17:07:58.932] [trace] [t:96] Received completion queue callback
[17:07:58.932] [trace] [t:96] Handling async callback 
[17:07:58.932] [info] [t:96] SyncEngine: Fetching contention.txt
[17:07:58.933] [info] [t:96] [Fetch] Only fetch file stats since content is the same!
[17:07:58.934] [trace] [t:96] Calling InitCallbackList
[17:07:58.934] [trace] [t:96] Received completion queue callback
[17:07:58.934] [trace] [t:96] Handling async callback 
[17:07:58.935] [info] [t:96] SyncEngine: Fetching contention.txt
[17:07:58.936] [info] [t:96] [Fetch] Only fetch file stats since content is the same!
[17:07:58.936] [trace] [t:96] Calling InitCallbackList
[17:07:58.937] [trace] [t:96] Received completion queue callback
[17:07:58.937] [trace] [t:96] Handling async callback 
[17:07:58.937] [info] [t:96] SyncEngine: Fetching contention.txt
[17:07:58.938] [info] [t:96] [Fetch] Only fetch file stats since content is the same!
[17:07:58.938] [trace] [t:96] Calling InitCallbackList
[17:07:58.939] [trace] [t:96] Received completion queue callback
[17:07:58.939] [trace] [t:96] Handling async callback 
[17:07:58.940] [info] [t:96] SyncEngine: Fetching contention.txt
[17:07:58.940] [info] [t:96] [Fetch] Only fetch file stats since content is the same!
[17:07:58.940] [trace] [t:96] Calling InitCallbackList
[17:07:58.941] [trace] [t:96] Received completion queue callback
[17:07:58.941] [trace] [t:96] Handling async callback 
[17:07:58.942] [info] [t:96] SyncEngine: Fetching contention.txt
[17:07:58.943] [info] [t:96] [Fetch] Only fetch file stats since content is the same!
[17:07:58.943] [trace] [t:96] Calling InitCallbackList
[17:07:58.945] [trace] [t:96] Received completion queue callback
[17:07:58.945] [trace] [t:96] Handling async callback 
[17:07:58.945] [info] [t:96] SyncEngine: Fetching contention.txt
[17:07:58.946] [info] [t:96] [Fetch] Only fetch file stats since content is the same!
[17:07:58.946] [trace] [t:96] Calling InitCallbackList
[17:07:58.948] [trace] [t:96] Received completion queue callback
[17:07:58.948] [trace] [t:96] Handling async callback 
[17:07:58.948] [info] [t:96] SyncEngine: Fetching contention.txt
[17:07:58.949] [info] [t:96] [Fetch] Only fetch file stats since content is the same!
[17:07:58.949] [trace] [t:96] Calling InitCallbackList
[17:07:58.951] [trace] [t:96] Received completion queue callback
[17:07:58.951] [trace] [t:96] Handling async callback 
[17:07:58.951] [info] [t:96] SyncEngine: Fetching contention.txt
[17:07:58.952] [info] [t:96] [Fetch] Only fetch file stats since content is the same!
[17:07:58.952] [trace] [t:96] Calling InitCallbackList
[17:07:58.954] [trace] [t:96] Received completion queue callback
[17:07:58.954] [trace] [t:96] Handling async callback 
[17:07:58.954] [info] [t:96] SyncEngine: Fetching contention.txt
[17:07:58.955] [info] [t:96] [Fetch] Only fetch file stats since content is the same!
[17:07:58.955] [trace] [t:96] Calling InitCallbackList
[17:07:58.956] [trace] [t:96] Received completion queue callback
[17:07:58.956] [trace] [t:96] Handling async callback 
[17:07:58.956] [info] [t:96] SyncEngine: Fetching contention.txt
[17:07:58.958] [info] [t:96] [Fetch] Only fetch file stats since content is the same!
[17:07:58.958] [trace] [t:96] Calling InitCallbackList
[17:07:58.959] [trace] [t:96] Received completion queue callback
[17:07:58.959] [trace] [t:96] Handling async callback 
[17:07:58.959] [info] [t:96] SyncEngine: Fetching contention.txt
[17:07:58.960] [info] [t:96] [Fetch] Only fetch file stats since content is the same!
[17:07:58.960] [trace] [t:96] Calling InitCallbackList
[17:07:58.961] [trace] [t:96] Received completion queue callback
[17:07:58.961] [trace] [t:96] Handling async callback 
[17:07:58.961] [info] [t:96] SyncEngine: Fetching contention.txt
[17:07:58.962] [info] [t:96] [Fetch] Only fetch file stats since content is the same!
[17:07:58.963] [trace] [t:96] Calling InitCallbackList
[17:07:58.963] [trace] [t:96] Received completion queue callback
[17:07:58.963] [trace] [t:96] Handling async callback 
[17:07:58.964] [info] [t:96] SyncEngine: Fetching contention.txt
[17:07:58.965] [info] [t:96] [Fetch] Only fetch file stats since content is the same!
[17:07:58.965] [trace] [t:96] Calling InitCallbackList
[17:07:58.966] [trace] [t:96] Received completion queue callback
[17:07:58.966] [trace] [t:96] Handling async callback 
[17:07:58.966] [info] [t:96] SyncEngine: Fetching contention.txt
[17:07:58.967] [info] [t:96] [Fetch] Only fetch file stats since content is the same!
[17:07:58.967] [trace] [t:96] Calling InitCallbackList
[17:07:58.968] [trace] [t:96] Received completion queue callback
[17:07:58.968] [trace] [t:96] Handling async callback 
[17:07:58.968] [info] [t:96] SyncEngine: Fetching contention.txt
[17:07:58.969] [info] [t:96] [Fetch] Only fetch file stats since content is the same!
[17:07:58.969] [trace] [t:96] Calling InitCallbackList
[17:07:58.970] [trace] [t:96] Received completion queue callback
[17:07:58.970] [trace] [t:96] Handling async callback 
[17:07:58.970] [info] [t:96] SyncEngine: Fetching contention.txt
[17:07:58.971] [info] [t:96] [Fetch] Only fetch file stats since content is the same!
[17:07:58.971] [trace] [t:96] Calling InitCallbackList
[17:07:58.972] [trace] [t:96] Received completion queue callback
[17:07:58.972] [trace] [t:96] Handling async callback 
[17:07:58.973] [info] [t:96] SyncEngine: Fetching contention.txt
[17:07:58.974] [info] [t:96] [Fetch] Only fetch file stats since content is the same!
[17:07:58.974] [trace] [t:96] Calling InitCallbackList
[17:07:58.975] [trace] [t:96] Received completion queue callback
[17:07:58.975] [trace] [t:96] Handling async callback 
[17:07:58.975] [info] [t:96] SyncEngine: Fetching contention.txt
[17:07:58.976] [info] [t:96] [Fetch] Only fetch file stats since content is the same!
[17:07:58.976] [trace] [t:96] Calling InitCallbackList
[17:07:58.977] [trace] [t:96] Received completion queue callback
[17:07:58.977] [trace] [t:96] Handling async callback 
[17:07:58.977] [info] [t:96] SyncEngine: Fetching contention.txt
[17:07:58.978] [info] [t:96] [Fetch] Only fetch file stats since content is the same!
[17:07:58.978] [trace] [t:96] Calling InitCallbackList
[17:07:58.979] [trace] [t:96] Received completion queue callback
[17:07:58.979] [trace] [t:96] Handling async callback 
[17:07:58.979] [info] [t:96] SyncEngine: Fetching contention.txt
[17:07:58.980] [info] [t:96] [Fetch] Only fetch file stats since content is the same!
[17:07:58.980] [trace] [t:96] Calling InitCallbackList
[17:07:58.982] [trace] [t:96] Received completion queue callback
[17:07:58.982] [trace] [t:96] Handling async callback 
[17:07:58.982] [info] [t:96] SyncEngine: Fetching contention.txt
[17:07:58.983] [info] [t:96] [Fetch] Only fetch file stats since content is the same!
[17:07:58.983] [trace] [t:96] Calling InitCallbackList
[17:07:58.984] [trace] [t:96] Received completion queue callback
[17:07:58.984] [trace] [t:96] Handling async callback 
[17:07:58.984] [info] [t:96] SyncEngine: Fetching contention.txt
[17:07:58.985] [info] [t:96] [Fetch] Only fetch file stats since content is the same!
[17:07:58.985] [trace] [t:96] Calling InitCallbackList
[17:07:58.986] [trace] [t:96] Received completion queue callback
[17:07:58.986] [trace] [t:96] Handling async callback 
[17:07:58.986] [info] [t:96] SyncEngine: Fetching contention.txt
[17:07:58.987] [info] [t:96] [Fetch] Only fetch file stats since content is the same!
[17:07:58.987] [trace] [t:96] Calling InitCallbackList
[17:07:58.989] [trace] [t:96] Received completion queue callback
[17:07:58.989] [trace] [t:96] Handling async callback 
[17:07:58.989] [info] [t:96] SyncEngine: Fetching contention.txt
[17:07:58.990] [info] [t:96] [Fetch] Only fetch file stats since content is the same!
[17:07:58.990] [trace] [t:96] Calling InitCallbackList
[17:07:58.992] [trace] [t:96] Received completion queue callback
[17:07:58.992] [trace] [t:96] Handling async callback 
[17:07:58.992] [info] [t:96] SyncEngine: Fetching contention.txt
[17:07:58.993] [info] [t:96] [Fetch] Only fetch file stats since content is the same!
[17:07:58.993] [trace] [t:96] Calling InitCallbackList
[17:07:58.995] [trace] [t:96] Received completion queue callback
[17:07:58.995] [trace] [t:96] Handling async callback 
[17:07:58.995] [info] [t:96] SyncEngine: Fetching contention.txt
[17:07:58.997] [info] [t:96] [Fetch] Only fetch file stats since content is the same!
[17:07:58.997] [trace] [t:96] Calling InitCallbackList
[17:07:58.998] [trace] [t:96] Received completion queue callback
[17:07:58.998] [trace] [t:96] Handling async callback 
[17:07:58.998] [info] [t:96] SyncEngine: Fetching contention.txt
[17:07:58.999] [info] [t:96] [Fetch] Only fetch file stats since content is the same!
[17:07:58.999] [trace] [t:96] Calling InitCallbackList
[17:07:59.000] [trace] [t:96] Received completion queue callback
[17:07:59.000] [trace] [t:96] Handling async callback 
[17:07:59.001] [info] [t:96] SyncEngine: Fetching contention.txt
[17:07:59.002] [info] [t:96] [Fetch] Only fetch file stats since content is the same!
[17:07:59.003] [trace] [t:96] Calling InitCallbackList
[17:07:59.004] [trace] [t:96] Received completion queue callback
[17:07:59.004] [trace] [t:96] Handling async callback 
[17:07:59.004] [info] [t:96] SyncEngine: Fetching contention.txt
[17:07:59.005] [info] [t:96] [Fetch] Only fetch file stats since content is the same!
[17:07:59.005] [trace] [t:96] Calling InitCallbackList
[17:07:59.006] [trace] [t:96] Received completion queue callback
[17:07:59.006] [trace] [t:96] Handling async callback 
[17:07:59.006] [info] [t:96] SyncEngine: Fetching contention.txt
[17:07:59.007] [info] [t:96] [Fetch] Only fetch file stats since content is the same!
[17:07:59.007] [trace] [t:96] Calling InitCallbackList
[17:07:59.008] [trace] [t:96] Received completion queue callback
[17:07:59.008] [trace] [t:96] Handling async callback 
[17:07:59.008] [info] [t:96] SyncEngine: Fetching contention.txt
[17:07:59.009] [info] [t:96] [Fetch] Only fetch file stats since content is the same!
[17:07:59.009] [trace] [t:96] Calling InitCallbackList
[17:07:59.010] [trace] [t:96] Received completion queue callback
[17:07:59.010] [trace] [t:96] Handling async callback 
[17:07:59.010] [info] [t:96] SyncEngine: Fetching contention.txt
[17:07:59.011] [info] [t:96] [Fetch] Only fetch file stats since content is the same!
[17:07:59.011] [trace] [t:96] Calling InitCallbackList
[17:07:59.012] [trace] [t:96] Received completion queue callback
[17:07:59.012] [trace] [t:96] Handling async callback 
[17:07:59.012] [info] [t:96] SyncEngine: Fetching contention.txt
[17:07:59.013] [info] [t:96] [Fetch] Only fetch file stats since content is the same!
[17:07:59.013] [trace] [t:96] Calling InitCallbackList
[17:07:59.014] [trace] [t:96] Received completion queue callback
[17:07:59.014] [trace] [t:96] Handling async callback 
[17:07:59.014] [info] [t:96] SyncEngine: Fetching contention.txt
[17:07:59.015] [info] [t:96] [Fetch] Only fetch file stats since content is the same!
[17:07:59.015] [trace] [t:96] Calling InitCallbackList
[17:07:59.016] [trace] [t:96] Received completion queue callback
[17:07:59.016] [trace] [t:96] Handling async callback 
[17:07:59.016] [info] [t:96] SyncEngine: Fetching contention.txt
[17:07:59.017] [info] [t:96] [Fetch] Only fetch file stats since content is the same!
[17:07:59.017] [trace] [t:96] Calling InitCallbackList
[17:07:59.018] [trace] [t:96] Received completion queue callback
[17:07:59.018] [trace] [t:96] Handling async callback 
[17:07:59.018] [info] [t:96] SyncEngine: Fetching contention.txt
[17:07:59.019] [info] [t:96] [Fetch] Only fetch file stats since content is the same!
[17:07:59.019] [trace] [t:96] Calling InitCallbackList
[17:07:59.021] [trace] [t:96] Received completion queue callback
[17:07:59.021] [trace] [t:96] Handling async callback 
[17:07:59.022] [info] [t:96] SyncEngine: Fetching contention.txt
[17:07:59.023] [info] [t:96] [Fetch] Only fetch file stats since content is the same!
[17:07:59.024] [trace] [t:96] Calling InitCallbackList
[17:07:59.025] [trace] [t:96] Received completion queue callback
[17:07:59.025] [trace] [t:96] Handling async callback 
[17:07:59.025] [info] [t:96] SyncEngine: Fetching contention.txt
[17:07:59.026] [info] [t:96] [Fetch] Only fetch file stats since content is the same!
[17:07:59.026] [trace] [t:96] Calling InitCallbackList
[17:07:59.027] [trace] [t:96] Received completion queue callback
[17:07:59.027] [trace] [t:96] Handling async callback 
[17:07:59.027] [info] [t:96] SyncEngine: Fetching contention.txt
[17:07:59.028] [info] [t:96] [Fetch] Only fetch file stats since content is the same!
[17:07:59.028] [trace] [t:96] Calling InitCallbackList
[17:07:59.029] [trace] [t:96] Received completion queue callback
[17:07:59.029] [trace] [t:96] Handling async callback 
[17:07:59.029] [info] [t:96] SyncEngine: Fetching contention.txt
[17:07:59.030] [info] [t:96] [Fetch] Only fetch file stats since content is the same!
[17:07:59.030] [trace] [t:96] Calling InitCallbackList
[17:07:59.031] [trace] [t:96] Received completion queue callback
[17:07:59.031] [trace] [t:96] Handling async callback 
[17:07:59.031] [info] [t:96] SyncEngine: Fetching contention.txt
[17:07:59.033] [info] [t:96] [Fetch] Only fetch file stats since content is the same!
[17:07:59.033] [trace] [t:96] Calling InitCallbackList
[17:07:59.034] [trace] [t:96] Received completion queue callback
[17:07:59.034] [trace] [t:96] Handling async callback 
[17:07:59.034] [info] [t:96] SyncEngine: Fetching contention.txt
[17:07:59.035] [info] [t:96] [Fetch] Only fetch file stats since content is the same!
[17:07:59.035] [trace] [t:96] Calling InitCallbackList
[17:07:59.036] [trace] [t:96] Received completion queue callback
[17:07:59.036] [trace] [t:96] Handling async callback 
[17:07:59.037] [info] [t:96] SyncEngine: Fetching contention.txt
[17:07:59.038] [info] [t:96] [Fetch] Only fetch file stats since content is the same!
[17:07:59.038] [trace] [t:96] Calling InitCallbackList
[17:07:59.040] [trace] [t:96] Received completion queue callback
[17:07:59.040] [trace] [t:96] Handling async callback 
[17:07:59.040] [info] [t:96] SyncEngine: Fetching contention.txt
[17:07:59.042] [info] [t:96] [Fetch] Only fetch file stats since content is the same!
[17:07:59.042] [trace] [t:96] Calling InitCallbackList
[17:07:59.043] [trace] [t:96] Received completion queue callback
[17:07:59.043] [trace] [t:96] Handling async callback 
[17:07:59.043] [info] [t:96] SyncEngine: Fetching contention.txt
[17:07:59.044] [info] [t:96] [Fetch] Only fetch file stats since content is the same!
[17:07:59.044] [trace] [t:96] Calling InitCallbackList
[17:07:59.046] [trace] [t:96] Received completion queue callback
[17:07:59.046] [trace] [t:96] Handling async callback 
[17:07:59.046] [info] [t:96] SyncEngine: Fetching contention.txt
[17:07:59.047] [info] [t:96] [Fetch] Only fetch file stats since content is the same!
[17:07:59.048] [trace] [t:96] Calling InitCallbackList
[17:07:59.049] [trace] [t:96] Received completion queue callback
[17:07:59.049] [trace] [t:96] Handling async callback 
[17:07:59.049] [info] [t:96] SyncEngine: Fetching contention.txt
[17:07:59.050] [info] [t:96] [Fetch] Only fetch file stats since content is the same!
[17:07:59.050] [trace] [t:96] Calling InitCallbackList
[17:07:59.051] [trace] [t:96] Received completion queue callback
[17:07:59.051] [trace] [t:96] Handling async callback 
[17:07:59.052] [info] [t:96] SyncEngine: Fetching contention.txt
[17:07:59.053] [info] [t:96] [Fetch] Only fetch file stats since content is the same!
[17:07:59.053] [trace] [t:96] Calling InitCallbackList
[17:07:59.054] [trace] [t:96] Received completion queue callback
[17:07:59.054] [trace] [t:96] Handling async callback 
[17:07:59.054] [info] [t:96] SyncEngine: Fetching contention.txt
[17:07:59.055] [info] [t:96] [Fetch] Only fetch file stats since content is the same!
[17:07:59.055] [trace] [t:96] Calling InitCallbackList
[17:07:59.056] [trace] [t:96] Received completion queue callback
[17:07:59.056] [trace] [t:96] Handling async callback 
[17:07:59.056] [info] [t:96] SyncEngine: Fetching contention.txt
[17:07:59.058] [info] [t:96] [Fetch] Only fetch file stats since content is the same!
[17:07:59.058] [trace] [t:96] Calling InitCallbackList
[17:07:59.059] [trace] [t:96] Received completion queue callback
[17:07:59.059] [trace] [t:96] Handling async callback 
[17:07:59.059] [info] [t:96] SyncEngine: Fetching contention.txt
[17:07:59.060] [info] [t:96] [Fetch] Only fetch file stats since content is the same!
[17:07:59.060] [trace] [t:96] Calling InitCallbackList
[17:07:59.061] [trace] [t:96] Received completion queue callback
[17:07:59.061] [trace] [t:96] Handling async callback 
[17:07:59.061] [info] [t:96] SyncEngine: Fetching contention.txt
[17:07:59.063] [info] [t:96] [Fetch] Only fetch file stats since content is the same!
[17:07:59.063] [trace] [t:96] Calling InitCallbackList
[17:07:59.064] [trace] [t:96] Received completion queue callback
[17:07:59.064] [trace] [t:96] Handling async callback 
[17:07:59.064] [info] [t:96] SyncEngine: Fetching contention.txt
[17:07:59.065] [info] [t:96] [Fetch] Only fetch file stats since content is the same!
[17:07:59.065] [trace] [t:96] Calling InitCallbackList
[17:07:59.066] [trace] [t:96] Received completion queue callback
[17:07:59.066] [trace] [t:96] Handling async callback 
[17:07:59.066] [info] [t:96] SyncEngine: Fetching contention.txt
[17:07:59.068] [info] [t:96] [Fetch] Only fetch file stats since content is the same!
[17:07:59.068] [trace] [t:96] Calling InitCallbackList
[17:07:59.068] [trace] [t:96] Received completion queue callback
[17:07:59.069] [trace] [t:96] Handling async callback 
[17:07:59.069] [info] [t:96] SyncEngine: Fetching contention.txt
[17:07:59.070] [info] [t:96] [Fetch] Only fetch file stats since content is the same!
[17:07:59.070] [trace] [t:96] Calling InitCallbackList
[17:07:59.071] [trace] [t:96] Received completion queue callback
[17:07:59.071] [trace] [t:96] Handling async callback 
[17:07:59.071] [info] [t:96] SyncEngine: Fetching contention.txt
[17:07:59.072] [info] [t:96] [Fetch] Only fetch file stats since content is the same!
[17:07:59.073] [trace] [t:96] Calling InitCallbackList
[17:07:59.075] [trace] [t:96] Received completion queue callback
[17:07:59.075] [trace] [t:96] Handling async callback 
[17:07:59.075] [info] [t:96] SyncEngine: Fetching contention.txt
[17:07:59.076] [info] [t:96] [Fetch] Only fetch file stats since content is the same!
[17:07:59.076] [trace] [t:96] Calling InitCallbackList
[17:07:59.077] [trace] [t:96] Received completion queue callback
[17:07:59.077] [trace] [t:96] Handling async callback 
[17:07:59.077] [info] [t:96] SyncEngine: Fetching contention.txt
[17:07:59.078] [info] [t:96] [Fetch] Only fetch file stats since content is the same!
[17:07:59.078] [trace] [t:96] Calling InitCallbackList
[17:07:59.079] [trace] [t:96] Received completion queue callback
[17:07:59.079] [trace] [t:96] Handling async callback 
[17:07:59.079] [info] [t:96] SyncEngine: Fetching contention.txt
[17:07:59.080] [info] [t:96] [Fetch] Only fetch file stats since content is the same!
[17:07:59.080] [trace] [t:96] Calling InitCallbackList
[17:07:59.081] [trace] [t:96] Received completion queue callback
[17:07:59.081] [trace] [t:96] Handling async callback 
[17:07:59.081] [info] [t:96] SyncEngine: Fetching contention.txt
[17:07:59.083] [info] [t:96] [Fetch] Only fetch file stats since content is the same!
[17:07:59.083] [trace] [t:96] Calling InitCallbackList
[17:07:59.083] [trace] [t:96] Received completion queue callback
[17:07:59.084] [trace] [t:96] Handling async callback 
[17:07:59.084] [info] [t:96] SyncEngine: Fetching contention.txt
[17:07:59.084] [info] [t:96] [Fetch] Only fetch file stats since content is the same!
[17:07:59.085] [trace] [t:96] Calling InitCallbackList
[17:07:59.086] [trace] [t:96] Received completion queue callback
[17:07:59.086] [trace] [t:96] Handling async callback 
[17:07:59.086] [info] [t:96] SyncEngine: Fetching contention.txt
[17:07:59.086] [info] [t:96] [Fetch] Only fetch file stats since content is the same!
[17:07:59.087] [trace] [t:96] Calling InitCallbackList
[17:07:59.088] [trace] [t:96] Received completion queue callback
[17:07:59.088] [trace] [t:96] Handling async callback 
[17:07:59.088] [info] [t:96] SyncEngine: Fetching contention.txt
[17:07:59.089] [info] [t:96] [Fetch] Only fetch file stats since content is the same!
[17:07:59.089] [trace] [t:96] Calling InitCallbackList
[17:07:59.090] [trace] [t:96] Received completion queue callback
[17:07:59.090] [trace] [t:96] Handling async callback 
[17:07:59.090] [info] [t:96] SyncEngine: Fetching contention.txt
[17:07:59.091] [info] [t:96] [Fetch] Only fetch file stats since content is the same!
[17:07:59.091] [trace] [t:96] Calling InitCallbackList
[17:07:59.092] [trace] [t:96] Received completion queue callback
[17:07:59.092] [trace] [t:96] Handling async callback 
[17:07:59.092] [info] [t:96] SyncEngine: Fetching contention.txt
[17:07:59.093] [info] [t:96] [Fetch] Only fetch file stats since content is the same!
[17:07:59.093] [trace] [t:96] Calling InitCallbackList
[17:07:59.094] [trace] [t:96] Received completion queue callback
[17:07:59.094] [trace] [t:96] Handling async callback 
[17:07:59.094] [info] [t:96] SyncEngine: Fetching contention.txt
[17:07:59.096] [info] [t:96] [Fetch] Only fetch file stats since content is the same!
[17:07:59.096] [trace] [t:96] Calling InitCallbackList
[17:07:59.097] [trace] [t:96] Received completion queue callback
[17:07:59.097] [trace] [t:96] Handling async callback 
[17:07:59.097] [info] [t:96] SyncEngine: Fetching contention.txt
[17:07:59.098] [info] [t:96] [Fetch] Only fetch file stats since content is the same!
[17:07:59.098] [trace] [t:96] Calling InitCallbackList
[17:07:59.099] [trace] [t:96] Received completion queue callback
[17:07:59.099] [trace] [t:96] Handling async callback 
[17:07:59.099] [info] [t:96] SyncEngine: Fetching contention.txt
[17:07:59.100] [info] [t:96] [Fetch] Only fetch file stats since content is the same!
[17:07:59.100] [trace] [t:96] Calling InitCallbackList
[17:07:59.101] [trace] [t:96] Received completion queue callback
[17:07:59.101] [trace] [t:96] Handling async callback 
[17:07:59.101] [info] [t:96] SyncEngine: Fetching contention.txt
[17:07:59.102] [info] [t:96] [Fetch] Only fetch file stats since content is the same!
[17:07:59.102] [trace] [t:96] Calling InitCallbackList
[17:07:59.103] [trace] [t:96] Received completion queue callback
[17:07:59.103] [trace] [t:96] Handling async callback 
[17:07:59.104] [info] [t:96] SyncEngine: Fetching contention.txt
[17:07:59.105] [info] [t:96] [Fetch] Only fetch file stats since content is the same!
[17:07:59.105] [trace] [t:96] Calling InitCallbackList
[17:07:59.106] [trace] [t:96] Received completion queue callback
[17:07:59.106] [trace] [t:96] Handling async callback 
[17:07:59.106] [info] [t:96] SyncEngine: Fetching contention.txt
[17:07:59.107] [info] [t:96] [Fetch] Only fetch file stats since content is the same!
[17:07:59.107] [trace] [t:96] Calling InitCallbackList
[17:07:59.108] [trace] [t:96] Received completion queue callback
[17:07:59.108] [trace] [t:96] Handling async callback 
[17:07:59.108] [info] [t:96] SyncEngine: Fetching contention.txt
[17:07:59.110] [info] [t:96] [Fetch] Only fetch file stats since content is the same!
[17:07:59.110] [trace] [t:96] Calling InitCallbackList
[17:07:59.111] [trace] [t:96] Received completion queue callback
[17:07:59.111] [trace] [t:96] Handling async callback 
[17:07:59.111] [info] [t:96] SyncEngine: Fetching contention.txt
[17:07:59.113] [info] [t:96] [Fetch] Only fetch file stats since content is the same!
[17:07:59.113] [trace] [t:96] Calling InitCallbackList
[17:07:59.115] [trace] [t:96] Received completion queue callback
[17:07:59.115] [trace] [t:96] Handling async callback 
[17:07:59.115] [info] [t:96] SyncEngine: Fetching contention.txt
[17:07:59.116] [info] [t:96] [Fetch] Only fetch file stats since content is the same!
[17:07:59.116] [trace] [t:96] Calling InitCallbackList
[17:07:59.117] [trace] [t:96] Received completion queue callback
[17:07:59.117] [trace] [t:96] Handling async callback 
[17:07:59.117] [info] [t:96] SyncEngine: Fetching contention.txt
[17:07:59.119] [info] [t:96] [Fetch] Only fetch file stats since content is the same!
[17:07:59.119] [trace] [t:96] Calling InitCallbackList
[17:07:59.120] [trace] [t:96] Received completion queue callback
[17:07:59.120] [trace] [t:96] Handling async callback 
[17:07:59.120] [info] [t:96] SyncEngine: Fetching contention.txt
[17:07:59.122] [info] [t:96] [Fetch] Only fetch file stats since content is the same!
[17:07:59.122] [trace] [t:96] Calling InitCallbackList
[17:07:59.123] [trace] [t:96] Received completion queue callback
[17:07:59.123] [trace] [t:96] Handling async callback 
[17:07:59.123] [info] [t:96] SyncEngine: Fetching contention.txt
[17:07:59.124] [info] [t:96] [Fetch] Only fetch file stats since content is the same!
[17:07:59.124] [trace] [t:96] Calling InitCallbackList
[17:07:59.125] [trace] [t:96] Received completion queue callback
[17:07:59.125] [trace] [t:96] Handling async callback 
[17:07:59.125] [info] [t:96] SyncEngine: Fetching contention.txt
[17:07:59.126] [info] [t:96] [Fetch] Only fetch file stats since content is the same!
[17:07:59.126] [trace] [t:96] Calling InitCallbackList
[17:07:59.127] [trace] [t:96] Received completion queue callback
[17:07:59.127] [trace] [t:96] Handling async callback 
[17:07:59.128] [info] [t:96] SyncEngine: Fetching contention.txt
[17:07:59.129] [info] [t:96] [Fetch] Only fetch file stats since content is the same!
[17:07:59.129] [trace] [t:96] Calling InitCallbackList
[17:07:59.130] [trace] [t:96] Received completion queue callback
[17:07:59.130] [trace] [t:96] Handling async callback 
[17:07:59.130] [info] [t:96] SyncEngine: Fetching contention.txt
[17:07:59.132] [info] [t:96] [Fetch] Only fetch file stats since content is the same!
[17:07:59.132] [trace] [t:96] Calling InitCallbackList
[17:07:59.133] [trace] [t:96] Received completion queue callback
[17:07:59.133] [trace] [t:96] Handling async callback 
[17:07:59.133] [info] [t:96] SyncEngine: Fetching contention.txt
[17:07:59.135] [info] [t:96] [Fetch] Only fetch file stats since content is the same!
[17:07:59.135] [trace] [t:96] Calling InitCallbackList
[17:07:59.136] [trace] [t:96] Received completion queue callback
[17:07:59.136] [trace] [t:96] Handling async callback 
[17:07:59.136] [info] [t:96] SyncEngine: Fetching contention.txt
[17:07:59.138] [info] [t:96] [Fetch] Only fetch file stats since content is the same!
[17:07:59.138] [trace] [t:96] Calling InitCallbackList
[17:07:59.139] [trace] [t:96] Received completion queue callback
[17:07:59.139] [trace] [t:96] Handling async callback 
[17:07:59.139] [info] [t:96] SyncEngine: Fetching contention.txt
[17:07:59.140] [info] [t:96] [Fetch] Only fetch file stats since content is the same!
[17:07:59.140] [trace] [t:96] Calling InitCallbackList
[17:07:59.141] [trace] [t:96] Received completion queue callback
[17:07:59.141] [trace] [t:96] Handling async callback 
[17:07:59.141] [info] [t:96] SyncEngine: Fetching contention.txt
[17:07:59.143] [info] [t:96] [Fetch] Only fetch file stats since content is the same!
[17:07:59.143] [trace] [t:96] Calling InitCallbackList
[17:07:59.144] [trace] [t:96] Received completion queue callback
[17:07:59.144] [trace] [t:96] Handling async callback 
[17:07:59.144] [info] [t:96] SyncEngine: Fetching contention.txt
[17:07:59.145] [info] [t:96] [Fetch] Only fetch file stats since content is the same!
[17:07:59.145] [trace] [t:96] Calling InitCallbackList
[17:07:59.146] [trace] [t:96] Received completion queue callback
[17:07:59.146] [trace] [t:96] Handling async callback 
[17:07:59.146] [info] [t:96] SyncEngine: Fetching contention.txt
[17:07:59.147] [info] [t:96] [Fetch] Only fetch file stats since content is the same!
[17:07:59.148] [trace] [t:96] Calling InitCallbackList
[17:07:59.149] [trace] [t:96] Received completion queue callback
[17:07:59.149] [trace] [t:96] Handling async callback 
[17:07:59.149] [info] [t:96] SyncEngine: Fetching contention.txt
[17:07:59.151] [info] [t:96] [Fetch] Only fetch file stats since content is the same!
[17:07:59.151] [trace] [t:96] Calling InitCallbackList
[17:07:59.152] [trace] [t:96] Received completion queue callback
[17:07:59.152] [trace] [t:96] Handling async callback 
[17:07:59.152] [info] [t:96] SyncEngine: Fetching contention.txt
[17:07:59.153] [info] [t:96] [Fetch] Only fetch file stats since content is the same!
[17:07:59.154] [trace] [t:96] Calling InitCallbackList
[17:07:59.155] [trace] [t:96] Received completion queue callback
[17:07:59.155] [trace] [t:96] Handling async callback 
[17:07:59.155] [info] [t:96] SyncEngine: Fetching contention.txt
[17:07:59.157] [info] [t:96] [Fetch] Only fetch file stats since content is the same!
[17:07:59.157] [trace] [t:96] Calling InitCallbackList
[17:07:59.158] [trace] [t:96] Received completion queue callback
[17:07:59.158] [trace] [t:96] Handling async callback 
[17:07:59.158] [info] [t:96] SyncEngine: Fetching contention.txt
[17:07:59.159] [info] [t:96] [Fetch] Only fetch file stats since content is the same!
[17:07:59.159] [trace] [t:96] Calling InitCallbackList
[17:07:59.160] [trace] [t:96] Received completion queue callback
[17:07:59.160] [trace] [t:96] Handling async callback 
[17:07:59.160] [info] [t:96] SyncEngine: Fetching contention.txt
[17:07:59.163] [info] [t:96] [Fetch] Only fetch file stats since content is the same!
[17:07:59.163] [trace] [t:96] Calling InitCallbackList
[17:07:59.164] [trace] [t:96] Received completion queue callback
[17:07:59.164] [trace] [t:96] Handling async callback 
[17:07:59.164] [info] [t:96] SyncEngine: Fetching contention.txt
[17:07:59.165] [info] [t:96] [Fetch] Only fetch file stats since content is the same!
[17:07:59.165] [trace] [t:96] Calling InitCallbackList
[17:07:59.166] [trace] [t:96] Received completion queue callback
[17:07:59.166] [trace] [t:96] Handling async callback 
[17:07:59.166] [info] [t:96] SyncEngine: Fetching contention.txt
[17:07:59.167] [info] [t:96] [Fetch] Only fetch file stats since content is the same!
[17:07:59.167] [trace] [t:96] Calling InitCallbackList
[17:07:59.168] [trace] [t:96] Received completion queue callback
[17:07:59.168] [trace] [t:96] Handling async callback 
[17:07:59.168] [info] [t:96] SyncEngine: Fetching contention.txt
[17:07:59.169] [info] [t:96] [Fetch] Only fetch file stats since content is the same!
[17:07:59.169] [trace] [t:96] Calling InitCallbackList
[17:07:59.170] [trace] [t:96] Received completion queue callback
[17:07:59.170] [trace] [t:96] Handling async callback 
[17:07:59.170] [info] [t:96] SyncEngine: Fetching contention.txt
[17:07:59.171] [info] [t:96] [Fetch] Only fetch file stats since content is the same!
[17:07:59.171] [trace] [t:96] Calling InitCallbackList
[17:07:59.172] [trace] [t:96] Received completion queue callback
[17:07:59.172] [trace] [t:96] Handling async callback 
[17:07:59.173] [info] [t:96] SyncEngine: Fetching contention.txt
[17:07:59.174] [info] [t:96] [Fetch] Only fetch file stats since content is the same!
[17:07:59.174] [trace] [t:96] Calling InitCallbackList
[17:07:59.175] [trace] [t:96] Received completion queue callback
[17:07:59.175] [trace] [t:96] Handling async callback 
[17:07:59.175] [info] [t:96] SyncEngine: Fetching contention.txt
[17:07:59.175] [info] [t:96] [Fetch] Only fetch file stats since content is the same!
[17:07:59.176] [trace] [t:96] Calling InitCallbackList
[17:07:59.176] [trace] [t:96] Received completion queue callback
[17:07:59.176] [trace] [t:96] Handling async callback 
[17:07:59.176] [info] [t:96] SyncEngine: Fetching contention.txt
[17:07:59.177] [info] [t:96] [Fetch] Only fetch file stats since content is the same!
[17:07:59.178] [trace] [t:96] Calling InitCallbackList
[17:07:59.178] [trace] [t:96] Received completion queue callback
[17:07:59.178] [trace] [t:96] Handling async callback 
[17:07:59.178] [info] [t:96] SyncEngine: Fetching contention.txt
[17:07:59.180] [info] [t:96] [Fetch] Only fetch file stats since content is the same!
[17:07:59.180] [trace] [t:96] Calling InitCallbackList
[17:07:59.181] [trace] [t:96] Received completion queue callback
[17:07:59.181] [trace] [t:96] Handling async callback 
[17:07:59.181] [info] [t:96] SyncEngine: Fetching contention.txt
[17:07:59.182] [info] [t:96] [Fetch] Only fetch file stats since content is the same!
[17:07:59.182] [trace] [t:96] Calling InitCallbackList
[17:07:59.183] [trace] [t:96] Received completion queue callback
[17:07:59.183] [trace] [t:96] Handling async callback 
[17:07:59.183] [info] [t:96] SyncEngine: Fetching contention.txt
[17:07:59.185] [info] [t:96] [Fetch] Only fetch file stats since content is the same!
[17:07:59.185] [trace] [t:96] Calling InitCallbackList
[17:07:59.186] [trace] [t:96] Received completion queue callback
[17:07:59.186] [trace] [t:96] Handling async callback 
[17:07:59.186] [info] [t:96] SyncEngine: Fetching contention.txt
[17:07:59.188] [info] [t:96] [Fetch] Only fetch file stats since content is the same!
[17:07:59.188] [trace] [t:96] Calling InitCallbackList
[17:07:59.189] [trace] [t:96] Received completion queue callback
[17:07:59.189] [trace] [t:96] Handling async callback 
[17:07:59.190] [info] [t:96] SyncEngine: Fetching contention.txt
[17:07:59.191] [info] [t:96] [Fetch] Only fetch file stats since content is the same!
[17:07:59.191] [trace] [t:96] Calling InitCallbackList
[17:07:59.191] [trace] [t:96] Received completion queue callback
[17:07:59.192] [trace] [t:96] Handling async callback 
[17:07:59.192] [info] [t:96] SyncEngine: Fetching contention.txt
[17:07:59.193] [info] [t:96] [Fetch] Only fetch file stats since content is the same!
[17:07:59.193] [trace] [t:96] Calling InitCallbackList
[17:07:59.194] [trace] [t:96] Received completion queue callback
[17:07:59.194] [trace] [t:96] Handling async callback 
[17:07:59.194] [info] [t:96] SyncEngine: Fetching contention.txt
[17:07:59.196] [info] [t:96] [Fetch] Only fetch file stats since content is the same!
[17:07:59.196] [trace] [t:96] Calling InitCallbackList
[17:07:59.197] [trace] [t:96] Received completion queue callback
[17:07:59.197] [trace] [t:96] Handling async callback 
[17:07:59.197] [info] [t:96] SyncEngine: Fetching contention.txt
[17:07:59.199] [info] [t:96] [Fetch] Only fetch file stats since content is the same!
[17:07:59.199] [trace] [t:96] Calling InitCallbackList
[17:07:59.200] [trace] [t:96] Received completion queue callback
[17:07:59.200] [trace] [t:96] Handling async callback 
[17:07:59.200] [info] [t:96] SyncEngine: Fetching contention.txt
[17:07:59.202] [info] [t:96] [Fetch] Only fetch file stats since content is the same!
[17:07:59.202] [trace] [t:96] Calling InitCallbackList
[17:07:59.203] [trace] [t:96] Received completion queue callback
[17:07:59.203] [trace] [t:96] Handling async callback 
[17:07:59.203] [info] [t:96] SyncEngine: Fetching contention.txt
[17:07:59.204] [info] [t:96] [Fetch] Only fetch file stats since content is the same!
[17:07:59.205] [trace] [t:96] Calling InitCallbackList
[17:07:59.206] [trace] [t:96] Received completion queue callback
[17:07:59.206] [trace] [t:96] Handling async callback 
[17:07:59.206] [info] [t:96] SyncEngine: Fetching contention.txt
[17:07:59.207] [info] [t:96] [Fetch] Only fetch file stats since content is the same!
[17:07:59.207] [trace] [t:96] Calling InitCallbackList
[17:07:59.208] [trace] [t:96] Received completion queue callback
[17:07:59.208] [trace] [t:96] Handling async callback 
[17:07:59.208] [info] [t:96] SyncEngine: Fetching contention.txt
[17:07:59.209] [info] [t:96] [Fetch] Only fetch file stats since content is the same!
[17:07:59.210] [trace] [t:96] Calling InitCallbackList
[17:07:59.210] [trace] [t:96] Received completion queue callback
[17:07:59.210] [trace] [t:96] Handling async callback 
[17:07:59.210] [info] [t:96] SyncEngine: Fetching contention.txt
[17:07:59.211] [info] [t:96] [Fetch] Only fetch file stats since content is the same!
[17:07:59.211] [trace] [t:96] Calling InitCallbackList
[17:07:59.212] [trace] [t:96] Received completion queue callback
[17:07:59.212] [trace] [t:96] Handling async callback 
[17:07:59.212] [info] [t:96] SyncEngine: Fetching contention.txt
[17:07:59.214] [info] [t:96] [Fetch] Only fetch file stats since content is the same!
[17:07:59.214] [trace] [t:96] Calling InitCallbackList
[17:07:59.215] [trace] [t:96] Received completion queue callback
[17:07:59.215] [trace] [t:96] Handling async callback 
[17:07:59.215] [info] [t:96] SyncEngine: Fetching contention.txt
[17:07:59.217] [info] [t:96] [Fetch] Only fetch file stats since content is the same!
[17:07:59.217] [trace] [t:96] Calling InitCallbackList
[17:07:59.217] [trace] [t:96] Received completion queue callback
[17:07:59.217] [trace] [t:96] Handling async callback 
[17:07:59.218] [info] [t:96] SyncEngine: Fetching contention.txt
[17:07:59.218] [info] [t:96] [Fetch] Only fetch file stats since content is the same!
[17:07:59.219] [trace] [t:96] Calling InitCallbackList
[17:07:59.220] [trace] [t:96] Received completion queue callback
[17:07:59.220] [trace] [t:96] Handling async callback 
[17:07:59.221] [info] [t:96] SyncEngine: Fetching contention.txt
[17:07:59.222] [info] [t:96] [Fetch] Only fetch file stats since content is the same!
[17:07:59.222] [trace] [t:96] Calling InitCallbackList
[17:07:59.223] [trace] [t:96] Received completion queue callback
[17:07:59.223] [trace] [t:96] Handling async callback 
[17:07:59.223] [info] [t:96] SyncEngine: Fetching contention.txt
[17:07:59.224] [info] [t:96] [Fetch] Only fetch file stats since content is the same!
[17:07:59.225] [trace] [t:96] Calling InitCallbackList
[17:07:59.226] [trace] [t:96] Received completion queue callback
[17:07:59.226] [trace] [t:96] Handling async callback 
[17:07:59.226] [info] [t:96] SyncEngine: Fetching contention.txt
[17:07:59.227] [info] [t:96] [Fetch] Only fetch file stats since content is the same!
[17:07:59.227] [trace] [t:96] Calling InitCallbackList
[17:07:59.228] [trace] [t:96] Received completion queue callback
[17:07:59.228] [trace] [t:96] Handling async callback 
[17:07:59.228] [info] [t:96] SyncEngine: Fetching contention.txt
[17:07:59.229] [info] [t:96] [Fetch] Only fetch file stats since content is the same!
[17:07:59.229] [trace] [t:96] Calling InitCallbackList
[17:07:59.230] [trace] [t:96] Received completion queue callback
[17:07:59.230] [trace] [t:96] Handling async callback 
[17:07:59.230] [info] [t:96] SyncEngine: Fetching contention.txt
[17:07:59.231] [info] [t:96] [Fetch] Only fetch file stats since content is the same!
[17:07:59.232] [trace] [t:96] Calling InitCallbackList
[17:07:59.232] [trace] [t:96] Received completion queue callback
[17:07:59.232] [trace] [t:96] Handling async callback 
[17:07:59.232] [info] [t:96] SyncEngine: Fetching contention.txt
[17:07:59.233] [info] [t:96] [Fetch] Only fetch file stats since content is the same!
[17:07:59.233] [trace] [t:96] Calling InitCallbackList
[17:07:59.234] [trace] [t:96] Received completion queue callback
[17:07:59.234] [trace] [t:96] Handling async callback 
[17:07:59.234] [info] [t:96] SyncEngine: Fetching contention.txt
[17:07:59.236] [info] [t:96] [Fetch] Only fetch file stats since content is the same!
[17:07:59.236] [trace] [t:96] Calling InitCallbackList
[17:07:59.238] [trace] [t:96] Received completion queue callback
[17:07:59.238] [trace] [t:96] Handling async callback 
[17:07:59.238] [info] [t:96] SyncEngine: Fetching contention.txt
[17:07:59.239] [info] [t:96] [Fetch] Only fetch file stats since content is the same!
[17:07:59.239] [trace] [t:96] Calling InitCallbackList
[17:07:59.240] [trace] [t:96] Received completion queue callback
[17:07:59.240] [trace] [t:96] Handling async callback 
[17:07:59.240] [info] [t:96] SyncEngine: Fetching contention.txt
[17:07:59.241] [info] [t:96] [Fetch] Only fetch file stats since content is the same!
[17:07:59.241] [trace] [t:96] Calling InitCallbackList
[17:07:59.243] [trace] [t:96] Received completion queue callback
[17:07:59.243] [trace] [t:96] Handling async callback 
[17:07:59.243] [info] [t:96] SyncEngine: Fetching contention.txt
[17:07:59.244] [info] [t:96] [Fetch] Only fetch file stats since content is the same!
[17:07:59.244] [trace] [t:96] Calling InitCallbackList
[17:07:59.246] [trace] [t:96] Received completion queue callback
[17:07:59.246] [trace] [t:96] Handling async callback 
[17:07:59.246] [info] [t:96] SyncEngine: Fetching contention.txt
[17:07:59.248] [info] [t:96] [Fetch] Only fetch file stats since content is the same!
[17:07:59.248] [trace] [t:96] Calling InitCallbackList
[17:07:59.249] [trace] [t:96] Received completion queue callback
[17:07:59.249] [trace] [t:96] Handling async callback 
[17:07:59.249] [info] [t:96] SyncEngine: Fetching contention.txt
[17:07:59.251] [info] [t:96] [Fetch] Only fetch file stats since content is the same!
[17:07:59.251] [trace] [t:96] Calling InitCallbackList
[17:07:59.251] [trace] [t:96] Received completion queue callback
[17:07:59.251] [trace] [t:96] Handling async callback 
[17:07:59.252] [info] [t:96] SyncEngine: Fetching contention.txt
[17:07:59.253] [info] [t:96] [Fetch] Only fetch file stats since content is the same!
[17:07:59.253] [trace] [t:96] Calling InitCallbackList
[17:07:59.254] [trace] [t:96] Received completion queue callback
[17:07:59.254] [trace] [t:96] Handling async callback 
[17:07:59.254] [info] [t:96] SyncEngine: Fetching contention.txt
[17:07:59.255] [info] [t:96] [Fetch] Only fetch file stats since content is the same!
[17:07:59.256] [trace] [t:96] Calling InitCallbackList
[17:07:59.257] [trace] [t:96] Received completion queue callback
[17:07:59.257] [trace] [t:96] Handling async callback 
[17:07:59.257] [info] [t:96] SyncEngine: Fetching contention.txt
[17:07:59.258] [info] [t:96] [Fetch] Only fetch file stats since content is the same!
[17:07:59.258] [trace] [t:96] Calling InitCallbackList
[17:07:59.259] [trace] [t:96] Received completion queue callback
[17:07:59.259] [trace] [t:96] Handling async callback 
[17:07:59.259] [info] [t:96] SyncEngine: Fetching contention.txt
[17:07:59.260] [info] [t:96] [Fetch] Only fetch file stats since content is the same!
[17:07:59.260] [trace] [t:96] Calling InitCallbackList
[17:07:59.261] [trace] [t:96] Received completion queue callback
[17:07:59.261] [trace] [t:96] Handling async callback 
[17:07:59.262] [info] [t:96] SyncEngine: Fetching contention.txt
[17:07:59.263] [info] [t:96] [Fetch] Only fetch file stats since content is the same!
[17:07:59.263] [trace] [t:96] Calling InitCallbackList
[17:07:59.264] [trace] [t:96] Received completion queue callback
[17:07:59.264] [trace] [t:96] Handling async callback 
[17:07:59.264] [info] [t:96] SyncEngine: Fetching contention.txt
[17:07:59.265] [info] [t:96] [Fetch] Only fetch file stats since content is the same!
[17:07:59.265] [trace] [t:96] Calling InitCallbackList
[17:07:59.266] [trace] [t:96] Received completion queue callback
[17:07:59.266] [trace] [t:96] Handling async callback 
[17:07:59.267] [info] [t:96] SyncEngine: Fetching contention.txt
[17:07:59.268] [info] [t:96] [Fetch] Only fetch file stats since content is the same!
[17:07:59.269] [trace] [t:96] Calling InitCallbackList
[17:07:59.270] [trace] [t:96] Received completion queue callback
[17:07:59.270] [trace] [t:96] Handling async callback 
[17:07:59.270] [info] [t:96] SyncEngine: Fetching contention.txt
[17:07:59.271] [info] [t:96] [Fetch] Only fetch file stats since content is the same!
[17:07:59.271] [trace] [t:96] Calling InitCallbackList
[17:07:59.272] [trace] [t:96] Received completion queue callback
[17:07:59.272] [trace] [t:96] Handling async callback 
[17:07:59.272] [info] [t:96] SyncEngine: Fetching contention.txt
[17:07:59.274] [info] [t:96] [Fetch] Only fetch file stats since content is the same!
[17:07:59.274] [trace] [t:96] Calling InitCallbackList
[17:07:59.275] [trace] [t:96] Received completion queue callback
[17:07:59.275] [trace] [t:96] Handling async callback 
[17:07:59.275] [info] [t:96] SyncEngine: Fetching contention.txt
[17:07:59.276] [info] [t:96] [Fetch] Only fetch file stats since content is the same!
[17:07:59.276] [trace] [t:96] Calling InitCallbackList
[17:07:59.278] [trace] [t:96] Received completion queue callback
[17:07:59.278] [trace] [t:96] Handling async callback 
[17:07:59.278] [info] [t:96] SyncEngine: Fetching contention.txt
[17:07:59.279] [info] [t:96] [Fetch] Only fetch file stats since content is the same!
[17:07:59.279] [trace] [t:96] Calling InitCallbackList
[17:07:59.280] [trace] [t:96] Received completion queue callback
[17:07:59.280] [trace] [t:96] Handling async callback 
[17:07:59.280] [info] [t:96] SyncEngine: Fetching contention.txt
[17:07:59.282] [info] [t:96] [Fetch] Only fetch file stats since content is the same!
[17:07:59.282] [trace] [t:96] Calling InitCallbackList
[17:07:59.282] [trace] [t:96] Received completion queue callback
[17:07:59.283] [trace] [t:96] Handling async callback 
[17:07:59.283] [info] [t:96] SyncEngine: Fetching contention.txt
[17:07:59.283] [info] [t:96] [Fetch] Only fetch file stats since content is the same!
[17:07:59.283] [trace] [t:96] Calling InitCallbackList
[17:07:59.284] [trace] [t:96] Received completion queue callback
[17:07:59.284] [trace] [t:96] Handling async callback 
[17:07:59.284] [info] [t:96] SyncEngine: Fetching contention.txt
[17:07:59.285] [info] [t:96] [Fetch] Only fetch file stats since content is the same!
[17:07:59.286] [trace] [t:96] Calling InitCallbackList
[17:07:59.287] [trace] [t:96] Received completion queue callback
[17:07:59.287] [trace] [t:96] Handling async callback 
[17:07:59.287] [info] [t:96] SyncEngine: Fetching contention.txt
[17:07:59.289] [info] [t:96] [Fetch] Only fetch file stats since content is the same!
[17:07:59.289] [trace] [t:96] Calling InitCallbackList
[17:07:59.291] [trace] [t:96] Received completion queue callback
[17:07:59.291] [trace] [t:96] Handling async callback 
[17:07:59.291] [info] [t:96] SyncEngine: Fetching contention.txt
[17:07:59.292] [info] [t:96] [Fetch] Only fetch file stats since content is the same!
[17:07:59.292] [trace] [t:96] Calling InitCallbackList
[17:07:59.293] [trace] [t:96] Received completion queue callback
[17:07:59.293] [trace] [t:96] Handling async callback 
[17:07:59.293] [info] [t:96] SyncEngine: Fetching contention.txt
[17:07:59.295] [info] [t:96] [Fetch] Only fetch file stats since content is the same!
[17:07:59.295] [trace] [t:96] Calling InitCallbackList
[17:07:59.295] [trace] [t:96] Received completion queue callback
[17:07:59.295] [trace] [t:96] Handling async callback 
[17:07:59.296] [info] [t:96] SyncEngine: Fetching contention.txt
[17:07:59.297] [info] [t:96] [Fetch] Only fetch file stats since content is the same!
[17:07:59.297] [trace] [t:96] Calling InitCallbackList
[17:07:59.298] [trace] [t:96] Received completion queue callback
[17:07:59.298] [trace] [t:96] Handling async callback 
[17:07:59.298] [info] [t:96] SyncEngine: Fetching contention.txt
[17:07:59.299] [info] [t:96] [Fetch] Only fetch file stats since content is the same!
[17:07:59.299] [trace] [t:96] Calling InitCallbackList
[17:07:59.300] [trace] [t:96] Received completion queue callback
[17:07:59.300] [trace] [t:96] Handling async callback 
[17:07:59.300] [info] [t:96] SyncEngine: Fetching contention.txt
[17:07:59.301] [info] [t:96] [Fetch] Only fetch file stats since content is the same!
[17:07:59.301] [trace] [t:96] Calling InitCallbackList
[17:07:59.302] [trace] [t:96] Received completion queue callback
[17:07:59.302] [trace] [t:96] Handling async callback 
[17:07:59.302] [info] [t:96] SyncEngine: Fetching contention.txt
[17:07:59.304] [info] [t:96] [Fetch] Only fetch file stats since content is the same!
[17:07:59.304] [trace] [t:96] Calling InitCallbackList
[17:07:59.305] [trace] [t:96] Received completion queue callback
[17:07:59.305] [trace] [t:96] Handling async callback 
[17:07:59.305] [info] [t:96] SyncEngine: Fetching contention.txt
[17:07:59.306] [info] [t:96] [Fetch] Only fetch file stats since content is the same!
[17:07:59.306] [trace] [t:96] Calling InitCallbackList
[17:07:59.307] [trace] [t:96] Received completion queue callback
[17:07:59.307] [trace] [t:96] Handling async callback 
[17:07:59.307] [info] [t:96] SyncEngine: Fetching contention.txt
[17:07:59.308] [info] [t:96] [Fetch] Only fetch file stats since content is the same!
[17:07:59.308] [trace] [t:96] Calling InitCallbackList
[17:07:59.309] [trace] [t:96] Received completion queue callback
[17:07:59.309] [trace] [t:96] Handling async callback 
[17:07:59.309] [info] [t:96] SyncEngine: Fetching contention.txt
[17:07:59.310] [info] [t:96] [Fetch] Only fetch file stats since content is the same!
[17:07:59.310] [trace] [t:96] Calling InitCallbackList
[17:07:59.311] [trace] [t:96] Received completion queue callback
[17:07:59.311] [trace] [t:96] Handling async callback 
[17:07:59.311] [info] [t:96] SyncEngine: Fetching contention.txt
[17:07:59.313] [info] [t:96] [Fetch] Only fetch file stats since content is the same!
[17:07:59.313] [trace] [t:96] Calling InitCallbackList
[17:07:59.315] [trace] [t:96] Received completion queue callback
[17:07:59.315] [trace] [t:96] Handling async callback 
[17:07:59.315] [info] [t:96] SyncEngine: Fetching contention.txt
[17:07:59.316] [info] [t:96] [Fetch] Only fetch file stats since content is the same!
[17:07:59.316] [trace] [t:96] Calling InitCallbackList
[17:07:59.317] [trace] [t:96] Received completion queue callback
[17:07:59.317] [trace] [t:96] Handling async callback 
[17:07:59.318] [info] [t:96] SyncEngine: Fetching contention.txt
[17:07:59.319] [info] [t:96] [Fetch] Only fetch file stats since content is the same!
[17:07:59.319] [trace] [t:96] Calling InitCallbackList
[17:07:59.321] [trace] [t:96] Received completion queue callback
[17:07:59.321] [trace] [t:96] Handling async callback 
[17:07:59.321] [info] [t:96] SyncEngine: Fetching contention.txt
[17:07:59.322] [info] [t:96] [Fetch] Only fetch file stats since content is the same!
[17:07:59.322] [trace] [t:96] Calling InitCallbackList
[17:07:59.323] [trace] [t:96] Received completion queue callback
[17:07:59.323] [trace] [t:96] Handling async callback 
[17:07:59.323] [info] [t:96] SyncEngine: Fetching contention.txt
[17:07:59.324] [info] [t:96] [Fetch] Only fetch file stats since content is the same!
[17:07:59.324] [trace] [t:96] Calling InitCallbackList
[17:07:59.325] [trace] [t:96] Received completion queue callback
[17:07:59.325] [trace] [t:96] Handling async callback 
[17:07:59.325] [info] [t:96] SyncEngine: Fetching contention.txt
[17:07:59.326] [info] [t:96] [Fetch] Only fetch file stats since content is the same!
[17:07:59.326] [trace] [t:96] Calling InitCallbackList
[17:07:59.327] [trace] [t:96] Received completion queue callback
[17:07:59.327] [trace] [t:96] Handling async callback 
[17:07:59.327] [info] [t:96] SyncEngine: Fetching contention.txt
[17:07:59.328] [info] [t:96] [Fetch] Only fetch file stats since content is the same!
[17:07:59.328] [trace] [t:96] Calling InitCallbackList
[17:07:59.329] [trace] [t:96] Received completion queue callback
[17:07:59.329] [trace] [t:96] Handling async callback 
[17:07:59.329] [info] [t:96] SyncEngine: Fetching contention.txt
[17:07:59.330] [info] [t:96] [Fetch] Only fetch file stats since content is the same!
[17:07:59.330] [trace] [t:96] Calling InitCallbackList
[17:07:59.331] [trace] [t:96] Received completion queue callback
[17:07:59.331] [trace] [t:96] Handling async callback 
[17:07:59.331] [info] [t:96] SyncEngine: Fetching contention.txt
[17:07:59.332] [info] [t:96] [Fetch] Only fetch file stats since content is the same!
[17:07:59.332] [trace] [t:96] Calling InitCallbackList
[17:07:59.333] [trace] [t:96] Received completion queue callback
[17:07:59.333] [trace] [t:96] Handling async callback 
[17:07:59.333] [info] [t:96] SyncEngine: Fetching contention.txt
[17:07:59.334] [info] [t:96] [Fetch] Only fetch file stats since content is the same!
[17:07:59.334] [trace] [t:96] Calling InitCallbackList
[17:07:59.335] [trace] [t:96] Received completion queue callback
[17:07:59.335] [trace] [t:96] Handling async callback 
[17:07:59.335] [info] [t:96] SyncEngine: Fetching contention.txt
[17:07:59.336] [info] [t:96] [Fetch] Only fetch file stats since content is the same!
[17:07:59.336] [trace] [t:96] Calling InitCallbackList
[17:07:59.338] [trace] [t:96] Received completion queue callback
[17:07:59.338] [trace] [t:96] Handling async callback 
[17:07:59.338] [info] [t:96] SyncEngine: Fetching contention.txt
[17:07:59.339] [info] [t:96] [Fetch] Only fetch file stats since content is the same!
[17:07:59.339] [trace] [t:96] Calling InitCallbackList
[17:07:59.340] [trace] [t:96] Received completion queue callback
[17:07:59.340] [trace] [t:96] Handling async callback 
[17:07:59.340] [info] [t:96] SyncEngine: Fetching contention.txt
[17:07:59.341] [info] [t:96] [Fetch] Only fetch file stats since content is the same!
[17:07:59.342] [trace] [t:96] Calling InitCallbackList
[17:07:59.342] [trace] [t:96] Received completion queue callback
[17:07:59.342] [trace] [t:96] Handling async callback 
[17:07:59.342] [info] [t:96] SyncEngine: Fetching contention.txt
[17:07:59.344] [info] [t:96] [Fetch] Only fetch file stats since content is the same!
[17:07:59.344] [trace] [t:96] Calling InitCallbackList
[17:07:59.345] [trace] [t:96] Received completion queue callback
[17:07:59.345] [trace] [t:96] Handling async callback 
[17:07:59.345] [info] [t:96] SyncEngine: Fetching contention.txt
[17:07:59.346] [info] [t:96] [Fetch] Only fetch file stats since content is the same!
[17:07:59.347] [trace] [t:96] Calling InitCallbackList
[17:07:59.347] [trace] [t:96] Received completion queue callback
[17:07:59.347] [trace] [t:96] Handling async callback 
[17:07:59.347] [info] [t:96] SyncEngine: Fetching contention.txt
[17:07:59.348] [info] [t:96] [Fetch] Only fetch file stats since content is the same!
[17:07:59.349] [trace] [t:96] Calling InitCallbackList
[17:07:59.349] [trace] [t:96] Received completion queue callback
[17:07:59.349] [trace] [t:96] Handling async callback 
[17:07:59.349] [info] [t:96] SyncEngine: Fetching contention.txt
[17:07:59.351] [info] [t:96] [Fetch] Only fetch file stats since content is the same!
[17:07:59.351] [trace] [t:96] Calling InitCallbackList
[17:07:59.352] [trace] [t:96] Received completion queue callback
[17:07:59.352] [trace] [t:96] Handling async callback 
[17:07:59.352] [info] [t:96] SyncEngine: Fetching contention.txt
[17:07:59.353] [info] [t:96] [Fetch] Only fetch file stats since content is the same!
[17:07:59.353] [trace] [t:96] Calling InitCallbackList
[17:07:59.354] [trace] [t:96] Received completion queue callback
[17:07:59.354] [trace] [t:96] Handling async callback 
[17:07:59.354] [info] [t:96] SyncEngine: Fetching contention.txt
[17:07:59.355] [info] [t:96] [Fetch] Only fetch file stats since content is the same!
[17:07:59.355] [trace] [t:96] Calling InitCallbackList
[17:07:59.357] [trace] [t:96] Received completion queue callback
[17:07:59.357] [trace] [t:96] Handling async callback 
[17:07:59.357] [info] [t:96] SyncEngine: Fetching contention.txt
[17:07:59.358] [info] [t:96] [Fetch] Only fetch file stats since content is the same!
[17:07:59.358] [trace] [t:96] Calling InitCallbackList
[17:07:59.359] [trace] [t:96] Received completion queue callback
[17:07:59.359] [trace] [t:96] Handling async callback 
[17:07:59.359] [info] [t:96] SyncEngine: Fetching contention.txt
[17:07:59.360] [info] [t:96] [Fetch] Only fetch file stats since content is the same!
[17:07:59.360] [trace] [t:96] Calling InitCallbackList
[17:07:59.361] [trace] [t:96] Received completion queue callback
[17:07:59.361] [trace] [t:96] Handling async callback 
[17:07:59.361] [info] [t:96] SyncEngine: Fetching contention.txt
[17:07:59.362] [info] [t:96] [Fetch] Only fetch file stats since content is the same!
[17:07:59.362] [trace] [t:96] Calling InitCallbackList
[17:07:59.364] [trace] [t:96] Received completion queue callback
[17:07:59.364] [trace] [t:96] Handling async callback 
[17:07:59.364] [info] [t:96] SyncEngine: Fetching contention.txt
[17:07:59.365] [info] [t:96] [Fetch] Only fetch file stats since content is the same!
[17:07:59.366] [trace] [t:96] Calling InitCallbackList
[17:07:59.366] [trace] [t:96] Received completion queue callback
[17:07:59.366] [trace] [t:96] Handling async callback 
[17:07:59.366] [info] [t:96] SyncEngine: Fetching contention.txt
[17:07:59.367] [info] [t:96] [Fetch] Only fetch file stats since content is the same!
[17:07:59.367] [trace] [t:96] Calling InitCallbackList
[17:07:59.368] [trace] [t:96] Received completion queue callback
[17:07:59.368] [trace] [t:96] Handling async callback 
[17:07:59.368] [info] [t:96] SyncEngine: Fetching contention.txt
[17:07:59.370] [info] [t:96] [Fetch] Only fetch file stats since content is the same!
[17:07:59.370] [trace] [t:96] Calling InitCallbackList
[17:07:59.371] [trace] [t:96] Received completion queue callback
[17:07:59.371] [trace] [t:96] Handling async callback 
[17:07:59.371] [info] [t:96] SyncEngine: Fetching contention.txt
[17:07:59.372] [info] [t:96] [Fetch] Only fetch file stats since content is the same!
[17:07:59.372] [trace] [t:96] Calling InitCallbackList
[17:07:59.373] [trace] [t:96] Received completion queue callback
[17:07:59.373] [trace] [t:96] Handling async callback 
[17:07:59.373] [info] [t:96] SyncEngine: Fetching contention.txt
[17:07:59.374] [info] [t:96] [Fetch] Only fetch file stats since content is the same!
[17:07:59.374] [trace] [t:96] Calling InitCallbackList
[17:07:59.375] [trace] [t:96] Received completion queue callback
[17:07:59.375] [trace] [t:96] Handling async callback 
[17:07:59.375] [info] [t:96] SyncEngine: Fetching contention.txt
[17:07:59.376] [info] [t:96] [Fetch] Only fetch file stats since content is the same!
[17:07:59.376] [trace] [t:96] Calling InitCallbackList
[17:07:59.377] [trace] [t:96] Received completion queue callback
[17:07:59.377] [trace] [t:96] Handling async callback 
[17:07:59.378] [info] [t:96] SyncEngine: Fetching contention.txt
[17:07:59.378] [info] [t:96] [Fetch] Only fetch file stats since content is the same!
[17:07:59.379] [trace] [t:96] Calling InitCallbackList
[17:07:59.380] [trace] [t:96] Received completion queue callback
[17:07:59.380] [trace] [t:96] Handling async callback 
[17:07:59.380] [info] [t:96] SyncEngine: Fetching contention.txt
[17:07:59.381] [info] [t:96] [Fetch] Only fetch file stats since content is the same!
[17:07:59.381] [trace] [t:96] Calling InitCallbackList
[17:07:59.382] [trace] [t:96] Received completion queue callback
[17:07:59.382] [trace] [t:96] Handling async callback 
[17:07:59.382] [info] [t:96] SyncEngine: Fetching contention.txt
[17:07:59.383] [info] [t:96] [Fetch] Only fetch file stats since content is the same!
[17:07:59.383] [trace] [t:96] Calling InitCallbackList
[17:07:59.384] [trace] [t:96] Received completion queue callback
[17:07:59.384] [trace] [t:96] Handling async callback 
[17:07:59.384] [info] [t:96] SyncEngine: Fetching contention.txt
[17:07:59.385] [info] [t:96] [Fetch] Only fetch file stats since content is the same!
[17:07:59.385] [trace] [t:96] Calling InitCallbackList
[17:07:59.386] [trace] [t:96] Received completion queue callback
[17:07:59.386] [trace] [t:96] Handling async callback 
[17:07:59.386] [info] [t:96] SyncEngine: Fetching contention.txt
[17:07:59.388] [info] [t:96] [Fetch] Only fetch file stats since content is the same!
[17:07:59.388] [trace] [t:96] Calling InitCallbackList
[17:07:59.389] [trace] [t:96] Received completion queue callback
[17:07:59.389] [trace] [t:96] Handling async callback 
[17:07:59.389] [info] [t:96] SyncEngine: Fetching contention.txt
[17:07:59.391] [info] [t:96] [Fetch] Only fetch file stats since content is the same!
[17:07:59.391] [trace] [t:96] Calling InitCallbackList
[17:07:59.392] [trace] [t:96] Received completion queue callback
[17:07:59.392] [trace] [t:96] Handling async callback 
[17:07:59.393] [info] [t:96] SyncEngine: Fetching contention.txt
[17:07:59.394] [info] [t:96] [Fetch] Only fetch file stats since content is the same!
[17:07:59.394] [trace] [t:96] Calling InitCallbackList
[17:07:59.395] [trace] [t:96] Received completion queue callback
[17:07:59.395] [trace] [t:96] Handling async callback 
[17:07:59.395] [info] [t:96] SyncEngine: Fetching contention.txt
[17:07:59.396] [info] [t:96] [Fetch] Only fetch file stats since content is the same!
[17:07:59.396] [trace] [t:96] Calling InitCallbackList
[17:07:59.397] [trace] [t:96] Received completion queue callback
[17:07:59.397] [trace] [t:96] Handling async callback 
[17:07:59.397] [info] [t:96] SyncEngine: Fetching contention.txt
[17:07:59.399] [info] [t:96] [Fetch] Only fetch file stats since content is the same!
[17:07:59.399] [trace] [t:96] Calling InitCallbackList
[17:07:59.400] [trace] [t:96] Received completion queue callback
[17:07:59.400] [trace] [t:96] Handling async callback 
[17:07:59.400] [info] [t:96] SyncEngine: Fetching contention.txt
[17:07:59.401] [info] [t:96] [Fetch] Only fetch file stats since content is the same!
[17:07:59.401] [trace] [t:96] Calling InitCallbackList
[17:07:59.403] [trace] [t:96] Received completion queue callback
[17:07:59.403] [trace] [t:96] Handling async callback 
[17:07:59.403] [info] [t:96] SyncEngine: Fetching contention.txt
[17:07:59.405] [info] [t:96] [Fetch] Only fetch file stats since content is the same!
[17:07:59.405] [trace] [t:96] Calling InitCallbackList
[17:07:59.406] [trace] [t:96] Received completion queue callback
[17:07:59.406] [trace] [t:96] Handling async callback 
[17:07:59.406] [info] [t:96] SyncEngine: Fetching contention.txt
[17:07:59.407] [info] [t:96] [Fetch] Only fetch file stats since content is the same!
[17:07:59.407] [trace] [t:96] Calling InitCallbackList
[17:07:59.409] [trace] [t:96] Received completion queue callback
[17:07:59.409] [trace] [t:96] Handling async callback 
[17:07:59.409] [info] [t:96] SyncEngine: Fetching contention.txt
[17:07:59.410] [info] [t:96] [Fetch] Only fetch file stats since content is the same!
[17:07:59.410] [trace] [t:96] Calling InitCallbackList
[17:07:59.411] [trace] [t:96] Received completion queue callback
[17:07:59.411] [trace] [t:96] Handling async callback 
[17:07:59.411] [info] [t:96] SyncEngine: Fetching contention.txt
[17:07:59.413] [info] [t:96] [Fetch] Only fetch file stats since content is the same!
[17:07:59.413] [trace] [t:96] Calling InitCallbackList
[17:07:59.414] [trace] [t:96] Received completion queue callback
[17:07:59.414] [trace] [t:96] Handling async callback 
[17:07:59.414] [info] [t:96] SyncEngine: Fetching contention.txt
[17:07:59.416] [info] [t:96] [Fetch] Only fetch file stats since content is the same!
[17:07:59.416] [trace] [t:96] Calling InitCallbackList
[17:07:59.417] [trace] [t:96] Received completion queue callback
[17:07:59.417] [trace] [t:96] Handling async callback 
[17:07:59.417] [info] [t:96] SyncEngine: Fetching contention.txt
[17:07:59.418] [info] [t:96] [Fetch] Only fetch file stats since content is the same!
[17:07:59.418] [trace] [t:96] Calling InitCallbackList
[17:07:59.419] [trace] [t:96] Received completion queue callback
[17:07:59.419] [trace] [t:96] Handling async callback 
[17:07:59.419] [info] [t:96] SyncEngine: Fetching contention.txt
[17:07:59.420] [info] [t:96] [Fetch] Only fetch file stats since content is the same!
[17:07:59.420] [trace] [t:96] Calling InitCallbackList
[17:07:59.421] [trace] [t:96] Received completion queue callback
[17:07:59.421] [trace] [t:96] Handling async callback 
[17:07:59.421] [info] [t:96] SyncEngine: Fetching contention.txt
[17:07:59.422] [info] [t:96] [Fetch] Only fetch file stats since content is the same!
[17:07:59.422] [trace] [t:96] Calling InitCallbackList
[17:07:59.423] [trace] [t:96] Received completion queue callback
[17:07:59.423] [trace] [t:96] Handling async callback 
[17:07:59.423] [info] [t:96] SyncEngine: Fetching contention.txt
[17:07:59.425] [info] [t:96] [Fetch] Only fetch file stats since content is the same!
[17:07:59.425] [trace] [t:96] Calling InitCallbackList
[17:07:59.426] [trace] [t:96] Received completion queue callback
[17:07:59.426] [trace] [t:96] Handling async callback 
[17:07:59.426] [info] [t:96] SyncEngine: Fetching contention.txt
[17:07:59.427] [info] [t:96] [Fetch] Only fetch file stats since content is the same!
[17:07:59.427] [trace] [t:96] Calling InitCallbackList
[17:07:59.429] [trace] [t:96] Received completion queue callback
[17:07:59.429] [trace] [t:96] Handling async callback 
[17:07:59.429] [info] [t:96] SyncEngine: Fetching contention.txt
[17:07:59.430] [info] [t:96] [Fetch] Only fetch file stats since content is the same!
[17:07:59.430] [trace] [t:96] Calling InitCallbackList
[17:07:59.430] [trace] [t:96] Received completion queue callback
[17:07:59.430] [trace] [t:96] Handling async callback 
[17:07:59.430] [info] [t:96] SyncEngine: Fetching contention.txt
[17:07:59.431] [info] [t:96] [Fetch] Only fetch file stats since content is the same!
[17:07:59.431] [trace] [t:96] Calling InitCallbackList
[17:07:59.432] [trace] [t:96] Received completion queue callback
[17:07:59.432] [trace] [t:96] Handling async callback 
[17:07:59.432] [info] [t:96] SyncEngine: Fetching contention.txt
[17:07:59.433] [info] [t:96] [Fetch] Only fetch file stats since content is the same!
[17:07:59.433] [trace] [t:96] Calling InitCallbackList
[17:07:59.434] [trace] [t:96] Received completion queue callback
[17:07:59.434] [trace] [t:96] Handling async callback 
[17:07:59.434] [info] [t:96] SyncEngine: Fetching contention.txt
[17:07:59.435] [info] [t:96] [Fetch] Only fetch file stats since content is the same!
[17:07:59.435] [trace] [t:96] Calling InitCallbackList
[17:07:59.436] [trace] [t:96] Received completion queue callback
[17:07:59.436] [trace] [t:96] Handling async callback 
[17:07:59.436] [info] [t:96] SyncEngine: Fetching contention.txt
[17:07:59.437] [info] [t:96] [Fetch] Only fetch file stats since content is the same!
[17:07:59.438] [trace] [t:96] Calling InitCallbackList
[17:07:59.439] [trace] [t:96] Received completion queue callback
[17:07:59.439] [trace] [t:96] Handling async callback 
[17:07:59.439] [info] [t:96] SyncEngine: Fetching contention.txt
[17:07:59.440] [info] [t:96] [Fetch] Only fetch file stats since content is the same!
[17:07:59.440] [trace] [t:96] Calling InitCallbackList
[17:07:59.442] [trace] [t:96] Received completion queue callback
[17:07:59.442] [trace] [t:96] Handling async callback 
[17:07:59.442] [info] [t:96] SyncEngine: Fetching contention.txt
[17:07:59.444] [info] [t:96] [Fetch] Only fetch file stats since content is the same!
[17:07:59.444] [trace] [t:96] Calling InitCallbackList
[17:07:59.445] [trace] [t:96] Received completion queue callback
[17:07:59.445] [trace] [t:96] Handling async callback 
[17:07:59.445] [info] [t:96] SyncEngine: Fetching contention.txt
[17:07:59.447] [info] [t:96] [Fetch] Only fetch file stats since content is the same!
[17:07:59.447] [trace] [t:96] Calling InitCallbackList
[17:07:59.448] [trace] [t:96] Received completion queue callback
[17:07:59.448] [trace] [t:96] Handling async callback 
[17:07:59.448] [info] [t:96] SyncEngine: Fetching contention.txt
[17:07:59.449] [info] [t:96] [Fetch] Only fetch file stats since content is the same!
[17:07:59.450] [trace] [t:96] Calling InitCallbackList
[17:07:59.451] [trace] [t:96] Received completion queue callback
[17:07:59.451] [trace] [t:96] Handling async callback 
[17:07:59.451] [info] [t:96] SyncEngine: Fetching contention.txt
[17:07:59.452] [info] [t:96] [Fetch] Only fetch file stats since content is the same!
[17:07:59.452] [trace] [t:96] Calling InitCallbackList
[17:07:59.453] [trace] [t:96] Received completion queue callback
[17:07:59.453] [trace] [t:96] Handling async callback 
[17:07:59.453] [info] [t:96] SyncEngine: Fetching contention.txt
[17:07:59.455] [info] [t:96] [Fetch] Only fetch file stats since content is the same!
[17:07:59.455] [trace] [t:96] Calling InitCallbackList
[17:07:59.456] [trace] [t:96] Received completion queue callback
[17:07:59.456] [trace] [t:96] Handling async callback 
[17:07:59.456] [info] [t:96] SyncEngine: Fetching contention.txt
[17:07:59.458] [info] [t:96] [Fetch] Only fetch file stats since content is the same!
[17:07:59.458] [trace] [t:96] Calling InitCallbackList
[17:07:59.459] [trace] [t:96] Received completion queue callback
[17:07:59.459] [trace] [t:96] Handling async callback 
[17:07:59.459] [info] [t:96] SyncEngine: Fetching contention.txt
[17:07:59.461] [info] [t:96] [Fetch] Only fetch file stats since content is the same!
[17:07:59.461] [trace] [t:96] Calling InitCallbackList
[17:07:59.462] [trace] [t:96] Received completion queue callback
[17:07:59.462] [trace] [t:96] Handling async callback 
[17:07:59.462] [info] [t:96] SyncEngine: Fetching contention.txt
[17:07:59.463] [info] [t:96] [Fetch] Only fetch file stats since content is the same!
[17:07:59.463] [trace] [t:96] Calling InitCallbackList
[17:07:59.464] [trace] [t:96] Received completion queue callback
[17:07:59.464] [trace] [t:96] Handling async callback 
[17:07:59.464] [info] [t:96] SyncEngine: Fetching contention.txt
[17:07:59.466] [info] [t:96] [Fetch] Only fetch file stats since content is the same!
[17:07:59.466] [trace] [t:96] Calling InitCallbackList
[17:07:59.467] [trace] [t:96] Received completion queue callback
[17:07:59.467] [trace] [t:96] Handling async callback 
[17:07:59.467] [info] [t:96] SyncEngine: Fetching contention.txt
[17:07:59.468] [info] [t:96] [Fetch] Only fetch file stats since content is the same!
[17:07:59.468] [trace] [t:96] Calling InitCallbackList
[17:07:59.469] [trace] [t:96] Received completion queue callback
[17:07:59.469] [trace] [t:96] Handling async callback 
[17:07:59.469] [info] [t:96] SyncEngine: Fetching contention.txt
[17:07:59.470] [info] [t:96] [Fetch] Only fetch file stats since content is the same!
[17:07:59.470] [trace] [t:96] Calling InitCallbackList
[17:07:59.471] [trace] [t:96] Received completion queue callback
[17:07:59.471] [trace] [t:96] Handling async callback 
[17:07:59.471] [info] [t:96] SyncEngine: Fetching contention.txt
[17:07:59.472] [info] [t:96] [Fetch] Only fetch file stats since content is the same!
[17:07:59.472] [trace] [t:96] Calling InitCallbackList
[17:07:59.473] [trace] [t:96] Received completion queue callback
[17:07:59.473] [trace] [t:96] Handling async callback 
[17:07:59.473] [info] [t:96] SyncEngine: Fetching contention.txt
[17:07:59.474] [info] [t:96] [Fetch] Only fetch file stats since content is the same!
[17:07:59.474] [trace] [t:96] Calling InitCallbackList
[17:07:59.475] [trace] [t:96] Received completion queue callback
[17:07:59.475] [trace] [t:96] Handling async callback 
[17:07:59.475] [info] [t:96] SyncEngine: Fetching contention.txt
[17:07:59.476] [info] [t:96] [Fetch] Only fetch file stats since content is the same!
[17:07:59.476] [trace] [t:96] Calling InitCallbackList
[17:07:59.478] [trace] [t:96] Received completion queue callback
[17:07:59.478] [trace] [t:96] Handling async callback 
[17:07:59.478] [info] [t:96] SyncEngine: Fetching contention.txt
[17:07:59.479] [info] [t:96] [Fetch] Only fetch file stats since content is the same!
[17:07:59.480] [trace] [t:96] Calling InitCallbackList
[17:07:59.480] [trace] [t:96] Received completion queue callback
[17:07:59.480] [trace] [t:96] Handling async callback 
[17:07:59.481] [info] [t:96] SyncEngine: Fetching contention.txt
[17:07:59.482] [info] [t:96] [Fetch] Only fetch file stats since content is the same!
[17:07:59.482] [trace] [t:96] Calling InitCallbackList
[17:07:59.482] [trace] [t:96] Received completion queue callback
[17:07:59.482] [trace] [t:96] Handling async callback 
[17:07:59.483] [info] [t:96] SyncEngine: Fetching contention.txt
[17:07:59.483] [info] [t:96] [Fetch] Only fetch file stats since content is the same!
[17:07:59.483] [trace] [t:96] Calling InitCallbackList
[17:07:59.484] [trace] [t:96] Received completion queue callback
[17:07:59.484] [trace] [t:96] Handling async callback 
[17:07:59.484] [info] [t:96] SyncEngine: Fetching contention.txt
[17:07:59.486] [info] [t:96] [Fetch] Only fetch file stats since content is the same!
[17:07:59.486] [trace] [t:96] Calling InitCallbackList
[17:07:59.488] [trace] [t:96] Received completion queue callback
[17:07:59.488] [trace] [t:96] Handling async callback 
[17:07:59.488] [info] [t:96] SyncEngine: Fetching contention.txt
[17:07:59.489] [info] [t:96] [Fetch] Only fetch file stats since content is the same!
[17:07:59.489] [trace] [t:96] Calling InitCallbackList
[17:07:59.490] [trace] [t:96] Received completion queue callback
[17:07:59.490] [trace] [t:96] Handling async callback 
[17:07:59.490] [info] [t:96] SyncEngine: Fetching contention.txt
[17:07:59.491] [info] [t:96] [Fetch] Only fetch file stats since content is the same!
[17:07:59.491] [trace] [t:96] Calling InitCallbackList
[17:07:59.492] [trace] [t:96] Received completion queue callback
[17:07:59.493] [trace] [t:96] Handling async callback 
[17:07:59.493] [info] [t:96] SyncEngine: Fetching contention.txt
[17:07:59.493] [info] [t:96] [Fetch] Only fetch file stats since content is the same!
[17:07:59.494] [trace] [t:96] Calling InitCallbackList
[17:07:59.494] [trace] [t:96] Received completion queue callback
[17:07:59.495] [trace] [t:96] Handling async callback 
[17:07:59.495] [info] [t:96] SyncEngine: Fetching contention.txt
[17:07:59.497] [info] [t:96] [Fetch] Only fetch file stats since content is the same!
[17:07:59.497] [trace] [t:96] Calling InitCallbackList
[17:07:59.498] [trace] [t:96] Received completion queue callback
[17:07:59.498] [trace] [t:96] Handling async callback 
[17:07:59.498] [info] [t:96] SyncEngine: Fetching contention.txt
[17:07:59.499] [info] [t:96] [Fetch] Only fetch file stats since content is the same!
[17:07:59.499] [trace] [t:96] Calling InitCallbackList
[17:07:59.500] [trace] [t:96] Received completion queue callback
[17:07:59.500] [trace] [t:96] Handling async callback 
[17:07:59.500] [info] [t:96] SyncEngine: Fetching contention.txt
[17:07:59.502] [info] [t:96] [Fetch] Only fetch file stats since content is the same!
[17:07:59.502] [trace] [t:96] Calling InitCallbackList
[17:07:59.503] [trace] [t:96] Received completion queue callback
[17:07:59.503] [trace] [t:96] Handling async callback 
[17:07:59.503] [info] [t:96] SyncEngine: Fetching contention.txt
[17:07:59.504] [info] [t:96] [Fetch] Only fetch file stats since content is the same!
[17:07:59.504] [trace] [t:96] Calling InitCallbackList
[17:07:59.505] [trace] [t:96] Received completion queue callback
[17:07:59.505] [trace] [t:96] Handling async callback 
[17:07:59.506] [info] [t:96] SyncEngine: Fetching contention.txt
[17:07:59.506] [info] [t:96] [Fetch] Only fetch file stats since content is the same!
[17:07:59.507] [trace] [t:96] Calling InitCallbackList
[17:07:59.507] [trace] [t:96] Received completion queue callback
[17:07:59.507] [trace] [t:96] Handling async callback 
[17:07:59.508] [info] [t:96] SyncEngine: Fetching contention.txt
[17:07:59.508] [info] [t:96] [Fetch] Only fetch file stats since content is the same!
[17:07:59.509] [trace] [t:96] Calling InitCallbackList
[17:07:59.509] [trace] [t:96] Received completion queue callback
[17:07:59.509] [trace] [t:96] Handling async callback 
[17:07:59.509] [info] [t:96] SyncEngine: Fetching contention.txt
[17:07:59.511] [info] [t:96] [Fetch] Only fetch file stats since content is the same!
[17:07:59.511] [trace] [t:96] Calling InitCallbackList
[17:07:59.511] [trace] [t:96] Received completion queue callback
[17:07:59.511] [trace] [t:96] Handling async callback 
[17:07:59.511] [info] [t:96] SyncEngine: Fetching contention.txt
[17:07:59.513] [info] [t:96] [Fetch] Only fetch file stats since content is the same!
[17:07:59.513] [trace] [t:96] Calling InitCallbackList
[17:07:59.514] [trace] [t:96] Received completion queue callback
[17:07:59.514] [trace] [t:96] Handling async callback 
[17:07:59.514] [info] [t:96] SyncEngine: Fetching contention.txt
[17:07:59.516] [info] [t:96] [Fetch] Only fetch file stats since content is the same!
[17:07:59.516] [trace] [t:96] Calling InitCallbackList
[17:07:59.517] [trace] [t:96] Received completion queue callback
[17:07:59.517] [trace] [t:96] Handling async callback 
[17:07:59.517] [info] [t:96] SyncEngine: Fetching contention.txt
[17:07:59.518] [info] [t:96] [Fetch] Only fetch file stats since content is the same!
[17:07:59.518] [trace] [t:96] Calling InitCallbackList
[17:07:59.519] [trace] [t:96] Received completion queue callback
[17:07:59.519] [trace] [t:96] Handling async callback 
[17:07:59.519] [info] [t:96] SyncEngine: Fetching contention.txt
[17:07:59.520] [info] [t:96] [Fetch] Only fetch file stats since content is the same!
[17:07:59.520] [trace] [t:96] Calling InitCallbackList
[17:07:59.521] [trace] [t:96] Received completion queue callback
[17:07:59.521] [trace] [t:96] Handling async callback 
[17:07:59.521] [info] [t:96] SyncEngine: Fetching contention.txt
[17:07:59.522] [info] [t:96] [Fetch] Only fetch file stats since content is the same!
[17:07:59.522] [trace] [t:96] Calling InitCallbackList
[17:07:59.523] [trace] [t:96] Received completion queue callback
[17:07:59.523] [trace] [t:96] Handling async callback 
[17:07:59.524] [info] [t:96] SyncEngine: Fetching contention.txt
[17:07:59.524] [info] [t:96] [Fetch] Only fetch file stats since content is the same!
[17:07:59.524] [trace] [t:96] Calling InitCallbackList
[17:07:59.525] [trace] [t:96] Received completion queue callback
[17:07:59.525] [trace] [t:96] Handling async callback 
[17:07:59.525] [info] [t:96] SyncEngine: Fetching contention.txt
[17:07:59.526] [info] [t:96] [Fetch] Only fetch file stats since content is the same!
[17:07:59.526] [trace] [t:96] Calling InitCallbackList
[17:07:59.527] [trace] [t:96] Received completion queue callback
[17:07:59.527] [trace] [t:96] Handling async callback 
[17:07:59.528] [info] [t:96] SyncEngine: Fetching contention.txt
[17:07:59.529] [info] [t:96] [Fetch] Only fetch file stats since content is the same!
[17:07:59.529] [trace] [t:96] Calling InitCallbackList
[17:07:59.530] [trace] [t:96] Received completion queue callback
[17:07:59.530] [trace] [t:96] Handling async callback 
[17:07:59.530] [info] [t:96] SyncEngine: Fetching contention.txt
[17:07:59.531] [info] [t:96] [Fetch] Only fetch file stats since content is the same!
[17:07:59.531] [trace] [t:96] Calling InitCallbackList
[17:07:59.532] [trace] [t:96] Received completion queue callback
[17:07:59.532] [trace] [t:96] Handling async callback 
[17:07:59.532] [info] [t:96] SyncEngine: Fetching contention.txt
[17:07:59.533] [info] [t:96] [Fetch] Only fetch file stats since content is the same!
[17:07:59.534] [trace] [t:96] Calling InitCallbackList
[17:07:59.534] [trace] [t:96] Received completion queue callback
[17:07:59.534] [trace] [t:96] Handling async callback 
[17:07:59.535] [info] [t:96] SyncEngine: Fetching contention.txt
[17:07:59.536] [info] [t:96] [Fetch] Only fetch file stats since content is the same!
[17:07:59.536] [trace] [t:96] Calling InitCallbackList
[17:07:59.537] [trace] [t:96] Received completion queue callback
[17:07:59.537] [trace] [t:96] Handling async callback 
[17:07:59.537] [info] [t:96] SyncEngine: Fetching contention.txt
[17:07:59.538] [info] [t:96] [Fetch] Only fetch file stats since content is the same!
[17:07:59.538] [trace] [t:96] Calling InitCallbackList
[17:07:59.539] [trace] [t:96] Received completion queue callback
[17:07:59.539] [trace] [t:96] Handling async callback 
[17:07:59.539] [info] [t:96] SyncEngine: Fetching contention.txt
[17:07:59.541] [info] [t:96] [Fetch] Only fetch file stats since content is the same!
[17:07:59.541] [trace] [t:96] Calling InitCallbackList
[17:07:59.542] [trace] [t:96] Received completion queue callback
[17:07:59.542] [trace] [t:96] Handling async callback 
[17:07:59.542] [info] [t:96] SyncEngine: Fetching contention.txt
[17:07:59.543] [info] [t:96] [Fetch] Only fetch file stats since content is the same!
[17:07:59.543] [trace] [t:96] Calling InitCallbackList
[17:07:59.544] [trace] [t:96] Received completion queue callback
[17:07:59.544] [trace] [t:96] Handling async callback 
[17:07:59.544] [info] [t:96] SyncEngine: Fetching contention.txt
[17:07:59.545] [info] [t:96] [Fetch] Only fetch file stats since content is the same!
[17:07:59.545] [trace] [t:96] Calling InitCallbackList
[17:07:59.546] [trace] [t:96] Received completion queue callback
[17:07:59.546] [trace] [t:96] Handling async callback 
[17:07:59.546] [info] [t:96] SyncEngine: Fetching contention.txt
[17:07:59.547] [info] [t:96] [Fetch] Only fetch file stats since content is the same!
[17:07:59.548] [trace] [t:96] Calling InitCallbackList
[17:07:59.549] [trace] [t:96] Received completion queue callback
[17:07:59.549] [trace] [t:96] Handling async callback 
[17:07:59.549] [info] [t:96] SyncEngine: Fetching contention.txt
[17:07:59.550] [info] [t:96] [Fetch] Only fetch file stats since content is the same!
[17:07:59.550] [trace] [t:96] Calling InitCallbackList
[17:07:59.552] [trace] [t:96] Received completion queue callback
[17:07:59.552] [trace] [t:96] Handling async callback 
[17:07:59.552] [info] [t:96] SyncEngine: Fetching contention.txt
[17:07:59.553] [info] [t:96] [Fetch] Only fetch file stats since content is the same!
[17:07:59.553] [trace] [t:96] Calling InitCallbackList
[17:07:59.553] [trace] [t:96] Received completion queue callback
[17:07:59.553] [trace] [t:96] Handling async callback 
[17:07:59.554] [info] [t:96] SyncEngine: Fetching contention.txt
[17:07:59.554] [info] [t:96] [Fetch] Only fetch file stats since content is the same!
[17:07:59.554] [trace] [t:96] Calling InitCallbackList
[17:07:59.555] [trace] [t:96] Received completion queue callback
[17:07:59.555] [trace] [t:96] Handling async callback 
[17:07:59.555] [info] [t:96] SyncEngine: Fetching contention.txt
[17:07:59.556] [info] [t:96] [Fetch] Only fetch file stats since content is the same!
[17:07:59.556] [trace] [t:96] Calling InitCallbackList
[17:07:59.557] [trace] [t:96] Received completion queue callback
[17:07:59.557] [trace] [t:96] Handling async callback 
[17:07:59.557] [info] [t:96] SyncEngine: Fetching contention.txt
[17:07:59.558] [info] [t:96] [Fetch] Only fetch file stats since content is the same!
[17:07:59.558] [trace] [t:96] Calling InitCallbackList
[17:07:59.558] [trace] [t:96] Received completion queue callback
[17:07:59.558] [trace] [t:96] Handling async callback 
[17:07:59.559] [info] [t:96] SyncEngine: Fetching contention.txt
[17:07:59.560] [info] [t:96] [Fetch] Only fetch file stats since content is the same!
[17:07:59.560] [trace] [t:96] Calling InitCallbackList
[17:07:59.561] [trace] [t:96] Received completion queue callback
[17:07:59.561] [trace] [t:96] Handling async callback 
[17:07:59.561] [info] [t:96] SyncEngine: Fetching contention.txt
[17:07:59.563] [info] [t:96] [Fetch] Only fetch file stats since content is the same!
[17:07:59.563] [trace] [t:96] Calling InitCallbackList
[17:07:59.565] [trace] [t:96] Received completion queue callback
[17:07:59.565] [trace] [t:96] Handling async callback 
[17:07:59.565] [info] [t:96] SyncEngine: Fetching contention.txt
[17:07:59.565] [info] [t:96] [Fetch] Only fetch file stats since content is the same!
[17:07:59.566] [trace] [t:96] Calling InitCallbackList
[17:07:59.567] [trace] [t:96] Received completion queue callback
[17:07:59.567] [trace] [t:96] Handling async callback 
[17:07:59.567] [info] [t:96] SyncEngine: Fetching contention.txt
[17:07:59.567] [info] [t:96] [Fetch] Only fetch file stats since content is the same!
[17:07:59.568] [trace] [t:96] Calling InitCallbackList
[17:07:59.569] [trace] [t:96] Received completion queue callback
[17:07:59.569] [trace] [t:96] Handling async callback 
[17:07:59.569] [info] [t:96] SyncEngine: Fetching contention.txt
[17:07:59.570] [info] [t:96] [Fetch] Only fetch file stats since content is the same!
[17:07:59.570] [trace] [t:96] Calling InitCallbackList
[17:07:59.570] [trace] [t:96] Received completion queue callback
[17:07:59.570] [trace] [t:96] Handling async callback 
[17:07:59.570] [info] [t:96] SyncEngine: Fetching contention.txt
[17:07:59.572] [info] [t:96] [Fetch] Only fetch file stats since content is the same!
[17:07:59.572] [trace] [t:96] Calling InitCallbackList
[17:07:59.573] [trace] [t:96] Received completion queue callback
[17:07:59.573] [trace] [t:96] Handling async callback 
[17:07:59.573] [info] [t:96] SyncEngine: Fetching contention.txt
[17:07:59.574] [info] [t:96] [Fetch] Only fetch file stats since content is the same!
[17:07:59.574] [trace] [t:96] Calling InitCallbackList
[17:07:59.575] [trace] [t:96] Received completion queue callback
[17:07:59.575] [trace] [t:96] Handling async callback 
[17:07:59.575] [info] [t:96] SyncEngine: Fetching contention.txt
[17:07:59.577] [info] [t:96] [Fetch] Only fetch file stats since content is the same!
[17:07:59.577] [trace] [t:96] Calling InitCallbackList
[17:07:59.578] [trace] [t:96] Received completion queue callback
[17:07:59.578] [trace] [t:96] Handling async callback 
[17:07:59.578] [info] [t:96] SyncEngine: Fetching contention.txt
[17:07:59.580] [info] [t:96] [Fetch] Only fetch file stats since content is the same!
[17:07:59.580] [trace] [t:96] Calling InitCallbackList
[17:07:59.581] [trace] [t:96] Received completion queue callback
[17:07:59.581] [trace] [t:96] Handling async callback 
[17:07:59.581] [info] [t:96] SyncEngine: Fetching contention.txt
[17:07:59.582] [info] [t:96] [Fetch] Only fetch file stats since content is the same!
[17:07:59.582] [trace] [t:96] Calling InitCallbackList
[17:07:59.583] [trace] [t:96] Received completion queue callback
[17:07:59.583] [trace] [t:96] Handling async callback 
[17:07:59.584] [info] [t:96] SyncEngine: Fetching contention.txt
[17:07:59.585] [info] [t:96] [Fetch] Only fetch file stats since content is the same!
[17:07:59.585] [trace] [t:96] Calling InitCallbackList
[17:07:59.586] [trace] [t:96] Received completion queue callback
[17:07:59.586] [trace] [t:96] Handling async callback 
[17:07:59.586] [info] [t:96] SyncEngine: Fetching contention.txt
[17:07:59.587] [info] [t:96] [Fetch] Only fetch file stats since content is the same!
[17:07:59.587] [trace] [t:96] Calling InitCallbackList
[17:07:59.588] [trace] [t:96] Received completion queue callback
[17:07:59.588] [trace] [t:96] Handling async callback 
[17:07:59.588] [info] [t:96] SyncEngine: Fetching contention.txt
[17:07:59.589] [info] [t:96] [Fetch] Only fetch file stats since content is the same!
[17:07:59.589] [trace] [t:96] Calling InitCallbackList
[17:07:59.590] [trace] [t:96] Received completion queue callback
[17:07:59.590] [trace] [t:96] Handling async callback 
[17:07:59.590] [info] [t:96] SyncEngine: Fetching contention.txt
[17:07:59.591] [info] [t:96] [Fetch] Only fetch file stats since content is the same!
[17:07:59.592] [trace] [t:96] Calling InitCallbackList
[17:07:59.593] [trace] [t:96] Received completion queue callback
[17:07:59.593] [trace] [t:96] Handling async callback 
[17:07:59.593] [info] [t:96] SyncEngine: Fetching contention.txt
[17:07:59.593] [info] [t:96] [Fetch] Only fetch file stats since content is the same!
[17:07:59.593] [trace] [t:96] Calling InitCallbackList
[17:07:59.594] [trace] [t:96] Received completion queue callback
[17:07:59.594] [trace] [t:96] Handling async callback 
[17:07:59.594] [info] [t:96] SyncEngine: Fetching contention.txt
[17:07:59.595] [info] [t:96] [Fetch] Only fetch file stats since content is the same!
[17:07:59.595] [trace] [t:96] Calling InitCallbackList
[17:07:59.597] [trace] [t:96] Received completion queue callback
[17:07:59.597] [trace] [t:96] Handling async callback 
[17:07:59.597] [info] [t:96] SyncEngine: Fetching contention.txt
[17:07:59.598] [info] [t:96] [Fetch] Only fetch file stats since content is the same!
[17:07:59.598] [trace] [t:96] Calling InitCallbackList
[17:07:59.599] [trace] [t:96] Received completion queue callback
[17:07:59.599] [trace] [t:96] Handling async callback 
[17:07:59.599] [info] [t:96] SyncEngine: Fetching contention.txt
[17:07:59.601] [info] [t:96] [Fetch] Only fetch file stats since content is the same!
[17:07:59.601] [trace] [t:96] Calling InitCallbackList
[17:07:59.603] [trace] [t:96] Received completion queue callback
[17:07:59.603] [trace] [t:96] Handling async callback 
[17:07:59.603] [info] [t:96] SyncEngine: Fetching contention.txt
[17:07:59.604] [info] [t:96] [Fetch] Only fetch file stats since content is the same!
[17:07:59.604] [trace] [t:96] Calling InitCallbackList
[17:07:59.605] [trace] [t:96] Received completion queue callback
[17:07:59.605] [trace] [t:96] Handling async callback 
[17:07:59.605] [info] [t:96] SyncEngine: Fetching contention.txt
[17:07:59.606] [info] [t:96] [Fetch] Only fetch file stats since content is the same!
[17:07:59.606] [trace] [t:96] Calling InitCallbackList
[17:07:59.607] [trace] [t:96] Received completion queue callback
[17:07:59.607] [trace] [t:96] Handling async callback 
[17:07:59.607] [info] [t:96] SyncEngine: Fetching contention.txt
[17:07:59.608] [info] [t:96] [Fetch] Only fetch file stats since content is the same!
[17:07:59.608] [trace] [t:96] Calling InitCallbackList
[17:07:59.609] [trace] [t:96] Received completion queue callback
[17:07:59.609] [trace] [t:96] Handling async callback 
[17:07:59.609] [info] [t:96] SyncEngine: Fetching contention.txt
[17:07:59.610] [info] [t:96] [Fetch] Only fetch file stats since content is the same!
[17:07:59.610] [trace] [t:96] Calling InitCallbackList
[17:07:59.611] [trace] [t:96] Received completion queue callback
[17:07:59.611] [trace] [t:96] Handling async callback 
[17:07:59.611] [info] [t:96] SyncEngine: Fetching contention.txt
[17:07:59.613] [info] [t:96] [Fetch] Only fetch file stats since content is the same!
[17:07:59.613] [trace] [t:96] Calling InitCallbackList
[17:07:59.614] [trace] [t:96] Received completion queue callback
[17:07:59.614] [trace] [t:96] Handling async callback 
[17:07:59.614] [info] [t:96] SyncEngine: Fetching contention.txt
[17:07:59.615] [info] [t:96] [Fetch] Only fetch file stats since content is the same!
[17:07:59.615] [trace] [t:96] Calling InitCallbackList
[17:07:59.616] [trace] [t:96] Received completion queue callback
[17:07:59.616] [trace] [t:96] Handling async callback 
[17:07:59.617] [info] [t:96] SyncEngine: Fetching contention.txt
[17:07:59.618] [info] [t:96] [Fetch] Only fetch file stats since content is the same!
[17:07:59.618] [trace] [t:96] Calling InitCallbackList
[17:07:59.618] [trace] [t:96] Received completion queue callback
[17:07:59.618] [trace] [t:96] Handling async callback 
[17:07:59.618] [info] [t:96] SyncEngine: Fetching contention.txt
[17:07:59.619] [info] [t:96] [Fetch] Only fetch file stats since content is the same!
[17:07:59.619] [trace] [t:96] Calling InitCallbackList
[17:07:59.620] [trace] [t:96] Received completion queue callback
[17:07:59.621] [trace] [t:96] Handling async callback 
[17:07:59.621] [info] [t:96] SyncEngine: Fetching contention.txt
[17:07:59.622] [info] [t:96] [Fetch] Only fetch file stats since content is the same!
[17:07:59.622] [trace] [t:96] Calling InitCallbackList
[17:07:59.623] [trace] [t:96] Received completion queue callback
[17:07:59.623] [trace] [t:96] Handling async callback 
[17:07:59.623] [info] [t:96] SyncEngine: Fetching contention.txt
[17:07:59.626] [info] [t:96] [Fetch] Only fetch file stats since content is the same!
[17:07:59.626] [trace] [t:96] Calling InitCallbackList
[17:07:59.629] [trace] [t:96] Received completion queue callback
[17:07:59.629] [trace] [t:96] Handling async callback 
[17:07:59.629] [info] [t:96] SyncEngine: Fetching contention.txt
[17:07:59.632] [info] [t:96] [Fetch] Only fetch file stats since content is the same!
[17:07:59.632] [trace] [t:96] Calling InitCallbackList
[17:07:59.634] [trace] [t:96] Received completion queue callback
[17:07:59.634] [trace] [t:96] Handling async callback 
[17:07:59.635] [info] [t:96] SyncEngine: Fetching contention.txt
[17:07:59.636] [info] [t:96] [Fetch] Only fetch file stats since content is the same!
[17:07:59.636] [trace] [t:96] Calling InitCallbackList
[17:07:59.638] [trace] [t:96] Received completion queue callback
[17:07:59.638] [trace] [t:96] Handling async callback 
[17:07:59.638] [info] [t:96] SyncEngine: Fetching contention.txt
[17:07:59.640] [info] [t:96] [Fetch] Only fetch file stats since content is the same!
[17:07:59.640] [trace] [t:96] Calling InitCallbackList
[17:07:59.642] [trace] [t:96] Received completion queue callback
[17:07:59.642] [trace] [t:96] Handling async callback 
[17:07:59.642] [info] [t:96] SyncEngine: Fetching contention.txt
[17:07:59.643] [info] [t:96] [Fetch] Only fetch file stats since content is the same!
[17:07:59.644] [trace] [t:96] Calling InitCallbackList
[17:07:59.646] [trace] [t:96] Received completion queue callback
[17:07:59.646] [trace] [t:96] Handling async callback 
[17:07:59.646] [info] [t:96] SyncEngine: Fetching contention.txt
[17:07:59.647] [info] [t:96] [Fetch] Only fetch file stats since content is the same!
[17:07:59.648] [trace] [t:96] Calling InitCallbackList
[17:07:59.648] [trace] [t:96] Received completion queue callback
[17:07:59.648] [trace] [t:96] Handling async callback 
[17:07:59.648] [info] [t:96] SyncEngine: Fetching contention.txt
[17:07:59.651] [info] [t:96] [Fetch] Only fetch file stats since content is the same!
[17:07:59.651] [trace] [t:96] Calling InitCallbackList
[17:07:59.652] [trace] [t:96] Received completion queue callback
[17:07:59.652] [trace] [t:96] Handling async callback 
[17:07:59.652] [info] [t:96] SyncEngine: Fetching contention.txt
[17:07:59.653] [info] [t:96] [Fetch] Only fetch file stats since content is the same!
[17:07:59.653] [trace] [t:96] Calling InitCallbackList
[17:07:59.654] [trace] [t:96] Received completion queue callback
[17:07:59.654] [trace] [t:96] Handling async callback 
[17:07:59.654] [info] [t:96] SyncEngine: Fetching contention.txt
[17:07:59.655] [info] [t:96] [Fetch] Only fetch file stats since content is the same!
[17:07:59.655] [trace] [t:96] Calling InitCallbackList
[17:07:59.656] [trace] [t:96] Received completion queue callback
[17:07:59.656] [trace] [t:96] Handling async callback 
[17:07:59.656] [info] [t:96] SyncEngine: Fetching contention.txt
[17:07:59.657] [info] [t:96] [Fetch] Only fetch file stats since content is the same!
[17:07:59.657] [trace] [t:96] Calling InitCallbackList
[17:07:59.658] [trace] [t:96] Received completion queue callback
[17:07:59.658] [trace] [t:96] Handling async callback 
[17:07:59.658] [info] [t:96] SyncEngine: Fetching contention.txt
[17:07:59.659] [info] [t:96] [Fetch] Only fetch file stats since content is the same!
[17:07:59.659] [trace] [t:96] Calling InitCallbackList
[17:07:59.660] [trace] [t:96] Received completion queue callback
[17:07:59.660] [trace] [t:96] Handling async callback 
[17:07:59.660] [info] [t:96] SyncEngine: Fetching contention.txt
[17:07:59.661] [info] [t:96] [Fetch] Only fetch file stats since content is the same!
[17:07:59.661] [trace] [t:96] Calling InitCallbackList
[17:07:59.662] [trace] [t:96] Received completion queue callback
[17:07:59.662] [trace] [t:96] Handling async callback 
[17:07:59.662] [info] [t:96] SyncEngine: Fetching contention.txt
[17:07:59.663] [info] [t:96] [Fetch] Only fetch file stats since content is the same!
[17:07:59.664] [trace] [t:96] Calling InitCallbackList
[17:07:59.664] [trace] [t:96] Received completion queue callback
[17:07:59.664] [trace] [t:96] Handling async callback 
[17:07:59.665] [info] [t:96] SyncEngine: Fetching contention.txt
[17:07:59.666] [info] [t:96] [Fetch] Only fetch file stats since content is the same!
[17:07:59.666] [trace] [t:96] Calling InitCallbackList
[17:07:59.667] [trace] [t:96] Received completion queue callback
[17:07:59.667] [trace] [t:96] Handling async callback 
[17:07:59.667] [info] [t:96] SyncEngine: Fetching contention.txt
[17:07:59.668] [info] [t:96] [Fetch] Only fetch file stats since content is the same!
[17:07:59.668] [trace] [t:96] Calling InitCallbackList
[17:07:59.669] [trace] [t:96] Received completion queue callback
[17:07:59.669] [trace] [t:96] Handling async callback 
[17:07:59.669] [info] [t:96] SyncEngine: Fetching contention.txt
[17:07:59.670] [info] [t:96] [Fetch] Only fetch file stats since content is the same!
[17:07:59.670] [trace] [t:96] Calling InitCallbackList
[17:07:59.671] [trace] [t:96] Received completion queue callback
[17:07:59.671] [trace] [t:96] Handling async callback 
[17:07:59.671] [info] [t:96] SyncEngine: Fetching contention.txt
[17:07:59.672] [info] [t:96] [Fetch] Only fetch file stats since content is the same!
[17:07:59.672] [trace] [t:96] Calling InitCallbackList
[17:07:59.673] [trace] [t:96] Received completion queue callback
[17:07:59.673] [trace] [t:96] Handling async callback 
[17:07:59.673] [info] [t:96] SyncEngine: Fetching contention.txt
[17:07:59.674] [info] [t:96] [Fetch] Only fetch file stats since content is the same!
[17:07:59.674] [trace] [t:96] Calling InitCallbackList
[17:07:59.675] [trace] [t:96] Received completion queue callback
[17:07:59.675] [trace] [t:96] Handling async callback 
[17:07:59.675] [info] [t:96] SyncEngine: Fetching contention.txt
[17:07:59.676] [info] [t:96] [Fetch] Only fetch file stats since content is the same!
[17:07:59.676] [trace] [t:96] Calling InitCallbackList
[17:07:59.677] [trace] [t:96] Received completion queue callback
[17:07:59.677] [trace] [t:96] Handling async callback 
[17:07:59.677] [info] [t:96] SyncEngine: Fetching contention.txt
[17:07:59.678] [info] [t:96] [Fetch] Only fetch file stats since content is the same!
[17:07:59.678] [trace] [t:96] Calling InitCallbackList
[17:07:59.679] [trace] [t:96] Received completion queue callback
[17:07:59.679] [trace] [t:96] Handling async callback 
[17:07:59.679] [info] [t:96] SyncEngine: Fetching contention.txt
[17:07:59.681] [info] [t:96] [Fetch] Only fetch file stats since content is the same!
[17:07:59.681] [trace] [t:96] Calling InitCallbackList
[17:07:59.682] [trace] [t:96] Received completion queue callback
[17:07:59.682] [trace] [t:96] Handling async callback 
[17:07:59.682] [info] [t:96] SyncEngine: Fetching contention.txt
[17:07:59.684] [info] [t:96] [Fetch] Only fetch file stats since content is the same!
[17:07:59.684] [trace] [t:96] Calling InitCallbackList
[17:07:59.685] [trace] [t:96] Received completion queue callback
[17:07:59.685] [trace] [t:96] Handling async callback 
[17:07:59.685] [info] [t:96] SyncEngine: Fetching contention.txt
[17:07:59.686] [info] [t:96] [Fetch] Only fetch file stats since content is the same!
[17:07:59.686] [trace] [t:96] Calling InitCallbackList
[17:07:59.687] [trace] [t:96] Received completion queue callback
[17:07:59.687] [trace] [t:96] Handling async callback 
[17:07:59.687] [info] [t:96] SyncEngine: Fetching contention.txt
[17:07:59.688] [info] [t:96] [Fetch] Only fetch file stats since content is the same!
[17:07:59.688] [trace] [t:96] Calling InitCallbackList
[17:07:59.689] [trace] [t:96] Received completion queue callback
[17:07:59.689] [trace] [t:96] Handling async callback 
[17:07:59.689] [info] [t:96] SyncEngine: Fetching contention.txt
[17:07:59.690] [info] [t:96] [Fetch] Only fetch file stats since content is the same!
[17:07:59.690] [trace] [t:96] Calling InitCallbackList
[17:07:59.692] [trace] [t:96] Received completion queue callback
[17:07:59.692] [trace] [t:96] Handling async callback 
[17:07:59.692] [info] [t:96] SyncEngine: Fetching contention.txt
[17:07:59.694] [info] [t:96] [Fetch] Only fetch file stats since content is the same!
[17:07:59.694] [trace] [t:96] Calling InitCallbackList
[17:07:59.694] [trace] [t:96] Received completion queue callback
[17:07:59.694] [trace] [t:96] Handling async callback 
[17:07:59.695] [info] [t:96] SyncEngine: Fetching contention.txt
[17:07:59.695] [info] [t:96] [Fetch] Only fetch file stats since content is the same!
[17:07:59.696] [trace] [t:96] Calling InitCallbackList
[17:07:59.697] [trace] [t:96] Received completion queue callback
[17:07:59.697] [trace] [t:96] Handling async callback 
[17:07:59.697] [info] [t:96] SyncEngine: Fetching contention.txt
[17:07:59.699] [info] [t:96] [Fetch] Only fetch file stats since content is the same!
[17:07:59.699] [trace] [t:96] Calling InitCallbackList
[17:07:59.699] [trace] [t:96] Received completion queue callback
[17:07:59.700] [trace] [t:96] Handling async callback 
[17:07:59.700] [info] [t:96] SyncEngine: Fetching contention.txt
[17:07:59.701] [info] [t:96] [Fetch] Only fetch file stats since content is the same!
[17:07:59.701] [trace] [t:96] Calling InitCallbackList
[17:07:59.701] [trace] [t:96] Received completion queue callback
[17:07:59.701] [trace] [t:96] Handling async callback 
[17:07:59.702] [info] [t:96] SyncEngine: Fetching contention.txt
[17:07:59.703] [info] [t:96] [Fetch] Only fetch file stats since content is the same!
[17:07:59.703] [trace] [t:96] Calling InitCallbackList
[17:07:59.704] [trace] [t:96] Received completion queue callback
[17:07:59.704] [trace] [t:96] Handling async callback 
[17:07:59.704] [info] [t:96] SyncEngine: Fetching contention.txt
[17:07:59.705] [info] [t:96] [Fetch] Only fetch file stats since content is the same!
[17:07:59.705] [trace] [t:96] Calling InitCallbackList
[17:07:59.706] [trace] [t:96] Received completion queue callback
[17:07:59.706] [trace] [t:96] Handling async callback 
[17:07:59.706] [info] [t:96] SyncEngine: Fetching contention.txt
[17:07:59.707] [info] [t:96] [Fetch] Only fetch file stats since content is the same!
[17:07:59.707] [trace] [t:96] Calling InitCallbackList
[17:07:59.708] [trace] [t:96] Received completion queue callback
[17:07:59.708] [trace] [t:96] Handling async callback 
[17:07:59.709] [info] [t:96] SyncEngine: Fetching contention.txt
[17:07:59.710] [info] [t:96] [Fetch] Only fetch file stats since content is the same!
[17:07:59.710] [trace] [t:96] Calling InitCallbackList
[17:07:59.711] [trace] [t:96] Received completion queue callback
[17:07:59.711] [trace] [t:96] Handling async callback 
[17:07:59.711] [info] [t:96] SyncEngine: Fetching contention.txt
[17:07:59.712] [info] [t:96] [Fetch] Only fetch file stats since content is the same!
[17:07:59.712] [trace] [t:96] Calling InitCallbackList
[17:07:59.713] [trace] [t:96] Received completion queue callback
[17:07:59.713] [trace] [t:96] Handling async callback 
[17:07:59.714] [info] [t:96] SyncEngine: Fetching contention.txt
[17:07:59.715] [info] [t:96] [Fetch] Only fetch file stats since content is the same!
[17:07:59.715] [trace] [t:96] Calling InitCallbackList
[17:07:59.716] [trace] [t:96] Received completion queue callback
[17:07:59.716] [trace] [t:96] Handling async callback 
[17:07:59.717] [info] [t:96] SyncEngine: Fetching contention.txt
[17:07:59.718] [info] [t:96] [Fetch] Only fetch file stats since content is the same!
[17:07:59.718] [trace] [t:96] Calling InitCallbackList
[17:07:59.719] [trace] [t:96] Received completion queue callback
[17:07:59.719] [trace] [t:96] Handling async callback 
[17:07:59.719] [info] [t:96] SyncEngine: Fetching contention.txt
[17:07:59.720] [info] [t:96] [Fetch] Only fetch file stats since content is the same!
[17:07:59.720] [trace] [t:96] Calling InitCallbackList
[17:07:59.721] [trace] [t:96] Received completion queue callback
[17:07:59.721] [trace] [t:96] Handling async callback 
[17:07:59.721] [info] [t:96] SyncEngine: Fetching contention.txt
[17:07:59.722] [info] [t:96] [Fetch] Only fetch file stats since content is the same!
[17:07:59.722] [trace] [t:96] Calling InitCallbackList
[17:07:59.724] [trace] [t:96] Received completion queue callback
[17:07:59.724] [trace] [t:96] Handling async callback 
[17:07:59.724] [info] [t:96] SyncEngine: Fetching contention.txt
[17:07:59.725] [info] [t:96] [Fetch] Only fetch file stats since content is the same!
[17:07:59.725] [trace] [t:96] Calling InitCallbackList
[17:07:59.726] [trace] [t:96] Received completion queue callback
[17:07:59.726] [trace] [t:96] Handling async callback 
[17:07:59.726] [info] [t:96] SyncEngine: Fetching contention.txt
[17:07:59.727] [info] [t:96] [Fetch] Only fetch file stats since content is the same!
[17:07:59.727] [trace] [t:96] Calling InitCallbackList
[17:07:59.728] [trace] [t:96] Received completion queue callback
[17:07:59.728] [trace] [t:96] Handling async callback 
[17:07:59.728] [info] [t:96] SyncEngine: Fetching contention.txt
[17:07:59.729] [info] [t:96] [Fetch] Only fetch file stats since content is the same!
[17:07:59.729] [trace] [t:96] Calling InitCallbackList
[17:07:59.730] [trace] [t:96] Received completion queue callback
[17:07:59.730] [trace] [t:96] Handling async callback 
[17:07:59.730] [info] [t:96] SyncEngine: Fetching contention.txt
[17:07:59.732] [info] [t:96] [Fetch] Only fetch file stats since content is the same!
[17:07:59.732] [trace] [t:96] Calling InitCallbackList
[17:07:59.733] [trace] [t:96] Received completion queue callback
[17:07:59.733] [trace] [t:96] Handling async callback 
[17:07:59.733] [info] [t:96] SyncEngine: Fetching contention.txt
[17:07:59.734] [info] [t:96] [Fetch] Only fetch file stats since content is the same!
[17:07:59.734] [trace] [t:96] Calling InitCallbackList
[17:07:59.735] [trace] [t:96] Received completion queue callback
[17:07:59.735] [trace] [t:96] Handling async callback 
[17:07:59.735] [info] [t:96] SyncEngine: Fetching contention.txt
[17:07:59.737] [info] [t:96] [Fetch] Only fetch file stats since content is the same!
[17:07:59.737] [trace] [t:96] Calling InitCallbackList
[17:07:59.739] [trace] [t:96] Received completion queue callback
[17:07:59.739] [trace] [t:96] Handling async callback 
[17:07:59.739] [info] [t:96] SyncEngine: Fetching contention.txt
[17:07:59.740] [info] [t:96] [Fetch] Only fetch file stats since content is the same!
[17:07:59.740] [trace] [t:96] Calling InitCallbackList
[17:07:59.741] [trace] [t:96] Received completion queue callback
[17:07:59.741] [trace] [t:96] Handling async callback 
[17:07:59.741] [info] [t:96] SyncEngine: Fetching contention.txt
[17:07:59.742] [info] [t:96] [Fetch] Only fetch file stats since content is the same!
[17:07:59.742] [trace] [t:96] Calling InitCallbackList
[17:07:59.743] [trace] [t:96] Received completion queue callback
[17:07:59.743] [trace] [t:96] Handling async callback 
[17:07:59.743] [info] [t:96] SyncEngine: Fetching contention.txt
[17:07:59.744] [info] [t:96] [Fetch] Only fetch file stats since content is the same!
[17:07:59.744] [trace] [t:96] Calling InitCallbackList
[17:07:59.745] [trace] [t:96] Received completion queue callback
[17:07:59.745] [trace] [t:96] Handling async callback 
[17:07:59.745] [info] [t:96] SyncEngine: Fetching contention.txt
[17:07:59.746] [info] [t:96] [Fetch] Only fetch file stats since content is the same!
[17:07:59.747] [trace] [t:96] Calling InitCallbackList
[17:07:59.747] [trace] [t:96] Received completion queue callback
[17:07:59.748] [trace] [t:96] Handling async callback 
[17:07:59.748] [info] [t:96] SyncEngine: Fetching contention.txt
[17:07:59.748] [info] [t:96] [Fetch] Only fetch file stats since content is the same!
[17:07:59.748] [trace] [t:96] Calling InitCallbackList
[17:07:59.750] [trace] [t:96] Received completion queue callback
[17:07:59.750] [trace] [t:96] Handling async callback 
[17:07:59.750] [info] [t:96] SyncEngine: Fetching contention.txt
[17:07:59.751] [info] [t:96] [Fetch] Only fetch file stats since content is the same!
[17:07:59.751] [trace] [t:96] Calling InitCallbackList
[17:07:59.752] [trace] [t:96] Received completion queue callback
[17:07:59.752] [trace] [t:96] Handling async callback 
[17:07:59.752] [info] [t:96] SyncEngine: Fetching contention.txt
[17:07:59.754] [info] [t:96] [Fetch] Only fetch file stats since content is the same!
[17:07:59.754] [trace] [t:96] Calling InitCallbackList
[17:07:59.755] [trace] [t:96] Received completion queue callback
[17:07:59.755] [trace] [t:96] Handling async callback 
[17:07:59.755] [info] [t:96] SyncEngine: Fetching contention.txt
[17:07:59.757] [info] [t:96] [Fetch] Only fetch file stats since content is the same!
[17:07:59.757] [trace] [t:96] Calling InitCallbackList
[17:07:59.759] [trace] [t:96] Received completion queue callback
[17:07:59.759] [trace] [t:96] Handling async callback 
[17:07:59.759] [info] [t:96] SyncEngine: Fetching contention.txt
[17:07:59.760] [info] [t:96] [Fetch] Only fetch file stats since content is the same!
[17:07:59.760] [trace] [t:96] Calling InitCallbackList
[17:07:59.761] [trace] [t:96] Received completion queue callback
[17:07:59.761] [trace] [t:96] Handling async callback 
[17:07:59.761] [info] [t:96] SyncEngine: Fetching contention.txt
[17:07:59.763] [info] [t:96] [Fetch] Only fetch file stats since content is the same!
[17:07:59.763] [trace] [t:96] Calling InitCallbackList
[17:07:59.764] [trace] [t:96] Received completion queue callback
[17:07:59.764] [trace] [t:96] Handling async callback 
[17:07:59.764] [info] [t:96] SyncEngine: Fetching contention.txt
[17:07:59.766] [info] [t:96] [Fetch] Only fetch file stats since content is the same!
[17:07:59.766] [trace] [t:96] Calling InitCallbackList
[17:07:59.767] [trace] [t:96] Received completion queue callback
[17:07:59.767] [trace] [t:96] Handling async callback 
[17:07:59.767] [info] [t:96] SyncEngine: Fetching contention.txt
[17:07:59.769] [info] [t:96] [Fetch] Only fetch file stats since content is the same!
[17:07:59.769] [trace] [t:96] Calling InitCallbackList
[17:07:59.770] [trace] [t:96] Received completion queue callback
[17:07:59.770] [trace] [t:96] Handling async callback 
[17:07:59.770] [info] [t:96] SyncEngine: Fetching contention.txt
[17:07:59.772] [info] [t:96] [Fetch] Only fetch file stats since content is the same!
[17:07:59.772] [trace] [t:96] Calling InitCallbackList
[17:07:59.773] [trace] [t:96] Received completion queue callback
[17:07:59.773] [trace] [t:96] Handling async callback 
[17:07:59.773] [info] [t:96] SyncEngine: Fetching contention.txt
[17:07:59.774] [info] [t:96] [Fetch] Only fetch file stats since content is the same!
[17:07:59.774] [trace] [t:96] Calling InitCallbackList
[17:07:59.775] [trace] [t:96] Received completion queue callback
[17:07:59.775] [trace] [t:96] Handling async callback 
[17:07:59.775] [info] [t:96] SyncEngine: Fetching contention.txt
[17:07:59.776] [info] [t:96] [Fetch] Only fetch file stats since content is the same!
[17:07:59.776] [trace] [t:96] Calling InitCallbackList
[17:07:59.777] [trace] [t:96] Received completion queue callback
[17:07:59.777] [trace] [t:96] Handling async callback 
[17:07:59.777] [info] [t:96] SyncEngine: Fetching contention.txt
[17:07:59.778] [info] [t:96] [Fetch] Only fetch file stats since content is the same!
[17:07:59.778] [trace] [t:96] Calling InitCallbackList
[17:07:59.779] [trace] [t:96] Received completion queue callback
[17:07:59.779] [trace] [t:96] Handling async callback 
[17:07:59.779] [info] [t:96] SyncEngine: Fetching contention.txt
[17:07:59.780] [info] [t:96] [Fetch] Only fetch file stats since content is the same!
[17:07:59.780] [trace] [t:96] Calling InitCallbackList
[17:07:59.781] [trace] [t:96] Received completion queue callback
[17:07:59.781] [trace] [t:96] Handling async callback 
[17:07:59.781] [info] [t:96] SyncEngine: Fetching contention.txt
[17:07:59.783] [info] [t:96] [Fetch] Only fetch file stats since content is the same!
[17:07:59.783] [trace] [t:96] Calling InitCallbackList
[17:07:59.785] [trace] [t:96] Received completion queue callback
[17:07:59.785] [trace] [t:96] Handling async callback 
[17:07:59.785] [info] [t:96] SyncEngine: Fetching contention.txt
[17:07:59.786] [info] [t:96] [Fetch] Only fetch file stats since content is the same!
[17:07:59.786] [trace] [t:96] Calling InitCallbackList
[17:07:59.787] [trace] [t:96] Received completion queue callback
[17:07:59.787] [trace] [t:96] Handling async callback 
[17:07:59.787] [info] [t:96] SyncEngine: Fetching contention.txt
[17:07:59.788] [info] [t:96] [Fetch] Only fetch file stats since content is the same!
[17:07:59.788] [trace] [t:96] Calling InitCallbackList
[17:07:59.790] [trace] [t:96] Received completion queue callback
[17:07:59.790] [trace] [t:96] Handling async callback 
[17:07:59.790] [info] [t:96] SyncEngine: Fetching contention.txt
[17:07:59.791] [info] [t:96] [Fetch] Only fetch file stats since content is the same!
[17:07:59.791] [trace] [t:96] Calling InitCallbackList
[17:07:59.791] [trace] [t:96] Received completion queue callback
[17:07:59.791] [trace] [t:96] Handling async callback 
[17:07:59.792] [info] [t:96] SyncEngine: Fetching contention.txt
[17:07:59.793] [info] [t:96] [Fetch] Only fetch file stats since content is the same!
[17:07:59.793] [trace] [t:96] Calling InitCallbackList
[17:07:59.794] [trace] [t:96] Received completion queue callback
[17:07:59.794] [trace] [t:96] Handling async callback 
[17:07:59.794] [info] [t:96] SyncEngine: Fetching contention.txt
[17:07:59.795] [info] [t:96] [Fetch] Only fetch file stats since content is the same!
[17:07:59.795] [trace] [t:96] Calling InitCallbackList
[17:07:59.797] [trace] [t:96] Received completion queue callback
[17:07:59.797] [trace] [t:96] Handling async callback 
[17:07:59.798] [info] [t:96] SyncEngine: Fetching contention.txt
[17:07:59.799] [info] [t:96] [Fetch] Only fetch file stats since content is the same!
[17:07:59.799] [trace] [t:96] Calling InitCallbackList
[17:07:59.800] [trace] [t:96] Received completion queue callback
[17:07:59.800] [trace] [t:96] Handling async callback 
[17:07:59.801] [info] [t:96] SyncEngine: Fetching contention.txt
[17:07:59.802] [info] [t:96] [Fetch] Only fetch file stats since content is the same!
[17:07:59.802] [trace] [t:96] Calling InitCallbackList
[17:07:59.803] [trace] [t:96] Received completion queue callback
[17:07:59.803] [trace] [t:96] Handling async callback 
[17:07:59.803] [info] [t:96] SyncEngine: Fetching contention.txt
[17:07:59.804] [info] [t:96] [Fetch] Only fetch file stats since content is the same!
[17:07:59.804] [trace] [t:96] Calling InitCallbackList
[17:07:59.805] [trace] [t:96] Received completion queue callback
[17:07:59.805] [trace] [t:96] Handling async callback 
[17:07:59.806] [info] [t:96] SyncEngine: Fetching contention.txt
[17:07:59.807] [info] [t:96] [Fetch] Only fetch file stats since content is the same!
[17:07:59.807] [trace] [t:96] Calling InitCallbackList
[17:07:59.808] [trace] [t:96] Received completion queue callback
[17:07:59.808] [trace] [t:96] Handling async callback 
[17:07:59.808] [info] [t:96] SyncEngine: Fetching contention.txt
[17:07:59.809] [info] [t:96] [Fetch] Only fetch file stats since content is the same!
[17:07:59.809] [trace] [t:96] Calling InitCallbackList
[17:07:59.810] [trace] [t:96] Received completion queue callback
[17:07:59.810] [trace] [t:96] Handling async callback 
[17:07:59.810] [info] [t:96] SyncEngine: Fetching contention.txt
[17:07:59.811] [info] [t:96] [Fetch] Only fetch file stats since content is the same!
[17:07:59.812] [trace] [t:96] Calling InitCallbackList
[17:07:59.813] [trace] [t:96] Received completion queue callback
[17:07:59.813] [trace] [t:96] Handling async callback 
[17:07:59.813] [info] [t:96] SyncEngine: Fetching contention.txt
[17:07:59.814] [info] [t:96] [Fetch] Only fetch file stats since content is the same!
[17:07:59.814] [trace] [t:96] Calling InitCallbackList
[17:07:59.815] [trace] [t:96] Received completion queue callback
[17:07:59.815] [trace] [t:96] Handling async callback 
[17:07:59.815] [info] [t:96] SyncEngine: Fetching contention.txt
[17:07:59.816] [info] [t:96] [Fetch] Only fetch file stats since content is the same!
[17:07:59.816] [trace] [t:96] Calling InitCallbackList
[17:07:59.817] [trace] [t:96] Received completion queue callback
[17:07:59.817] [trace] [t:96] Handling async callback 
[17:07:59.817] [info] [t:96] SyncEngine: Fetching contention.txt
[17:07:59.819] [info] [t:96] [Fetch] Only fetch file stats since content is the same!
[17:07:59.819] [trace] [t:96] Calling InitCallbackList
[17:07:59.820] [trace] [t:96] Received completion queue callback
[17:07:59.820] [trace] [t:96] Handling async callback 
[17:07:59.820] [info] [t:96] SyncEngine: Fetching contention.txt
[17:07:59.821] [info] [t:96] [Fetch] Only fetch file stats since content is the same!
[17:07:59.821] [trace] [t:96] Calling InitCallbackList
[17:07:59.823] [trace] [t:96] Received completion queue callback
[17:07:59.823] [trace] [t:96] Handling async callback 
[17:07:59.823] [info] [t:96] SyncEngine: Fetching contention.txt
[17:07:59.824] [info] [t:96] [Fetch] Only fetch file stats since content is the same!
[17:07:59.824] [trace] [t:96] Calling InitCallbackList
[17:07:59.827] [trace] [t:96] Received completion queue callback
[17:07:59.827] [trace] [t:96] Handling async callback 
[17:07:59.827] [info] [t:96] SyncEngine: Fetching contention.txt
[17:07:59.828] [info] [t:96] [Fetch] Only fetch file stats since content is the same!
[17:07:59.828] [trace] [t:96] Calling InitCallbackList
[17:07:59.829] [trace] [t:96] Received completion queue callback
[17:07:59.829] [trace] [t:96] Handling async callback 
[17:07:59.829] [info] [t:96] SyncEngine: Fetching contention.txt
[17:07:59.830] [info] [t:96] [Fetch] Only fetch file stats since content is the same!
[17:07:59.831] [trace] [t:96] Calling InitCallbackList
[17:07:59.832] [trace] [t:96] Received completion queue callback
[17:07:59.832] [trace] [t:96] Handling async callback 
[17:07:59.832] [info] [t:96] SyncEngine: Fetching contention.txt
[17:07:59.833] [info] [t:96] [Fetch] Only fetch file stats since content is the same!
[17:07:59.833] [trace] [t:96] Calling InitCallbackList
[17:07:59.834] [trace] [t:96] Received completion queue callback
[17:07:59.834] [trace] [t:96] Handling async callback 
[17:07:59.834] [info] [t:96] SyncEngine: Fetching contention.txt
[17:07:59.835] [info] [t:96] [Fetch] Only fetch file stats since content is the same!
[17:07:59.835] [trace] [t:96] Calling InitCallbackList
[17:07:59.836] [trace] [t:96] Received completion queue callback
[17:07:59.836] [trace] [t:96] Handling async callback 
[17:07:59.836] [info] [t:96] SyncEngine: Fetching contention.txt
[17:07:59.837] [info] [t:96] [Fetch] Only fetch file stats since content is the same!
[17:07:59.837] [trace] [t:96] Calling InitCallbackList
[17:07:59.838] [trace] [t:96] Received completion queue callback
[17:07:59.838] [trace] [t:96] Handling async callback 
[17:07:59.838] [info] [t:96] SyncEngine: Fetching contention.txt
[17:07:59.839] [info] [t:96] [Fetch] Only fetch file stats since content is the same!
[17:07:59.839] [trace] [t:96] Calling InitCallbackList
[17:07:59.840] [trace] [t:96] Received completion queue callback
[17:07:59.840] [trace] [t:96] Handling async callback 
[17:07:59.840] [info] [t:96] SyncEngine: Fetching contention.txt
[17:07:59.841] [info] [t:96] [Fetch] Only fetch file stats since content is the same!
[17:07:59.842] [trace] [t:96] Calling InitCallbackList
[17:07:59.843] [trace] [t:96] Received completion queue callback
[17:07:59.843] [trace] [t:96] Handling async callback 
[17:07:59.843] [info] [t:96] SyncEngine: Fetching contention.txt
[17:07:59.844] [info] [t:96] [Fetch] Only fetch file stats since content is the same!
[17:07:59.844] [trace] [t:96] Calling InitCallbackList
[17:07:59.845] [trace] [t:96] Received completion queue callback
[17:07:59.845] [trace] [t:96] Handling async callback 
[17:07:59.845] [info] [t:96] SyncEngine: Fetching contention.txt
[17:07:59.846] [info] [t:96] [Fetch] Only fetch file stats since content is the same!
[17:07:59.846] [trace] [t:96] Calling InitCallbackList
[17:07:59.846] [trace] [t:96] Received completion queue callback
[17:07:59.846] [trace] [t:96] Handling async callback 
[17:07:59.847] [info] [t:96] SyncEngine: Fetching contention.txt
[17:07:59.848] [info] [t:96] [Fetch] Only fetch file stats since content is the same!
[17:07:59.848] [trace] [t:96] Calling InitCallbackList
[17:07:59.848] [trace] [t:96] Received completion queue callback
[17:07:59.848] [trace] [t:96] Handling async callback 
[17:07:59.848] [info] [t:96] SyncEngine: Fetching contention.txt
[17:07:59.849] [info] [t:96] [Fetch] Only fetch file stats since content is the same!
[17:07:59.850] [trace] [t:96] Calling InitCallbackList
[17:07:59.850] [trace] [t:96] Received completion queue callback
[17:07:59.850] [trace] [t:96] Handling async callback 
[17:07:59.850] [info] [t:96] SyncEngine: Fetching contention.txt
[17:07:59.851] [info] [t:96] [Fetch] Only fetch file stats since content is the same!
[17:07:59.851] [trace] [t:96] Calling InitCallbackList
[17:07:59.853] [trace] [t:96] Received completion queue callback
[17:07:59.853] [trace] [t:96] Handling async callback 
[17:07:59.853] [info] [t:96] SyncEngine: Fetching contention.txt
[17:07:59.853] [info] [t:96] [Fetch] Only fetch file stats since content is the same!
[17:07:59.854] [trace] [t:96] Calling InitCallbackList
[17:07:59.854] [trace] [t:96] Received completion queue callback
[17:07:59.854] [trace] [t:96] Handling async callback 
[17:07:59.854] [info] [t:96] SyncEngine: Fetching contention.txt
[17:07:59.855] [info] [t:96] [Fetch] Only fetch file stats since content is the same!
[17:07:59.855] [trace] [t:96] Calling InitCallbackList
[17:07:59.856] [trace] [t:96] Received completion queue callback
[17:07:59.856] [trace] [t:96] Handling async callback 
[17:07:59.856] [info] [t:96] SyncEngine: Fetching contention.txt
[17:07:59.858] [info] [t:96] [Fetch] Only fetch file stats since content is the same!
[17:07:59.859] [trace] [t:96] Calling InitCallbackList
[17:07:59.859] [trace] [t:96] Received completion queue callback
[17:07:59.859] [trace] [t:96] Handling async callback 
[17:07:59.859] [info] [t:96] SyncEngine: Fetching contention.txt
[17:07:59.860] [info] [t:96] [Fetch] Only fetch file stats since content is the same!
[17:07:59.861] [trace] [t:96] Calling InitCallbackList
[17:07:59.861] [trace] [t:96] Received completion queue callback
[17:07:59.861] [trace] [t:96] Handling async callback 
[17:07:59.861] [info] [t:96] SyncEngine: Fetching contention.txt
[17:07:59.862] [info] [t:96] [Fetch] Only fetch file stats since content is the same!
[17:07:59.862] [trace] [t:96] Calling InitCallbackList
[17:07:59.864] [trace] [t:96] Received completion queue callback
[17:07:59.864] [trace] [t:96] Handling async callback 
[17:07:59.864] [info] [t:96] SyncEngine: Fetching contention.txt
[17:07:59.865] [info] [t:96] [Fetch] Only fetch file stats since content is the same!
[17:07:59.865] [trace] [t:96] Calling InitCallbackList
[17:07:59.867] [trace] [t:96] Received completion queue callback
[17:07:59.867] [trace] [t:96] Handling async callback 
[17:07:59.867] [info] [t:96] SyncEngine: Fetching contention.txt
[17:07:59.868] [info] [t:96] [Fetch] Only fetch file stats since content is the same!
[17:07:59.868] [trace] [t:96] Calling InitCallbackList
[17:07:59.870] [trace] [t:96] Received completion queue callback
[17:07:59.870] [trace] [t:96] Handling async callback 
[17:07:59.870] [info] [t:96] SyncEngine: Fetching contention.txt
[17:07:59.871] [info] [t:96] [Fetch] Only fetch file stats since content is the same!
[17:07:59.871] [trace] [t:96] Calling InitCallbackList
[17:07:59.872] [trace] [t:96] Received completion queue callback
[17:07:59.872] [trace] [t:96] Handling async callback 
[17:07:59.872] [info] [t:96] SyncEngine: Fetching contention.txt
[17:07:59.874] [info] [t:96] [Fetch] Only fetch file stats since content is the same!
[17:07:59.874] [trace] [t:96] Calling InitCallbackList
[17:07:59.875] [trace] [t:96] Received completion queue callback
[17:07:59.875] [trace] [t:96] Handling async callback 
[17:07:59.875] [info] [t:96] SyncEngine: Fetching contention.txt
[17:07:59.876] [info] [t:96] [Fetch] Only fetch file stats since content is the same!
[17:07:59.876] [trace] [t:96] Calling InitCallbackList
[17:07:59.877] [trace] [t:96] Received completion queue callback
[17:07:59.877] [trace] [t:96] Handling async callback 
[17:07:59.877] [info] [t:96] SyncEngine: Fetching contention.txt
[17:07:59.878] [info] [t:96] [Fetch] Only fetch file stats since content is the same!
[17:07:59.878] [trace] [t:96] Calling InitCallbackList
[17:07:59.879] [trace] [t:96] Received completion queue callback
[17:07:59.879] [trace] [t:96] Handling async callback 
[17:07:59.879] [info] [t:96] SyncEngine: Fetching contention.txt
[17:07:59.880] [info] [t:96] [Fetch] Only fetch file stats since content is the same!
[17:07:59.880] [trace] [t:96] Calling InitCallbackList
[17:07:59.880] [trace] [t:96] Received completion queue callback
[17:07:59.880] [trace] [t:96] Handling async callback 
[17:07:59.880] [info] [t:96] SyncEngine: Fetching contention.txt
[17:07:59.882] [info] [t:96] [Fetch] Only fetch file stats since content is the same!
[17:07:59.882] [trace] [t:96] Calling InitCallbackList
[17:07:59.882] [trace] [t:96] Received completion queue callback
[17:07:59.882] [trace] [t:96] Handling async callback 
[17:07:59.883] [info] [t:96] SyncEngine: Fetching contention.txt
[17:07:59.884] [info] [t:96] [Fetch] Only fetch file stats since content is the same!
[17:07:59.884] [trace] [t:96] Calling InitCallbackList
[17:07:59.884] [trace] [t:96] Received completion queue callback
[17:07:59.884] [trace] [t:96] Handling async callback 
[17:07:59.884] [info] [t:96] SyncEngine: Fetching contention.txt
[17:07:59.886] [info] [t:96] [Fetch] Only fetch file stats since content is the same!
[17:07:59.886] [trace] [t:96] Calling InitCallbackList
[17:07:59.886] [trace] [t:96] Received completion queue callback
[17:07:59.886] [trace] [t:96] Handling async callback 
[17:07:59.886] [info] [t:96] SyncEngine: Fetching contention.txt
[17:07:59.887] [info] [t:96] [Fetch] Only fetch file stats since content is the same!
[17:07:59.888] [trace] [t:96] Calling InitCallbackList
[17:07:59.889] [trace] [t:96] Received completion queue callback
[17:07:59.889] [trace] [t:96] Handling async callback 
[17:07:59.889] [info] [t:96] SyncEngine: Fetching contention.txt
[17:07:59.890] [info] [t:96] [Fetch] Only fetch file stats since content is the same!
[17:07:59.890] [trace] [t:96] Calling InitCallbackList
[17:07:59.891] [trace] [t:96] Received completion queue callback
[17:07:59.891] [trace] [t:96] Handling async callback 
[17:07:59.892] [info] [t:96] SyncEngine: Fetching contention.txt
[17:07:59.892] [info] [t:96] [Fetch] Only fetch file stats since content is the same!
[17:07:59.892] [trace] [t:96] Calling InitCallbackList
[17:07:59.893] [trace] [t:96] Received completion queue callback
[17:07:59.893] [trace] [t:96] Handling async callback 
[17:07:59.893] [info] [t:96] SyncEngine: Fetching contention.txt
[17:07:59.895] [info] [t:96] [Fetch] Only fetch file stats since content is the same!
[17:07:59.895] [trace] [t:96] Calling InitCallbackList
[17:07:59.897] [trace] [t:96] Received completion queue callback
[17:07:59.897] [trace] [t:96] Handling async callback 
[17:07:59.897] [info] [t:96] SyncEngine: Fetching contention.txt
[17:07:59.898] [info] [t:96] [Fetch] Only fetch file stats since content is the same!
[17:07:59.898] [trace] [t:96] Calling InitCallbackList
[17:07:59.899] [trace] [t:96] Received completion queue callback
[17:07:59.899] [trace] [t:96] Handling async callback 
[17:07:59.899] [info] [t:96] SyncEngine: Fetching contention.txt
[17:07:59.899] [info] [t:96] [Fetch] Only fetch file stats since content is the same!
[17:07:59.900] [trace] [t:96] Calling InitCallbackList
[17:07:59.901] [trace] [t:96] Received completion queue callback
[17:07:59.901] [trace] [t:96] Handling async callback 
[17:07:59.901] [info] [t:96] SyncEngine: Fetching contention.txt
[17:07:59.902] [info] [t:96] [Fetch] Only fetch file stats since content is the same!
[17:07:59.902] [trace] [t:96] Calling InitCallbackList
[17:07:59.904] [trace] [t:96] Received completion queue callback
[17:07:59.904] [trace] [t:96] Handling async callback 
[17:07:59.904] [info] [t:96] SyncEngine: Fetching contention.txt
[17:07:59.905] [info] [t:96] [Fetch] Only fetch file stats since content is the same!
[17:07:59.905] [trace] [t:96] Calling InitCallbackList
[17:07:59.906] [trace] [t:96] Received completion queue callback
[17:07:59.906] [trace] [t:96] Handling async callback 
[17:07:59.906] [info] [t:96] SyncEngine: Fetching contention.txt
[17:07:59.908] [info] [t:96] [Fetch] Only fetch file stats since content is the same!
[17:07:59.908] [trace] [t:96] Calling InitCallbackList
[17:07:59.909] [trace] [t:96] Received completion queue callback
[17:07:59.909] [trace] [t:96] Handling async callback 
[17:07:59.909] [info] [t:96] SyncEngine: Fetching contention.txt
[17:07:59.910] [info] [t:96] [Fetch] Only fetch file stats since content is the same!
[17:07:59.910] [trace] [t:96] Calling InitCallbackList
[17:07:59.911] [trace] [t:96] Received completion queue callback
[17:07:59.911] [trace] [t:96] Handling async callback 
[17:07:59.911] [info] [t:96] SyncEngine: Fetching contention.txt
[17:07:59.913] [info] [t:96] [Fetch] Only fetch file stats since content is the same!
[17:07:59.913] [trace] [t:96] Calling InitCallbackList
[17:07:59.915] [trace] [t:96] Received completion queue callback
[17:07:59.915] [trace] [t:96] Handling async callback 
[17:07:59.915] [info] [t:96] SyncEngine: Fetching contention.txt
[17:07:59.916] [info] [t:96] [Fetch] Only fetch file stats since content is the same!
[17:07:59.916] [trace] [t:96] Calling InitCallbackList
[17:07:59.918] [trace] [t:96] Received completion queue callback
[17:07:59.918] [trace] [t:96] Handling async callback 
[17:07:59.918] [info] [t:96] SyncEngine: Fetching contention.txt
[17:07:59.920] [info] [t:96] [Fetch] Only fetch file stats since content is the same!
[17:07:59.920] [trace] [t:96] Calling InitCallbackList
[17:07:59.921] [trace] [t:96] Received completion queue callback
[17:07:59.921] [trace] [t:96] Handling async callback 
[17:07:59.921] [info] [t:96] SyncEngine: Fetching contention.txt
[17:07:59.922] [info] [t:96] [Fetch] Only fetch file stats since content is the same!
[17:07:59.922] [trace] [t:96] Calling InitCallbackList
[17:07:59.923] [trace] [t:96] Received completion queue callback
[17:07:59.923] [trace] [t:96] Handling async callback 
[17:07:59.923] [info] [t:96] SyncEngine: Fetching contention.txt
[17:07:59.924] [info] [t:96] [Fetch] Only fetch file stats since content is the same!
[17:07:59.924] [trace] [t:96] Calling InitCallbackList
[17:07:59.925] [trace] [t:96] Received completion queue callback
[17:07:59.925] [trace] [t:96] Handling async callback 
[17:07:59.925] [info] [t:96] SyncEngine: Fetching contention.txt
[17:07:59.927] [info] [t:96] [Fetch] Only fetch file stats since content is the same!
[17:07:59.927] [trace] [t:96] Calling InitCallbackList
[17:07:59.928] [trace] [t:96] Received completion queue callback
[17:07:59.928] [trace] [t:96] Handling async callback 
[17:07:59.928] [info] [t:96] SyncEngine: Fetching contention.txt
[17:07:59.929] [info] [t:96] [Fetch] Only fetch file stats since content is the same!
[17:07:59.929] [trace] [t:96] Calling InitCallbackList
[17:07:59.930] [trace] [t:96] Received completion queue callback
[17:07:59.930] [trace] [t:96] Handling async callback 
[17:07:59.930] [info] [t:96] SyncEngine: Fetching contention.txt
[17:07:59.931] [info] [t:96] [Fetch] Only fetch file stats since content is the same!
[17:07:59.931] [trace] [t:96] Calling InitCallbackList
[17:07:59.932] [trace] [t:96] Received completion queue callback
[17:07:59.932] [trace] [t:96] Handling async callback 
[17:07:59.932] [info] [t:96] SyncEngine: Fetching contention.txt
[17:07:59.933] [info] [t:96] [Fetch] Only fetch file stats since content is the same!
[17:07:59.933] [trace] [t:96] Calling InitCallbackList
[17:07:59.934] [trace] [t:96] Received completion queue callback
[17:07:59.934] [trace] [t:96] Handling async callback 
[17:07:59.935] [info] [t:96] SyncEngine: Fetching contention.txt
[17:07:59.936] [info] [t:96] [Fetch] Only fetch file stats since content is the same!
[17:07:59.936] [trace] [t:96] Calling InitCallbackList
[17:07:59.937] [trace] [t:96] Received completion queue callback
[17:07:59.937] [trace] [t:96] Handling async callback 
[17:07:59.937] [info] [t:96] SyncEngine: Fetching contention.txt
[17:07:59.938] [info] [t:96] [Fetch] Only fetch file stats since content is the same!
[17:07:59.938] [trace] [t:96] Calling InitCallbackList
[17:07:59.939] [trace] [t:96] Received completion queue callback
[17:07:59.940] [trace] [t:96] Handling async callback 
[17:07:59.940] [info] [t:96] SyncEngine: Fetching contention.txt
[17:07:59.940] [info] [t:96] [Fetch] Only fetch file stats since content is the same!
[17:07:59.940] [trace] [t:96] Calling InitCallbackList
[17:07:59.941] [trace] [t:96] Received completion queue callback
[17:07:59.941] [trace] [t:96] Handling async callback 
[17:07:59.941] [info] [t:96] SyncEngine: Fetching contention.txt
[17:07:59.943] [info] [t:96] [Fetch] Only fetch file stats since content is the same!
[17:07:59.943] [trace] [t:96] Calling InitCallbackList
[17:07:59.943] [trace] [t:96] Received completion queue callback
[17:07:59.943] [trace] [t:96] Handling async callback 
[17:07:59.943] [info] [t:96] SyncEngine: Fetching contention.txt
[17:07:59.944] [info] [t:96] [Fetch] Only fetch file stats since content is the same!
[17:07:59.945] [trace] [t:96] Calling InitCallbackList
[17:07:59.945] [trace] [t:96] Received completion queue callback
[17:07:59.945] [trace] [t:96] Handling async callback 
[17:07:59.946] [info] [t:96] SyncEngine: Fetching contention.txt
[17:07:59.947] [info] [t:96] [Fetch] Only fetch file stats since content is the same!
[17:07:59.947] [trace] [t:96] Calling InitCallbackList
[17:07:59.948] [trace] [t:96] Received completion queue callback
[17:07:59.948] [trace] [t:96] Handling async callback 
[17:07:59.948] [info] [t:96] SyncEngine: Fetching contention.txt
[17:07:59.949] [info] [t:96] [Fetch] Only fetch file stats since content is the same!
[17:07:59.949] [trace] [t:96] Calling InitCallbackList
[17:07:59.950] [trace] [t:96] Received completion queue callback
[17:07:59.950] [trace] [t:96] Handling async callback 
[17:07:59.950] [info] [t:96] SyncEngine: Fetching contention.txt
[17:07:59.951] [info] [t:96] [Fetch] Only fetch file stats since content is the same!
[17:07:59.951] [trace] [t:96] Calling InitCallbackList
[17:07:59.952] [trace] [t:96] Received completion queue callback
[17:07:59.952] [trace] [t:96] Handling async callback 
[17:07:59.952] [info] [t:96] SyncEngine: Fetching contention.txt
[17:07:59.953] [info] [t:96] [Fetch] Only fetch file stats since content is the same!
[17:07:59.953] [trace] [t:96] Calling InitCallbackList
[17:07:59.954] [trace] [t:96] Received completion queue callback
[17:07:59.954] [trace] [t:96] Handling async callback 
[17:07:59.954] [info] [t:96] SyncEngine: Fetching contention.txt
[17:07:59.956] [info] [t:96] [Fetch] Only fetch file stats since content is the same!
[17:07:59.956] [trace] [t:96] Calling InitCallbackList
[17:07:59.956] [trace] [t:96] Received completion queue callback
[17:07:59.956] [trace] [t:96] Handling async callback 
[17:07:59.957] [info] [t:96] SyncEngine: Fetching contention.txt
[17:07:59.958] [info] [t:96] [Fetch] Only fetch file stats since content is the same!
[17:07:59.958] [trace] [t:96] Calling InitCallbackList
[17:07:59.959] [trace] [t:96] Received completion queue callback
[17:07:59.959] [trace] [t:96] Handling async callback 
[17:07:59.959] [info] [t:96] SyncEngine: Fetching contention.txt
[17:07:59.960] [info] [t:96] [Fetch] Only fetch file stats since content is the same!
[17:07:59.960] [trace] [t:96] Calling InitCallbackList
[17:07:59.961] [trace] [t:96] Received completion queue callback
[17:07:59.961] [trace] [t:96] Handling async callback 
[17:07:59.962] [info] [t:96] SyncEngine: Fetching contention.txt
[17:07:59.962] [info] [t:96] [Fetch] Only fetch file stats since content is the same!
[17:07:59.962] [trace] [t:96] Calling InitCallbackList
[17:07:59.963] [trace] [t:96] Received completion queue callback
[17:07:59.963] [trace] [t:96] Handling async callback 
[17:07:59.963] [info] [t:96] SyncEngine: Fetching contention.txt
[17:07:59.964] [info] [t:96] [Fetch] Only fetch file stats since content is the same!
[17:07:59.964] [trace] [t:96] Calling InitCallbackList
[17:07:59.966] [trace] [t:96] Received completion queue callback
[17:07:59.966] [trace] [t:96] Handling async callback 
[17:07:59.966] [info] [t:96] SyncEngine: Fetching contention.txt
[17:07:59.966] [info] [t:96] [Fetch] Only fetch file stats since content is the same!
[17:07:59.966] [trace] [t:96] Calling InitCallbackList
[17:07:59.968] [trace] [t:96] Received completion queue callback
[17:07:59.968] [trace] [t:96] Handling async callback 
[17:07:59.968] [info] [t:96] SyncEngine: Fetching contention.txt
[17:07:59.969] [info] [t:96] [Fetch] Only fetch file stats since content is the same!
[17:07:59.969] [trace] [t:96] Calling InitCallbackList
[17:07:59.971] [trace] [t:96] Received completion queue callback
[17:07:59.971] [trace] [t:96] Handling async callback 
[17:07:59.971] [info] [t:96] SyncEngine: Fetching contention.txt
[17:07:59.972] [info] [t:96] [Fetch] Only fetch file stats since content is the same!
[17:07:59.972] [trace] [t:96] Calling InitCallbackList
[17:07:59.973] [trace] [t:96] Received completion queue callback
[17:07:59.973] [trace] [t:96] Handling async callback 
[17:07:59.973] [info] [t:96] SyncEngine: Fetching contention.txt
[17:07:59.974] [info] [t:96] [Fetch] Only fetch file stats since content is the same!
[17:07:59.974] [trace] [t:96] Calling InitCallbackList
[17:07:59.975] [trace] [t:96] Received completion queue callback
[17:07:59.975] [trace] [t:96] Handling async callback 
[17:07:59.975] [info] [t:96] SyncEngine: Fetching contention.txt
[17:07:59.976] [info] [t:96] [Fetch] Only fetch file stats since content is the same!
[17:07:59.976] [trace] [t:96] Calling InitCallbackList
[17:07:59.978] [trace] [t:96] Received completion queue callback
[17:07:59.978] [trace] [t:96] Handling async callback 
[17:07:59.978] [info] [t:96] SyncEngine: Fetching contention.txt
[17:07:59.980] [info] [t:96] [Fetch] Only fetch file stats since content is the same!
[17:07:59.980] [trace] [t:96] Calling InitCallbackList
[17:07:59.981] [trace] [t:96] Received completion queue callback
[17:07:59.981] [trace] [t:96] Handling async callback 
[17:07:59.981] [info] [t:96] SyncEngine: Fetching contention.txt
[17:07:59.982] [info] [t:96] [Fetch] Only fetch file stats since content is the same!
[17:07:59.982] [trace] [t:96] Calling InitCallbackList
[17:07:59.983] [trace] [t:96] Received completion queue callback
[17:07:59.983] [trace] [t:96] Handling async callback 
[17:07:59.983] [info] [t:96] SyncEngine: Fetching contention.txt
[17:07:59.985] [info] [t:96] [Fetch] Only fetch file stats since content is the same!
[17:07:59.985] [trace] [t:96] Calling InitCallbackList
[17:07:59.986] [trace] [t:96] Received completion queue callback
[17:07:59.986] [trace] [t:96] Handling async callback 
[17:07:59.986] [info] [t:96] SyncEngine: Fetching contention.txt
[17:07:59.987] [info] [t:96] [Fetch] Only fetch file stats since content is the same!
[17:07:59.987] [trace] [t:96] Calling InitCallbackList
[17:07:59.988] [trace] [t:96] Received completion queue callback
[17:07:59.988] [trace] [t:96] Handling async callback 
[17:07:59.988] [info] [t:96] SyncEngine: Fetching contention.txt
[17:07:59.990] [info] [t:96] [Fetch] Only fetch file stats since content is the same!
[17:07:59.990] [trace] [t:96] Calling InitCallbackList
[17:07:59.991] [trace] [t:96] Received completion queue callback
[17:07:59.991] [trace] [t:96] Handling async callback 
[17:07:59.991] [info] [t:96] SyncEngine: Fetching contention.txt
[17:07:59.992] [info] [t:96] [Fetch] Only fetch file stats since content is the same!
[17:07:59.992] [trace] [t:96] Calling InitCallbackList
[17:07:59.993] [trace] [t:96] Received completion queue callback
[17:07:59.993] [trace] [t:96] Handling async callback 
[17:07:59.993] [info] [t:96] SyncEngine: Fetching contention.txt
[17:07:59.994] [info] [t:96] [Fetch] Only fetch file stats since content is the same!
[17:07:59.994] [trace] [t:96] Calling InitCallbackList
[17:07:59.995] [trace] [t:96] Received completion queue callback
[17:07:59.995] [trace] [t:96] Handling async callback 
[17:07:59.995] [info] [t:96] SyncEngine: Fetching contention.txt
[17:07:59.996] [info] [t:96] [Fetch] Only fetch file stats since content is the same!
[17:07:59.996] [trace] [t:96] Calling InitCallbackList
[17:07:59.997] [trace] [t:96] Received completion queue callback
[17:07:59.997] [trace] [t:96] Handling async callback 
[17:07:59.998] [info] [t:96] SyncEngine: Fetching contention.txt
[17:07:59.999] [info] [t:96] [Fetch] Only fetch file stats since content is the same!
[17:07:59.999] [trace] [t:96] Calling InitCallbackList
[17:08:00.000] [trace] [t:96] Received completion queue callback
[17:08:00.000] [trace] [t:96] Handling async callback 
[17:08:00.000] [info] [t:96] SyncEngine: Fetching contention.txt
[17:08:00.001] [info] [t:96] [Fetch] Only fetch file stats since content is the same!
[17:08:00.001] [trace] [t:96] Calling InitCallbackList
[17:08:00.002] [trace] [t:96] Received completion queue callback
[17:08:00.002] [trace] [t:96] Handling async callback 
[17:08:00.002] [info] [t:96] SyncEngine: Fetching contention.txt
[17:08:00.003] [info] [t:96] [Fetch] Only fetch file stats since content is the same!
[17:08:00.003] [trace] [t:96] Calling InitCallbackList
[17:08:00.004] [trace] [t:96] Received completion queue callback
[17:08:00.004] [trace] [t:96] Handling async callback 
[17:08:00.004] [info] [t:96] SyncEngine: Fetching contention.txt
[17:08:00.006] [info] [t:96] [Fetch] Only fetch file stats since content is the same!
[17:08:00.006] [trace] [t:96] Calling InitCallbackList
[17:08:00.007] [trace] [t:96] Received completion queue callback
[17:08:00.007] [trace] [t:96] Handling async callback 
[17:08:00.007] [info] [t:96] SyncEngine: Fetching contention.txt
[17:08:00.008] [info] [t:96] [Fetch] Only fetch file stats since content is the same!
[17:08:00.008] [trace] [t:96] Calling InitCallbackList
[17:08:00.009] [trace] [t:96] Received completion queue callback
[17:08:00.009] [trace] [t:96] Handling async callback 
[17:08:00.009] [info] [t:96] SyncEngine: Fetching contention.txt
[17:08:00.010] [info] [t:96] [Fetch] Only fetch file stats since content is the same!
[17:08:00.010] [trace] [t:96] Calling InitCallbackList
[17:08:00.011] [trace] [t:96] Received completion queue callback
[17:08:00.011] [trace] [t:96] Handling async callback 
[17:08:00.011] [info] [t:96] SyncEngine: Fetching contention.txt
[17:08:00.012] [info] [t:96] [Fetch] Only fetch file stats since content is the same!
[17:08:00.012] [trace] [t:96] Calling InitCallbackList
[17:08:00.013] [trace] [t:96] Received completion queue callback
[17:08:00.013] [trace] [t:96] Handling async callback 
[17:08:00.013] [info] [t:96] SyncEngine: Fetching contention.txt
[17:08:00.014] [info] [t:96] [Fetch] Only fetch file stats since content is the same!
[17:08:00.014] [trace] [t:96] Calling InitCallbackList
[17:08:00.015] [trace] [t:96] Received completion queue callback
[17:08:00.015] [trace] [t:96] Handling async callback 
[17:08:00.016] [info] [t:96] SyncEngine: Fetching contention.txt
[17:08:00.017] [info] [t:96] [Fetch] Only fetch file stats since content is the same!
[17:08:00.017] [trace] [t:96] Calling InitCallbackList
[17:08:00.017] [trace] [t:96] Received completion queue callback
[17:08:00.018] [trace] [t:96] Handling async callback 
[17:08:00.018] [info] [t:96] SyncEngine: Fetching contention.txt
[17:08:00.018] [info] [t:96] [Fetch] Only fetch file stats since content is the same!
[17:08:00.019] [trace] [t:96] Calling InitCallbackList
[17:08:00.020] [trace] [t:96] Received completion queue callback
[17:08:00.020] [trace] [t:96] Handling async callback 
[17:08:00.020] [info] [t:96] SyncEngine: Fetching contention.txt
[17:08:00.020] [info] [t:96] [Fetch] Only fetch file stats since content is the same!
[17:08:00.021] [trace] [t:96] Calling InitCallbackList
[17:08:00.022] [trace] [t:96] Received completion queue callback
[17:08:00.022] [trace] [t:96] Handling async callback 
[17:08:00.022] [info] [t:96] SyncEngine: Fetching contention.txt
[17:08:00.023] [info] [t:96] [Fetch] Only fetch file stats since content is the same!
[17:08:00.023] [trace] [t:96] Calling InitCallbackList
[17:08:00.024] [trace] [t:96] Received completion queue callback
[17:08:00.024] [trace] [t:96] Handling async callback 
[17:08:00.024] [info] [t:96] SyncEngine: Fetching contention.txt
[17:08:00.025] [info] [t:96] [Fetch] Only fetch file stats since content is the same!
[17:08:00.025] [trace] [t:96] Calling InitCallbackList
[17:08:00.026] [trace] [t:96] Received completion queue callback
[17:08:00.026] [trace] [t:96] Handling async callback 
[17:08:00.026] [info] [t:96] SyncEngine: Fetching contention.txt
[17:08:00.027] [info] [t:96] [Fetch] Only fetch file stats since content is the same!
[17:08:00.027] [trace] [t:96] Calling InitCallbackList
[17:08:00.028] [trace] [t:96] Received completion queue callback
[17:08:00.028] [trace] [t:96] Handling async callback 
[17:08:00.028] [info] [t:96] SyncEngine: Fetching contention.txt
[17:08:00.029] [info] [t:96] [Fetch] Only fetch file stats since content is the same!
[17:08:00.029] [trace] [t:96] Calling InitCallbackList
[17:08:00.030] [trace] [t:96] Received completion queue callback
[17:08:00.030] [trace] [t:96] Handling async callback 
[17:08:00.030] [info] [t:96] SyncEngine: Fetching contention.txt
[17:08:00.031] [info] [t:96] [Fetch] Only fetch file stats since content is the same!
[17:08:00.031] [trace] [t:96] Calling InitCallbackList
[17:08:00.032] [trace] [t:96] Received completion queue callback
[17:08:00.032] [trace] [t:96] Handling async callback 
[17:08:00.032] [info] [t:96] SyncEngine: Fetching contention.txt
[17:08:00.033] [info] [t:96] [Fetch] Only fetch file stats since content is the same!
[17:08:00.034] [trace] [t:96] Calling InitCallbackList
[17:08:00.034] [trace] [t:96] Received completion queue callback
[17:08:00.034] [trace] [t:96] Handling async callback 
[17:08:00.034] [info] [t:96] SyncEngine: Fetching contention.txt
[17:08:00.036] [info] [t:96] [Fetch] Only fetch file stats since content is the same!
[17:08:00.036] [trace] [t:96] Calling InitCallbackList
[17:08:00.037] [trace] [t:96] Received completion queue callback
[17:08:00.037] [trace] [t:96] Handling async callback 
[17:08:00.037] [info] [t:96] SyncEngine: Fetching contention.txt
[17:08:00.038] [info] [t:96] [Fetch] Only fetch file stats since content is the same!
[17:08:00.038] [trace] [t:96] Calling InitCallbackList
[17:08:00.039] [trace] [t:96] Received completion queue callback
[17:08:00.039] [trace] [t:96] Handling async callback 
[17:08:00.039] [info] [t:96] SyncEngine: Fetching contention.txt
[17:08:00.041] [info] [t:96] [Fetch] Only fetch file stats since content is the same!
[17:08:00.041] [trace] [t:96] Calling InitCallbackList
[17:08:00.041] [trace] [t:96] Received completion queue callback
[17:08:00.041] [trace] [t:96] Handling async callback 
[17:08:00.042] [info] [t:96] SyncEngine: Fetching contention.txt
[17:08:00.043] [info] [t:96] [Fetch] Only fetch file stats since content is the same!
[17:08:00.044] [trace] [t:96] Calling InitCallbackList
[17:08:00.044] [trace] [t:96] Received completion queue callback
[17:08:00.044] [trace] [t:96] Handling async callback 
[17:08:00.044] [info] [t:96] SyncEngine: Fetching contention.txt
[17:08:00.046] [info] [t:96] [Fetch] Only fetch file stats since content is the same!
[17:08:00.046] [trace] [t:96] Calling InitCallbackList
[17:08:00.047] [trace] [t:96] Received completion queue callback
[17:08:00.047] [trace] [t:96] Handling async callback 
[17:08:00.048] [info] [t:96] SyncEngine: Fetching contention.txt
[17:08:00.049] [info] [t:96] [Fetch] Only fetch file stats since content is the same!
[17:08:00.049] [trace] [t:96] Calling InitCallbackList
[17:08:00.050] [trace] [t:96] Received completion queue callback
[17:08:00.050] [trace] [t:96] Handling async callback 
[17:08:00.050] [info] [t:96] SyncEngine: Fetching contention.txt
[17:08:00.051] [info] [t:96] [Fetch] Only fetch file stats since content is the same!
[17:08:00.051] [trace] [t:96] Calling InitCallbackList
[17:08:00.052] [trace] [t:96] Received completion queue callback
[17:08:00.052] [trace] [t:96] Handling async callback 
[17:08:00.052] [info] [t:96] SyncEngine: Fetching contention.txt
[17:08:00.053] [info] [t:96] [Fetch] Only fetch file stats since content is the same!
[17:08:00.053] [trace] [t:96] Calling InitCallbackList
[17:08:00.054] [trace] [t:96] Received completion queue callback
[17:08:00.054] [trace] [t:96] Handling async callback 
[17:08:00.054] [info] [t:96] SyncEngine: Fetching contention.txt
[17:08:00.055] [info] [t:96] [Fetch] Only fetch file stats since content is the same!
[17:08:00.055] [trace] [t:96] Calling InitCallbackList
[17:08:00.057] [trace] [t:96] Received completion queue callback
[17:08:00.057] [trace] [t:96] Handling async callback 
[17:08:00.057] [info] [t:96] SyncEngine: Fetching contention.txt
[17:08:00.058] [info] [t:96] [Fetch] Only fetch file stats since content is the same!
[17:08:00.058] [trace] [t:96] Calling InitCallbackList
[17:08:00.059] [trace] [t:96] Received completion queue callback
[17:08:00.059] [trace] [t:96] Handling async callback 
[17:08:00.059] [info] [t:96] SyncEngine: Fetching contention.txt
[17:08:00.060] [info] [t:96] [Fetch] Only fetch file stats since content is the same!
[17:08:00.060] [trace] [t:96] Calling InitCallbackList
[17:08:00.061] [trace] [t:96] Received completion queue callback
[17:08:00.061] [trace] [t:96] Handling async callback 
[17:08:00.061] [info] [t:96] SyncEngine: Fetching contention.txt
[17:08:00.062] [info] [t:96] [Fetch] Only fetch file stats since content is the same!
[17:08:00.062] [trace] [t:96] Calling InitCallbackList
[17:08:00.064] [trace] [t:96] Received completion queue callback
[17:08:00.064] [trace] [t:96] Handling async callback 
[17:08:00.064] [info] [t:96] SyncEngine: Fetching contention.txt
[17:08:00.065] [info] [t:96] [Fetch] Only fetch file stats since content is the same!
[17:08:00.065] [trace] [t:96] Calling InitCallbackList
[17:08:00.066] [trace] [t:96] Received completion queue callback
[17:08:00.066] [trace] [t:96] Handling async callback 
[17:08:00.066] [info] [t:96] SyncEngine: Fetching contention.txt
[17:08:00.067] [info] [t:96] [Fetch] Only fetch file stats since content is the same!
[17:08:00.067] [trace] [t:96] Calling InitCallbackList
[17:08:00.068] [trace] [t:96] Received completion queue callback
[17:08:00.069] [trace] [t:96] Handling async callback 
[17:08:00.069] [info] [t:96] SyncEngine: Fetching contention.txt
[17:08:00.070] [info] [t:96] [Fetch] Only fetch file stats since content is the same!
[17:08:00.070] [trace] [t:96] Calling InitCallbackList
[17:08:00.071] [trace] [t:96] Received completion queue callback
[17:08:00.071] [trace] [t:96] Handling async callback 
[17:08:00.071] [info] [t:96] SyncEngine: Fetching contention.txt
[17:08:00.072] [info] [t:96] [Fetch] Only fetch file stats since content is the same!
[17:08:00.072] [trace] [t:96] Calling InitCallbackList
[17:08:00.074] [trace] [t:96] Received completion queue callback
[17:08:00.074] [trace] [t:96] Handling async callback 
[17:08:00.074] [info] [t:96] SyncEngine: Fetching contention.txt
[17:08:00.075] [info] [t:96] [Fetch] Only fetch file stats since content is the same!
[17:08:00.075] [trace] [t:96] Calling InitCallbackList
[17:08:00.076] [trace] [t:96] Received completion queue callback
[17:08:00.076] [trace] [t:96] Handling async callback 
[17:08:00.076] [info] [t:96] SyncEngine: Fetching contention.txt
[17:08:00.078] [info] [t:96] [Fetch] Only fetch file stats since content is the same!
[17:08:00.078] [trace] [t:96] Calling InitCallbackList
[17:08:00.079] [trace] [t:96] Received completion queue callback
[17:08:00.079] [trace] [t:96] Handling async callback 
[17:08:00.079] [info] [t:96] SyncEngine: Fetching contention.txt
[17:08:00.080] [info] [t:96] [Fetch] Only fetch file stats since content is the same!
[17:08:00.080] [trace] [t:96] Calling InitCallbackList
[17:08:00.080] [trace] [t:96] Received completion queue callback
[17:08:00.081] [trace] [t:96] Handling async callback 
[17:08:00.081] [info] [t:96] SyncEngine: Fetching contention.txt
[17:08:00.082] [info] [t:96] [Fetch] Only fetch file stats since content is the same!
[17:08:00.083] [trace] [t:96] Calling InitCallbackList
[17:08:00.084] [trace] [t:96] Received completion queue callback
[17:08:00.084] [trace] [t:96] Handling async callback 
[17:08:00.084] [info] [t:96] SyncEngine: Fetching contention.txt
[17:08:00.085] [info] [t:96] [Fetch] Only fetch file stats since content is the same!
[17:08:00.085] [trace] [t:96] Calling InitCallbackList
[17:08:00.086] [trace] [t:96] Received completion queue callback
[17:08:00.086] [trace] [t:96] Handling async callback 
[17:08:00.087] [info] [t:96] SyncEngine: Fetching contention.txt
[17:08:00.088] [info] [t:96] [Fetch] Only fetch file stats since content is the same!
[17:08:00.089] [trace] [t:96] Calling InitCallbackList
[17:08:00.089] [trace] [t:96] Received completion queue callback
[17:08:00.089] [trace] [t:96] Handling async callback 
[17:08:00.090] [info] [t:96] SyncEngine: Fetching contention.txt
[17:08:00.091] [info] [t:96] [Fetch] Only fetch file stats since content is the same!
[17:08:00.091] [trace] [t:96] Calling InitCallbackList
[17:08:00.092] [trace] [t:96] Received completion queue callback
[17:08:00.092] [trace] [t:96] Handling async callback 
[17:08:00.092] [info] [t:96] SyncEngine: Fetching contention.txt
[17:08:00.093] [info] [t:96] [Fetch] Only fetch file stats since content is the same!
[17:08:00.093] [trace] [t:96] Calling InitCallbackList
[17:08:00.094] [trace] [t:96] Received completion queue callback
[17:08:00.094] [trace] [t:96] Handling async callback 
[17:08:00.094] [info] [t:96] SyncEngine: Fetching contention.txt
[17:08:00.096] [info] [t:96] [Fetch] Only fetch file stats since content is the same!
[17:08:00.096] [trace] [t:96] Calling InitCallbackList
[17:08:00.097] [trace] [t:96] Received completion queue callback
[17:08:00.097] [trace] [t:96] Handling async callback 
[17:08:00.097] [info] [t:96] SyncEngine: Fetching contention.txt
[17:08:00.099] [info] [t:96] [Fetch] Only fetch file stats since content is the same!
[17:08:00.099] [trace] [t:96] Calling InitCallbackList
[17:08:00.100] [trace] [t:96] Received completion queue callback
[17:08:00.100] [trace] [t:96] Handling async callback 
[17:08:00.100] [info] [t:96] SyncEngine: Fetching contention.txt
[17:08:00.101] [info] [t:96] [Fetch] Only fetch file stats since content is the same!
[17:08:00.101] [trace] [t:96] Calling InitCallbackList
[17:08:00.103] [trace] [t:96] Received completion queue callback
[17:08:00.103] [trace] [t:96] Handling async callback 
[17:08:00.103] [info] [t:96] SyncEngine: Fetching contention.txt
[17:08:00.104] [info] [t:96] [Fetch] Only fetch file stats since content is the same!
[17:08:00.105] [trace] [t:96] Calling InitCallbackList
[17:08:00.106] [trace] [t:96] Received completion queue callback
[17:08:00.106] [trace] [t:96] Handling async callback 
[17:08:00.106] [info] [t:96] SyncEngine: Fetching contention.txt
[17:08:00.107] [info] [t:96] [Fetch] Only fetch file stats since content is the same!
[17:08:00.107] [trace] [t:96] Calling InitCallbackList
[17:08:00.109] [trace] [t:96] Received completion queue callback
[17:08:00.109] [trace] [t:96] Handling async callback 
[17:08:00.109] [info] [t:96] SyncEngine: Fetching contention.txt
[17:08:00.111] [info] [t:96] [Fetch] Only fetch file stats since content is the same!
[17:08:00.111] [trace] [t:96] Calling InitCallbackList
[17:08:00.112] [trace] [t:96] Received completion queue callback
[17:08:00.112] [trace] [t:96] Handling async callback 
[17:08:00.112] [info] [t:96] SyncEngine: Fetching contention.txt
[17:08:00.113] [info] [t:96] [Fetch] Only fetch file stats since content is the same!
[17:08:00.113] [trace] [t:96] Calling InitCallbackList
[17:08:00.114] [trace] [t:96] Received completion queue callback
[17:08:00.114] [trace] [t:96] Handling async callback 
[17:08:00.114] [info] [t:96] SyncEngine: Fetching contention.txt
[17:08:00.115] [info] [t:96] [Fetch] Only fetch file stats since content is the same!
[17:08:00.116] [trace] [t:96] Calling InitCallbackList
[17:08:00.116] [trace] [t:96] Received completion queue callback
[17:08:00.116] [trace] [t:96] Handling async callback 
[17:08:00.116] [info] [t:96] SyncEngine: Fetching contention.txt
[17:08:00.118] [info] [t:96] [Fetch] Only fetch file stats since content is the same!
[17:08:00.118] [trace] [t:96] Calling InitCallbackList
[17:08:00.119] [trace] [t:96] Received completion queue callback
[17:08:00.119] [trace] [t:96] Handling async callback 
[17:08:00.120] [info] [t:96] SyncEngine: Fetching contention.txt
[17:08:00.121] [info] [t:96] [Fetch] Only fetch file stats since content is the same!
[17:08:00.121] [trace] [t:96] Calling InitCallbackList
[17:08:00.122] [trace] [t:96] Received completion queue callback
[17:08:00.123] [trace] [t:96] Handling async callback 
[17:08:00.123] [info] [t:96] SyncEngine: Fetching contention.txt
[17:08:00.125] [info] [t:96] [Fetch] Only fetch file stats since content is the same!
[17:08:00.125] [trace] [t:96] Calling InitCallbackList
[17:08:00.126] [trace] [t:96] Received completion queue callback
[17:08:00.126] [trace] [t:96] Handling async callback 
[17:08:00.126] [info] [t:96] SyncEngine: Fetching contention.txt
[17:08:00.127] [info] [t:96] [Fetch] Only fetch file stats since content is the same!
[17:08:00.127] [trace] [t:96] Calling InitCallbackList
[17:08:00.128] [trace] [t:96] Received completion queue callback
[17:08:00.129] [trace] [t:96] Handling async callback 
[17:08:00.129] [info] [t:96] SyncEngine: Fetching contention.txt
[17:08:00.130] [info] [t:96] [Fetch] Only fetch file stats since content is the same!
[17:08:00.130] [trace] [t:96] Calling InitCallbackList
[17:08:00.131] [trace] [t:96] Received completion queue callback
[17:08:00.131] [trace] [t:96] Handling async callback 
[17:08:00.131] [info] [t:96] SyncEngine: Fetching contention.txt
[17:08:00.132] [info] [t:96] [Fetch] Only fetch file stats since content is the same!
[17:08:00.132] [trace] [t:96] Calling InitCallbackList
[17:08:00.133] [trace] [t:96] Received completion queue callback
[17:08:00.133] [trace] [t:96] Handling async callback 
[17:08:00.133] [info] [t:96] SyncEngine: Fetching contention.txt
[17:08:00.134] [info] [t:96] [Fetch] Only fetch file stats since content is the same!
[17:08:00.134] [trace] [t:96] Calling InitCallbackList
[17:08:00.135] [trace] [t:96] Received completion queue callback
[17:08:00.135] [trace] [t:96] Handling async callback 
[17:08:00.135] [info] [t:96] SyncEngine: Fetching contention.txt
[17:08:00.136] [info] [t:96] [Fetch] Only fetch file stats since content is the same!
[17:08:00.136] [trace] [t:96] Calling InitCallbackList
[17:08:00.137] [trace] [t:96] Received completion queue callback
[17:08:00.137] [trace] [t:96] Handling async callback 
[17:08:00.137] [info] [t:96] SyncEngine: Fetching contention.txt
[17:08:00.138] [info] [t:96] [Fetch] Only fetch file stats since content is the same!
[17:08:00.138] [trace] [t:96] Calling InitCallbackList
[17:08:00.139] [trace] [t:96] Received completion queue callback
[17:08:00.139] [trace] [t:96] Handling async callback 
[17:08:00.139] [info] [t:96] SyncEngine: Fetching contention.txt
[17:08:00.140] [info] [t:96] [Fetch] Only fetch file stats since content is the same!
[17:08:00.140] [trace] [t:96] Calling InitCallbackList
[17:08:00.142] [trace] [t:96] Received completion queue callback
[17:08:00.142] [trace] [t:96] Handling async callback 
[17:08:00.142] [info] [t:96] SyncEngine: Fetching contention.txt
[17:08:00.143] [info] [t:96] [Fetch] Only fetch file stats since content is the same!
[17:08:00.143] [trace] [t:96] Calling InitCallbackList
[17:08:00.144] [trace] [t:96] Received completion queue callback
[17:08:00.144] [trace] [t:96] Handling async callback 
[17:08:00.144] [info] [t:96] SyncEngine: Fetching contention.txt
[17:08:00.146] [info] [t:96] [Fetch] Only fetch file stats since content is the same!
[17:08:00.146] [trace] [t:96] Calling InitCallbackList
[17:08:00.148] [trace] [t:96] Received completion queue callback
[17:08:00.148] [trace] [t:96] Handling async callback 
[17:08:00.148] [info] [t:96] SyncEngine: Fetching contention.txt
[17:08:00.150] [info] [t:96] [Fetch] Only fetch file stats since content is the same!
[17:08:00.150] [trace] [t:96] Calling InitCallbackList
[17:08:00.151] [trace] [t:96] Received completion queue callback
[17:08:00.151] [trace] [t:96] Handling async callback 
[17:08:00.151] [info] [t:96] SyncEngine: Fetching contention.txt
[17:08:00.152] [info] [t:96] [Fetch] Only fetch file stats since content is the same!
[17:08:00.153] [trace] [t:96] Calling InitCallbackList
[17:08:00.154] [trace] [t:96] Received completion queue callback
[17:08:00.154] [trace] [t:96] Handling async callback 
[17:08:00.154] [info] [t:96] SyncEngine: Fetching contention.txt
[17:08:00.155] [info] [t:96] [Fetch] Only fetch file stats since content is the same!
[17:08:00.155] [trace] [t:96] Calling InitCallbackList
[17:08:00.156] [trace] [t:96] Received completion queue callback
[17:08:00.156] [trace] [t:96] Handling async callback 
[17:08:00.156] [info] [t:96] SyncEngine: Fetching contention.txt
[17:08:00.157] [info] [t:96] [Fetch] Only fetch file stats since content is the same!
[17:08:00.157] [trace] [t:96] Calling InitCallbackList
[17:08:00.159] [trace] [t:96] Received completion queue callback
[17:08:00.159] [trace] [t:96] Handling async callback 
[17:08:00.159] [info] [t:96] SyncEngine: Fetching contention.txt
[17:08:00.160] [info] [t:96] [Fetch] Only fetch file stats since content is the same!
[17:08:00.160] [trace] [t:96] Calling InitCallbackList
[17:08:00.161] [trace] [t:96] Received completion queue callback
[17:08:00.161] [trace] [t:96] Handling async callback 
[17:08:00.161] [info] [t:96] SyncEngine: Fetching contention.txt
[17:08:00.162] [info] [t:96] [Fetch] Only fetch file stats since content is the same!
[17:08:00.162] [trace] [t:96] Calling InitCallbackList
[17:08:00.164] [trace] [t:96] Received completion queue callback
[17:08:00.164] [trace] [t:96] Handling async callback 
[17:08:00.164] [info] [t:96] SyncEngine: Fetching contention.txt
[17:08:00.165] [info] [t:96] [Fetch] Only fetch file stats since content is the same!
[17:08:00.166] [trace] [t:96] Calling InitCallbackList
[17:08:00.167] [trace] [t:96] Received completion queue callback
[17:08:00.167] [trace] [t:96] Handling async callback 
[17:08:00.167] [info] [t:96] SyncEngine: Fetching contention.txt
[17:08:00.168] [info] [t:96] [Fetch] Only fetch file stats since content is the same!
[17:08:00.168] [trace] [t:96] Calling InitCallbackList
[17:08:00.169] [trace] [t:96] Received completion queue callback
[17:08:00.169] [trace] [t:96] Handling async callback 
[17:08:00.169] [info] [t:96] SyncEngine: Fetching contention.txt
[17:08:00.170] [info] [t:96] [Fetch] Only fetch file stats since content is the same!
[17:08:00.170] [trace] [t:96] Calling InitCallbackList
[17:08:00.171] [trace] [t:96] Received completion queue callback
[17:08:00.171] [trace] [t:96] Handling async callback 
[17:08:00.171] [info] [t:96] SyncEngine: Fetching contention.txt
[17:08:00.172] [info] [t:96] [Fetch] Only fetch file stats since content is the same!
[17:08:00.172] [trace] [t:96] Calling InitCallbackList
[17:08:00.174] [trace] [t:96] Received completion queue callback
[17:08:00.174] [trace] [t:96] Handling async callback 
[17:08:00.174] [info] [t:96] SyncEngine: Fetching contention.txt
[17:08:00.175] [info] [t:96] [Fetch] Only fetch file stats since content is the same!
[17:08:00.175] [trace] [t:96] Calling InitCallbackList
[17:08:00.176] [trace] [t:96] Received completion queue callback
[17:08:00.176] [trace] [t:96] Handling async callback 
[17:08:00.176] [info] [t:96] SyncEngine: Fetching contention.txt
[17:08:00.177] [info] [t:96] [Fetch] Only fetch file stats since content is the same!
[17:08:00.177] [trace] [t:96] Calling InitCallbackList
[17:08:00.178] [trace] [t:96] Received completion queue callback
[17:08:00.178] [trace] [t:96] Handling async callback 
[17:08:00.178] [info] [t:96] SyncEngine: Fetching contention.txt
[17:08:00.179] [info] [t:96] [Fetch] Only fetch file stats since content is the same!
[17:08:00.179] [trace] [t:96] Calling InitCallbackList
[17:08:00.180] [trace] [t:96] Received completion queue callback
[17:08:00.180] [trace] [t:96] Handling async callback 
[17:08:00.180] [info] [t:96] SyncEngine: Fetching contention.txt
[17:08:00.182] [info] [t:96] [Fetch] Only fetch file stats since content is the same!
[17:08:00.182] [trace] [t:96] Calling InitCallbackList
[17:08:00.183] [trace] [t:96] Received completion queue callback
[17:08:00.183] [trace] [t:96] Handling async callback 
[17:08:00.183] [info] [t:96] SyncEngine: Fetching contention.txt
[17:08:00.185] [info] [t:96] [Fetch] Only fetch file stats since content is the same!
[17:08:00.185] [trace] [t:96] Calling InitCallbackList
[17:08:00.186] [trace] [t:96] Received completion queue callback
[17:08:00.186] [trace] [t:96] Handling async callback 
[17:08:00.186] [info] [t:96] SyncEngine: Fetching contention.txt
[17:08:00.187] [info] [t:96] [Fetch] Only fetch file stats since content is the same!
[17:08:00.187] [trace] [t:96] Calling InitCallbackList
[17:08:00.188] [trace] [t:96] Received completion queue callback
[17:08:00.188] [trace] [t:96] Handling async callback 
[17:08:00.188] [info] [t:96] SyncEngine: Fetching contention.txt
[17:08:00.190] [info] [t:96] [Fetch] Only fetch file stats since content is the same!
[17:08:00.190] [trace] [t:96] Calling InitCallbackList
[17:08:00.191] [trace] [t:96] Received completion queue callback
[17:08:00.191] [trace] [t:96] Handling async callback 
[17:08:00.191] [info] [t:96] SyncEngine: Fetching contention.txt
[17:08:00.192] [info] [t:96] [Fetch] Only fetch file stats since content is the same!
[17:08:00.192] [trace] [t:96] Calling InitCallbackList
[17:08:00.193] [trace] [t:96] Received completion queue callback
[17:08:00.193] [trace] [t:96] Handling async callback 
[17:08:00.193] [info] [t:96] SyncEngine: Fetching contention.txt
[17:08:00.194] [info] [t:96] [Fetch] Only fetch file stats since content is the same!
[17:08:00.194] [trace] [t:96] Calling InitCallbackList
[17:08:00.196] [trace] [t:96] Received completion queue callback
[17:08:00.197] [trace] [t:96] Handling async callback 
[17:08:00.197] [info] [t:96] SyncEngine: Fetching contention.txt
[17:08:00.198] [info] [t:96] [Fetch] Only fetch file stats since content is the same!
[17:08:00.198] [trace] [t:96] Calling InitCallbackList
[17:08:00.199] [trace] [t:96] Received completion queue callback
[17:08:00.199] [trace] [t:96] Handling async callback 
[17:08:00.200] [info] [t:96] SyncEngine: Fetching contention.txt
[17:08:00.200] [info] [t:96] [Fetch] Only fetch file stats since content is the same!
[17:08:00.201] [trace] [t:96] Calling InitCallbackList
[17:08:00.202] [trace] [t:96] Received completion queue callback
[17:08:00.202] [trace] [t:96] Handling async callback 
[17:08:00.202] [info] [t:96] SyncEngine: Fetching contention.txt
[17:08:00.203] [info] [t:96] [Fetch] Only fetch file stats since content is the same!
[17:08:00.203] [trace] [t:96] Calling InitCallbackList
[17:08:00.204] [trace] [t:96] Received completion queue callback
[17:08:00.204] [trace] [t:96] Handling async callback 
[17:08:00.204] [info] [t:96] SyncEngine: Fetching contention.txt
[17:08:00.206] [info] [t:96] [Fetch] Only fetch file stats since content is the same!
[17:08:00.206] [trace] [t:96] Calling InitCallbackList
[17:08:00.207] [trace] [t:96] Received completion queue callback
[17:08:00.207] [trace] [t:96] Handling async callback 
[17:08:00.207] [info] [t:96] SyncEngine: Fetching contention.txt
[17:08:00.208] [info] [t:96] [Fetch] Only fetch file stats since content is the same!
[17:08:00.208] [trace] [t:96] Calling InitCallbackList
[17:08:00.210] [trace] [t:96] Received completion queue callback
[17:08:00.210] [trace] [t:96] Handling async callback 
[17:08:00.210] [info] [t:96] SyncEngine: Fetching contention.txt
[17:08:00.211] [info] [t:96] [Fetch] Only fetch file stats since content is the same!
[17:08:00.211] [trace] [t:96] Calling InitCallbackList
[17:08:00.212] [trace] [t:96] Received completion queue callback
[17:08:00.212] [trace] [t:96] Handling async callback 
[17:08:00.212] [info] [t:96] SyncEngine: Fetching contention.txt
[17:08:00.213] [info] [t:96] [Fetch] Only fetch file stats since content is the same!
[17:08:00.213] [trace] [t:96] Calling InitCallbackList
[17:08:00.214] [trace] [t:96] Received completion queue callback
[17:08:00.214] [trace] [t:96] Handling async callback 
[17:08:00.214] [info] [t:96] SyncEngine: Fetching contention.txt
[17:08:00.215] [info] [t:96] [Fetch] Only fetch file stats since content is the same!
[17:08:00.216] [trace] [t:96] Calling InitCallbackList
[17:08:00.218] [trace] [t:96] Received completion queue callback
[17:08:00.218] [trace] [t:96] Handling async callback 
[17:08:00.218] [info] [t:96] SyncEngine: Fetching contention.txt
[17:08:00.220] [info] [t:96] [Fetch] Only fetch file stats since content is the same!
[17:08:00.221] [trace] [t:96] Calling InitCallbackList
[17:08:00.221] [trace] [t:96] Received completion queue callback
[17:08:00.221] [trace] [t:96] Handling async callback 
[17:08:00.221] [info] [t:96] SyncEngine: Fetching contention.txt
[17:08:00.222] [info] [t:96] [Fetch] Only fetch file stats since content is the same!
[17:08:00.222] [trace] [t:96] Calling InitCallbackList
[17:08:00.224] [trace] [t:96] Received completion queue callback
[17:08:00.224] [trace] [t:96] Handling async callback 
[17:08:00.224] [info] [t:96] SyncEngine: Fetching contention.txt
[17:08:00.225] [info] [t:96] [Fetch] Only fetch file stats since content is the same!
[17:08:00.225] [trace] [t:96] Calling InitCallbackList
[17:08:00.226] [trace] [t:96] Received completion queue callback
[17:08:00.226] [trace] [t:96] Handling async callback 
[17:08:00.226] [info] [t:96] SyncEngine: Fetching contention.txt
[17:08:00.228] [info] [t:96] [Fetch] Only fetch file stats since content is the same!
[17:08:00.228] [trace] [t:96] Calling InitCallbackList
[17:08:00.230] [trace] [t:96] Received completion queue callback
[17:08:00.230] [trace] [t:96] Handling async callback 
[17:08:00.230] [info] [t:96] SyncEngine: Fetching contention.txt
[17:08:00.231] [info] [t:96] [Fetch] Only fetch file stats since content is the same!
[17:08:00.231] [trace] [t:96] Calling InitCallbackList
[17:08:00.232] [trace] [t:96] Received completion queue callback
[17:08:00.232] [trace] [t:96] Handling async callback 
[17:08:00.232] [info] [t:96] SyncEngine: Fetching contention.txt
[17:08:00.233] [info] [t:96] [Fetch] Only fetch file stats since content is the same!
[17:08:00.234] [trace] [t:96] Calling InitCallbackList
[17:08:00.235] [trace] [t:96] Received completion queue callback
[17:08:00.235] [trace] [t:96] Handling async callback 
[17:08:00.235] [info] [t:96] SyncEngine: Fetching contention.txt
[17:08:00.236] [info] [t:96] [Fetch] Only fetch file stats since content is the same!
[17:08:00.236] [trace] [t:96] Calling InitCallbackList
[17:08:00.237] [trace] [t:96] Received completion queue callback
[17:08:00.237] [trace] [t:96] Handling async callback 
[17:08:00.237] [info] [t:96] SyncEngine: Fetching contention.txt
[17:08:00.239] [info] [t:96] [Fetch] Only fetch file stats since content is the same!
[17:08:00.239] [trace] [t:96] Calling InitCallbackList
[17:08:00.240] [trace] [t:96] Received completion queue callback
[17:08:00.240] [trace] [t:96] Handling async callback 
[17:08:00.240] [info] [t:96] SyncEngine: Fetching contention.txt
[17:08:00.241] [info] [t:96] [Fetch] Only fetch file stats since content is the same!
[17:08:00.241] [trace] [t:96] Calling InitCallbackList
[17:08:00.242] [trace] [t:96] Received completion queue callback
[17:08:00.242] [trace] [t:96] Handling async callback 
[17:08:00.243] [info] [t:96] SyncEngine: Fetching contention.txt
[17:08:00.244] [info] [t:96] [Fetch] Only fetch file stats since content is the same!
[17:08:00.244] [trace] [t:96] Calling InitCallbackList
[17:08:00.245] [trace] [t:96] Received completion queue callback
[17:08:00.245] [trace] [t:96] Handling async callback 
[17:08:00.245] [info] [t:96] SyncEngine: Fetching contention.txt
[17:08:00.246] [info] [t:96] [Fetch] Only fetch file stats since content is the same!
[17:08:00.246] [trace] [t:96] Calling InitCallbackList
[17:08:00.247] [trace] [t:96] Received completion queue callback
[17:08:00.247] [trace] [t:96] Handling async callback 
[17:08:00.247] [info] [t:96] SyncEngine: Fetching contention.txt
[17:08:00.249] [info] [t:96] [Fetch] Only fetch file stats since content is the same!
[17:08:00.249] [trace] [t:96] Calling InitCallbackList
[17:08:00.250] [trace] [t:96] Received completion queue callback
[17:08:00.251] [trace] [t:96] Handling async callback 
[17:08:00.251] [info] [t:96] SyncEngine: Fetching contention.txt
[17:08:00.252] [info] [t:96] [Fetch] Only fetch file stats since content is the same!
[17:08:00.252] [trace] [t:96] Calling InitCallbackList
[17:08:00.253] [trace] [t:96] Received completion queue callback
[17:08:00.253] [trace] [t:96] Handling async callback 
[17:08:00.253] [info] [t:96] SyncEngine: Fetching contention.txt
[17:08:00.254] [info] [t:96] [Fetch] Only fetch file stats since content is the same!
[17:08:00.254] [trace] [t:96] Calling InitCallbackList
[17:08:00.256] [trace] [t:96] Received completion queue callback
[17:08:00.256] [trace] [t:96] Handling async callback 
[17:08:00.256] [info] [t:96] SyncEngine: Fetching contention.txt
[17:08:00.257] [info] [t:96] [Fetch] Only fetch file stats since content is the same!
[17:08:00.257] [trace] [t:96] Calling InitCallbackList
[17:08:00.259] [trace] [t:96] Received completion queue callback
[17:08:00.259] [trace] [t:96] Handling async callback 
[17:08:00.259] [info] [t:96] SyncEngine: Fetching contention.txt
[17:08:00.260] [info] [t:96] [Fetch] Only fetch file stats since content is the same!
[17:08:00.260] [trace] [t:96] Calling InitCallbackList
[17:08:00.261] [trace] [t:96] Received completion queue callback
[17:08:00.261] [trace] [t:96] Handling async callback 
[17:08:00.261] [info] [t:96] SyncEngine: Fetching contention.txt
[17:08:00.262] [info] [t:96] [Fetch] Only fetch file stats since content is the same!
[17:08:00.263] [trace] [t:96] Calling InitCallbackList
[17:08:00.264] [trace] [t:96] Received completion queue callback
[17:08:00.264] [trace] [t:96] Handling async callback 
[17:08:00.264] [info] [t:96] SyncEngine: Fetching contention.txt
[17:08:00.265] [info] [t:96] [Fetch] Only fetch file stats since content is the same!
[17:08:00.265] [trace] [t:96] Calling InitCallbackList
[17:08:00.265] [trace] [t:96] Received completion queue callback
[17:08:00.265] [trace] [t:96] Handling async callback 
[17:08:00.266] [info] [t:96] SyncEngine: Fetching contention.txt
[17:08:00.266] [info] [t:96] [Fetch] Only fetch file stats since content is the same!
[17:08:00.266] [trace] [t:96] Calling InitCallbackList
[17:08:00.268] [trace] [t:96] Received completion queue callback
[17:08:00.268] [trace] [t:96] Handling async callback 
[17:08:00.268] [info] [t:96] SyncEngine: Fetching contention.txt
[17:08:00.269] [info] [t:96] [Fetch] Only fetch file stats since content is the same!
[17:08:00.269] [trace] [t:96] Calling InitCallbackList
[17:08:00.270] [trace] [t:96] Received completion queue callback
[17:08:00.270] [trace] [t:96] Handling async callback 
[17:08:00.271] [info] [t:96] SyncEngine: Fetching contention.txt
[17:08:00.272] [info] [t:96] [Fetch] Only fetch file stats since content is the same!
[17:08:00.272] [trace] [t:96] Calling InitCallbackList
[17:08:00.273] [trace] [t:96] Received completion queue callback
[17:08:00.274] [trace] [t:96] Handling async callback 
[17:08:00.274] [info] [t:96] SyncEngine: Fetching contention.txt
[17:08:00.275] [info] [t:96] [Fetch] Only fetch file stats since content is the same!
[17:08:00.275] [trace] [t:96] Calling InitCallbackList
[17:08:00.276] [trace] [t:96] Received completion queue callback
[17:08:00.276] [trace] [t:96] Handling async callback 
[17:08:00.276] [info] [t:96] SyncEngine: Fetching contention.txt
[17:08:00.277] [info] [t:96] [Fetch] Only fetch file stats since content is the same!
[17:08:00.277] [trace] [t:96] Calling InitCallbackList
[17:08:00.278] [trace] [t:96] Received completion queue callback
[17:08:00.278] [trace] [t:96] Handling async callback 
[17:08:00.278] [info] [t:96] SyncEngine: Fetching contention.txt
[17:08:00.279] [info] [t:96] [Fetch] Only fetch file stats since content is the same!
[17:08:00.279] [trace] [t:96] Calling InitCallbackList
[17:08:00.280] [trace] [t:96] Received completion queue callback
[17:08:00.280] [trace] [t:96] Handling async callback 
[17:08:00.280] [info] [t:96] SyncEngine: Fetching contention.txt
[17:08:00.281] [info] [t:96] [Fetch] Only fetch file stats since content is the same!
[17:08:00.281] [trace] [t:96] Calling InitCallbackList
[17:08:00.282] [trace] [t:96] Received completion queue callback
[17:08:00.282] [trace] [t:96] Handling async callback 
[17:08:00.282] [info] [t:96] SyncEngine: Fetching contention.txt
[17:08:00.285] [info] [t:96] [Fetch] Only fetch file stats since content is the same!
[17:08:00.285] [trace] [t:96] Calling InitCallbackList
[17:08:00.286] [trace] [t:96] Received completion queue callback
[17:08:00.287] [trace] [t:96] Handling async callback 
[17:08:00.287] [info] [t:96] SyncEngine: Fetching contention.txt
[17:08:00.288] [info] [t:96] [Fetch] Only fetch file stats since content is the same!
[17:08:00.288] [trace] [t:96] Calling InitCallbackList
[17:08:00.289] [trace] [t:96] Received completion queue callback
[17:08:00.289] [trace] [t:96] Handling async callback 
[17:08:00.289] [info] [t:96] SyncEngine: Fetching contention.txt
[17:08:00.290] [info] [t:96] [Fetch] Only fetch file stats since content is the same!
[17:08:00.290] [trace] [t:96] Calling InitCallbackList
[17:08:00.291] [trace] [t:96] Received completion queue callback
[17:08:00.291] [trace] [t:96] Handling async callback 
[17:08:00.291] [info] [t:96] SyncEngine: Fetching contention.txt
[17:08:00.292] [info] [t:96] [Fetch] Only fetch file stats since content is the same!
[17:08:00.292] [trace] [t:96] Calling InitCallbackList
[17:08:00.293] [trace] [t:96] Received completion queue callback
[17:08:00.293] [trace] [t:96] Handling async callback 
[17:08:00.293] [info] [t:96] SyncEngine: Fetching contention.txt
[17:08:00.294] [info] [t:96] [Fetch] Only fetch file stats since content is the same!
[17:08:00.294] [trace] [t:96] Calling InitCallbackList
[17:08:00.296] [trace] [t:96] Received completion queue callback
[17:08:00.296] [trace] [t:96] Handling async callback 
[17:08:00.296] [info] [t:96] SyncEngine: Fetching contention.txt
[17:08:00.297] [info] [t:96] [Fetch] Only fetch file stats since content is the same!
[17:08:00.297] [trace] [t:96] Calling InitCallbackList
[17:08:00.298] [trace] [t:96] Received completion queue callback
[17:08:00.298] [trace] [t:96] Handling async callback 
[17:08:00.299] [info] [t:96] SyncEngine: Fetching contention.txt
[17:08:00.300] [info] [t:96] [Fetch] Only fetch file stats since content is the same!
[17:08:00.300] [trace] [t:96] Calling InitCallbackList
[17:08:00.302] [trace] [t:96] Received completion queue callback
[17:08:00.302] [trace] [t:96] Handling async callback 
[17:08:00.302] [info] [t:96] SyncEngine: Fetching contention.txt
[17:08:00.303] [info] [t:96] [Fetch] Only fetch file stats since content is the same!
[17:08:00.303] [trace] [t:96] Calling InitCallbackList
[17:08:00.304] [trace] [t:96] Received completion queue callback
[17:08:00.304] [trace] [t:96] Handling async callback 
[17:08:00.304] [info] [t:96] SyncEngine: Fetching contention.txt
[17:08:00.306] [info] [t:96] [Fetch] Only fetch file stats since content is the same!
[17:08:00.306] [trace] [t:96] Calling InitCallbackList
[17:08:00.307] [trace] [t:96] Received completion queue callback
[17:08:00.307] [trace] [t:96] Handling async callback 
[17:08:00.308] [info] [t:96] SyncEngine: Fetching contention.txt
[17:08:00.309] [info] [t:96] [Fetch] Only fetch file stats since content is the same!
[17:08:00.309] [trace] [t:96] Calling InitCallbackList
[17:08:00.310] [trace] [t:96] Received completion queue callback
[17:08:00.310] [trace] [t:96] Handling async callback 
[17:08:00.310] [info] [t:96] SyncEngine: Fetching contention.txt
[17:08:00.312] [info] [t:96] [Fetch] Only fetch file stats since content is the same!
[17:08:00.312] [trace] [t:96] Calling InitCallbackList
[17:08:00.313] [trace] [t:96] Received completion queue callback
[17:08:00.313] [trace] [t:96] Handling async callback 
[17:08:00.313] [info] [t:96] SyncEngine: Fetching contention.txt
[17:08:00.315] [info] [t:96] [Fetch] Only fetch file stats since content is the same!
[17:08:00.315] [trace] [t:96] Calling InitCallbackList
[17:08:00.316] [trace] [t:96] Received completion queue callback
[17:08:00.316] [trace] [t:96] Handling async callback 
[17:08:00.316] [info] [t:96] SyncEngine: Fetching contention.txt
[17:08:00.317] [info] [t:96] [Fetch] Only fetch file stats since content is the same!
[17:08:00.318] [trace] [t:96] Calling InitCallbackList
[17:08:00.319] [trace] [t:96] Received completion queue callback
[17:08:00.319] [trace] [t:96] Handling async callback 
[17:08:00.319] [info] [t:96] SyncEngine: Fetching contention.txt
[17:08:00.320] [info] [t:96] [Fetch] Only fetch file stats since content is the same!
[17:08:00.320] [trace] [t:96] Calling InitCallbackList
[17:08:00.321] [trace] [t:96] Received completion queue callback
[17:08:00.321] [trace] [t:96] Handling async callback 
[17:08:00.321] [info] [t:96] SyncEngine: Fetching contention.txt
[17:08:00.322] [info] [t:96] [Fetch] Only fetch file stats since content is the same!
[17:08:00.322] [trace] [t:96] Calling InitCallbackList
[17:08:00.323] [trace] [t:96] Received completion queue callback
[17:08:00.323] [trace] [t:96] Handling async callback 
[17:08:00.323] [info] [t:96] SyncEngine: Fetching contention.txt
[17:08:00.324] [info] [t:96] [Fetch] Only fetch file stats since content is the same!
[17:08:00.324] [trace] [t:96] Calling InitCallbackList
[17:08:00.325] [trace] [t:96] Received completion queue callback
[17:08:00.325] [trace] [t:96] Handling async callback 
[17:08:00.325] [info] [t:96] SyncEngine: Fetching contention.txt
[17:08:00.326] [info] [t:96] [Fetch] Only fetch file stats since content is the same!
[17:08:00.326] [trace] [t:96] Calling InitCallbackList
[17:08:00.328] [trace] [t:96] Received completion queue callback
[17:08:00.328] [trace] [t:96] Handling async callback 
[17:08:00.328] [info] [t:96] SyncEngine: Fetching contention.txt
[17:08:00.329] [info] [t:96] [Fetch] Only fetch file stats since content is the same!
[17:08:00.329] [trace] [t:96] Calling InitCallbackList
[17:08:00.330] [trace] [t:96] Received completion queue callback
[17:08:00.330] [trace] [t:96] Handling async callback 
[17:08:00.330] [info] [t:96] SyncEngine: Fetching contention.txt
[17:08:00.331] [info] [t:96] [Fetch] Only fetch file stats since content is the same!
[17:08:00.331] [trace] [t:96] Calling InitCallbackList
[17:08:00.332] [trace] [t:96] Received completion queue callback
[17:08:00.332] [trace] [t:96] Handling async callback 
[17:08:00.332] [info] [t:96] SyncEngine: Fetching contention.txt
[17:08:00.333] [info] [t:96] [Fetch] Only fetch file stats since content is the same!
[17:08:00.333] [trace] [t:96] Calling InitCallbackList
[17:08:00.334] [trace] [t:96] Received completion queue callback
[17:08:00.334] [trace] [t:96] Handling async callback 
[17:08:00.334] [info] [t:96] SyncEngine: Fetching contention.txt
[17:08:00.336] [info] [t:96] [Fetch] Only fetch file stats since content is the same!
[17:08:00.336] [trace] [t:96] Calling InitCallbackList
[17:08:00.337] [trace] [t:96] Received completion queue callback
[17:08:00.337] [trace] [t:96] Handling async callback 
[17:08:00.337] [info] [t:96] SyncEngine: Fetching contention.txt
[17:08:00.339] [info] [t:96] [Fetch] Only fetch file stats since content is the same!
[17:08:00.339] [trace] [t:96] Calling InitCallbackList
[17:08:00.341] [trace] [t:96] Received completion queue callback
[17:08:00.341] [trace] [t:96] Handling async callback 
[17:08:00.341] [info] [t:96] SyncEngine: Fetching contention.txt
[17:08:00.342] [info] [t:96] [Fetch] Only fetch file stats since content is the same!
[17:08:00.342] [trace] [t:96] Calling InitCallbackList
[17:08:00.343] [trace] [t:96] Received completion queue callback
[17:08:00.343] [trace] [t:96] Handling async callback 
[17:08:00.343] [info] [t:96] SyncEngine: Fetching contention.txt
[17:08:00.344] [info] [t:96] [Fetch] Only fetch file stats since content is the same!
[17:08:00.344] [trace] [t:96] Calling InitCallbackList
[17:08:00.345] [trace] [t:96] Received completion queue callback
[17:08:00.345] [trace] [t:96] Handling async callback 
[17:08:00.345] [info] [t:96] SyncEngine: Fetching contention.txt
[17:08:00.346] [info] [t:96] [Fetch] Only fetch file stats since content is the same!
[17:08:00.346] [trace] [t:96] Calling InitCallbackList
[17:08:00.347] [trace] [t:96] Received completion queue callback
[17:08:00.347] [trace] [t:96] Handling async callback 
[17:08:00.347] [info] [t:96] SyncEngine: Fetching contention.txt
[17:08:00.348] [info] [t:96] [Fetch] Only fetch file stats since content is the same!
[17:08:00.348] [trace] [t:96] Calling InitCallbackList
[17:08:00.349] [trace] [t:96] Received completion queue callback
[17:08:00.349] [trace] [t:96] Handling async callback 
[17:08:00.350] [info] [t:96] SyncEngine: Fetching contention.txt
[17:08:00.350] [info] [t:96] [Fetch] Only fetch file stats since content is the same!
[17:08:00.351] [trace] [t:96] Calling InitCallbackList
[17:08:00.352] [trace] [t:96] Received completion queue callback
[17:08:00.352] [trace] [t:96] Handling async callback 
[17:08:00.352] [info] [t:96] SyncEngine: Fetching contention.txt
[17:08:00.354] [info] [t:96] [Fetch] Only fetch file stats since content is the same!
[17:08:00.354] [trace] [t:96] Calling InitCallbackList
[17:08:00.355] [trace] [t:96] Received completion queue callback
[17:08:00.355] [trace] [t:96] Handling async callback 
[17:08:00.355] [info] [t:96] SyncEngine: Fetching contention.txt
[17:08:00.357] [info] [t:96] [Fetch] Only fetch file stats since content is the same!
[17:08:00.357] [trace] [t:96] Calling InitCallbackList
[17:08:00.358] [trace] [t:96] Received completion queue callback
[17:08:00.358] [trace] [t:96] Handling async callback 
[17:08:00.358] [info] [t:96] SyncEngine: Fetching contention.txt
[17:08:00.359] [info] [t:96] [Fetch] Only fetch file stats since content is the same!
[17:08:00.359] [trace] [t:96] Calling InitCallbackList
[17:08:00.360] [trace] [t:96] Received completion queue callback
[17:08:00.360] [trace] [t:96] Handling async callback 
[17:08:00.360] [info] [t:96] SyncEngine: Fetching contention.txt
[17:08:00.361] [info] [t:96] [Fetch] Only fetch file stats since content is the same!
[17:08:00.361] [trace] [t:96] Calling InitCallbackList
[17:08:00.362] [trace] [t:96] Received completion queue callback
[17:08:00.362] [trace] [t:96] Handling async callback 
[17:08:00.362] [info] [t:96] SyncEngine: Fetching contention.txt
[17:08:00.363] [info] [t:96] [Fetch] Only fetch file stats since content is the same!
[17:08:00.363] [trace] [t:96] Calling InitCallbackList
[17:08:00.364] [trace] [t:96] Received completion queue callback
[17:08:00.365] [trace] [t:96] Handling async callback 
[17:08:00.365] [info] [t:96] SyncEngine: Fetching contention.txt
[17:08:00.366] [info] [t:96] [Fetch] Only fetch file stats since content is the same!
[17:08:00.366] [trace] [t:96] Calling InitCallbackList
[17:08:00.367] [trace] [t:96] Received completion queue callback
[17:08:00.367] [trace] [t:96] Handling async callback 
[17:08:00.367] [info] [t:96] SyncEngine: Fetching contention.txt
[17:08:00.369] [info] [t:96] [Fetch] Only fetch file stats since content is the same!
[17:08:00.369] [trace] [t:96] Calling InitCallbackList
[17:08:00.370] [trace] [t:96] Received completion queue callback
[17:08:00.370] [trace] [t:96] Handling async callback 
[17:08:00.370] [info] [t:96] SyncEngine: Fetching contention.txt
[17:08:00.371] [info] [t:96] [Fetch] Only fetch file stats since content is the same!
[17:08:00.371] [trace] [t:96] Calling InitCallbackList
[17:08:00.372] [trace] [t:96] Received completion queue callback
[17:08:00.372] [trace] [t:96] Handling async callback 
[17:08:00.372] [info] [t:96] SyncEngine: Fetching contention.txt
[17:08:00.373] [info] [t:96] [Fetch] Only fetch file stats since content is the same!
[17:08:00.373] [trace] [t:96] Calling InitCallbackList
[17:08:00.374] [trace] [t:96] Received completion queue callback
[17:08:00.374] [trace] [t:96] Handling async callback 
[17:08:00.374] [info] [t:96] SyncEngine: Fetching contention.txt
[17:08:00.376] [info] [t:96] [Fetch] Only fetch file stats since content is the same!
[17:08:00.376] [trace] [t:96] Calling InitCallbackList
[17:08:00.377] [trace] [t:96] Received completion queue callback
[17:08:00.377] [trace] [t:96] Handling async callback 
[17:08:00.377] [info] [t:96] SyncEngine: Fetching contention.txt
[17:08:00.380] [info] [t:96] [Fetch] Only fetch file stats since content is the same!
[17:08:00.380] [trace] [t:96] Calling InitCallbackList
[17:08:00.381] [trace] [t:96] Received completion queue callback
[17:08:00.381] [trace] [t:96] Handling async callback 
[17:08:00.381] [info] [t:96] SyncEngine: Fetching contention.txt
[17:08:00.382] [info] [t:96] [Fetch] Only fetch file stats since content is the same!
[17:08:00.383] [trace] [t:96] Calling InitCallbackList
qemu: uncaught target signal 11 (Segmentation fault) - core dumped
